Company,Current_Price_INR,PE_Ratio,Market_Cap_Crore,Quarterly_Profit_Growth_Percent,Quarterly_Sales_Growth_Percent,ROCE_Percent,Collection_Date
20 Microns,200.08,10.52,706.01,14.99,14.8,17.43,2026-06-26
21st Cent. Mgmt.,33.2,,34.86,-19.06,-27.89,-57.0,2026-06-26
360 ONE,1085.4,36.3,44141.59,15.68,35.91,12.13,2026-06-26
3B Blackbio,1159.7,16.99,995.33,13.81,57.47,25.48,2026-06-26
3B Films,16.58,22.32,41.07,36.76,-11.85,4.83,2026-06-26
3C IT Solutions,16.5,17.12,9.93,290.91,186.33,5.12,2026-06-26
3i Infotech,17.29,9.41,358.6,-72.97,-6.0,12.99,2026-06-26
3M India,33380.0,69.37,37619.26,159.73,16.78,50.05,2026-06-26
3P Land Hold.,31.64,26.12,56.95,13.51,10.99,2.38,2026-06-26
5paisa Capital,353.6,37.51,1657.76,7.85,19.85,9.93,2026-06-26
63 Moons Tech.,669.5,,3084.96,-138.76,881.22,-3.71,2026-06-26
7NR Retail Ltd,5.69,106.27,15.94,-124.62,-102.68,0.56,2026-06-26
7Seas Enter.,77.57,80.39,179.28,11.32,13.94,9.16,2026-06-26
A B B,6993.0,97.28,148187.53,-25.23,5.78,29.93,2026-06-26
A B Infrabuild,11.73,38.72,749.3,-14.16,16.98,16.06,2026-06-26
A B Lifestyle,97.57,56.94,11908.63,57.68,11.95,14.67,2026-06-26
A B M Internatl.,40.74,,38.33,196.57,-18.68,-8.5,2026-06-26
A B Real Estate,1346.7,,15042.06,-509.0,-79.07,-4.26,2026-06-26
A C J K Exports,127.34,12.77,1318.63,65.64,19.7,15.7,2026-06-26
A F Enterprises,1.69,,5.65,6.67,370.0,-2.24,2026-06-26
A G Universal,63.9,438.0,35.04,-180.39,32.4,5.13,2026-06-26
A-1,7.32,56.21,336.72,419.05,32.52,11.66,2026-06-26
A.K.Capital Serv,1800.4,10.77,1188.26,25.0,13.13,9.33,2026-06-26
A2Z Infra Engg.,13.82,17.71,245.34,521.74,28.87,13.78,2026-06-26
AA Plus Trade,1.05,56.76,25.54,-69.64,-73.81,1.55,2026-06-26
AAA Technologies,95.16,59.25,122.06,-135.0,-68.02,8.93,2026-06-26
Aadhar Hsg. Fin.,518.5,20.46,22675.93,26.99,18.25,11.38,2026-06-26
Aadi Industries,9.42,,9.42,-40.0,,-13.95,2026-06-26
Aakaar Medical,74.1,15.82,105.02,33.21,22.9,18.47,2026-06-26
Aakash Explor.,8.84,25.57,89.51,571.43,26.7,7.93,2026-06-26
Aanchal Ispat,110.52,23.16,46.79,338.0,10.9,41.26,2026-06-26
Aaradhya Dis.,80.0,18.63,113.1,68.75,22.48,16.9,2026-06-26
Aarcon Facilitie,15.08,149.83,8.99,87.5,-72.0,1.26,2026-06-26
Aarey Drugs,92.5,66.07,262.28,231.91,75.27,5.58,2026-06-26
Aarnav Fashions,24.49,11.06,103.44,229.59,45.11,7.63,2026-06-26
Aaron Industries,118.16,36.4,247.5,-15.64,13.36,18.53,2026-06-26
Aartech Solonics,52.29,47.47,166.13,116.0,72.36,15.86,2026-06-26
Aarti Drugs,372.7,17.45,3401.63,-12.2,6.43,11.9,2026-06-26
Aarti Industries,466.05,41.03,16904.88,42.71,13.13,6.85,2026-06-26
Aarti Pharma,690.7,35.42,6261.73,-30.81,3.35,10.7,2026-06-26
Aarti Surfactant,373.75,25.66,316.6,-56.89,26.84,8.53,2026-06-26
Aarvi Encon,143.1,11.85,212.42,46.78,19.25,14.44,2026-06-26
Aashka Hospitals,81.25,66.95,190.13,197.67,22.28,4.05,2026-06-26
AastamangalamFin,32.77,5.39,50.92,764.0,23.49,13.25,2026-06-26
Aastha Spintex,,25.55,600.33,,,22.78,2026-06-26
Aatmaj Health,20.0,63.66,45.2,-39.39,22.48,3.56,2026-06-26
AAVAS Financiers,1489.9,18.04,11813.09,18.21,12.33,9.92,2026-06-26
Aayush Art,1188.6,230.67,1820.01,382.69,257.34,18.86,2026-06-26
Aayush Wellness,27.14,32.86,132.09,-43.64,116.55,36.06,2026-06-26
AB Cotspin,225.22,37.3,494.66,4.26,22.67,9.96,2026-06-26
Aban Offshore,13.87,,80.95,110.69,-21.49,,2026-06-26
ABans Enterprise,26.39,46.48,184.07,-285.75,229.83,4.98,2026-06-26
Abans Financial,201.0,10.61,1021.88,-113.65,719.09,7.92,2026-06-26
Abate As Indust,9.99,12.8,157.45,146.22,140.88,6.7,2026-06-26
Abbott India,25585.0,35.03,54368.13,7.6,6.54,44.89,2026-06-26
ABC India,64.53,,34.96,-359.26,-7.02,-0.31,2026-06-26
Abha Power,26.9,20.33,50.0,-86.44,-22.72,7.01,2026-06-26
Abhinav Capital,108.55,29.02,75.17,23.33,0.0,4.21,2026-06-26
Abhinav Leasing,1.1,8.33,5.5,-28.0,-23.37,9.76,2026-06-26
Abhishek Finle.,56.96,375.29,26.27,-214.29,120.0,1.81,2026-06-26
Abhishek Integr.,36.0,27.1,21.68,-35.14,-4.03,10.71,2026-06-26
Abirami Fin.,32.5,34.41,17.55,18.18,,3.45,2026-06-26
ABM Knowledge,201.77,32.16,403.58,-35.04,11.16,7.51,2026-06-26
Abram Food,71.87,15.76,37.04,-54.2,159.11,13.48,2026-06-26
Abril Paper,38.1,20.27,30.41,-24.56,-2.31,12.28,2026-06-26
ABS Marine,239.95,7.36,589.08,154.86,83.46,20.98,2026-06-26
ACC,1337.9,11.84,25124.06,-62.87,16.87,11.25,2026-06-26
Accedere,78.99,53.41,38.99,3250.0,86.67,16.67,2026-06-26
Accel,13.41,11.71,78.02,477.05,-8.73,7.02,2026-06-26
AccelerateBS Ind,93.1,37.22,32.01,-106.67,-13.03,18.17,2026-06-26
Accelya Solution,1102.8,15.76,1646.07,-29.32,-0.47,53.61,2026-06-26
Accent Microcell,459.65,25.14,1102.66,55.36,51.34,24.88,2026-06-26
Accord Synergy,133.25,34.78,46.26,162.07,22.78,9.24,2026-06-26
Accord Transformer,57.0,26.06,117.27,-40.37,-26.39,14.5,2026-06-26
Accretion Nutraveda,258.8,36.96,187.37,56.4,80.09,27.56,2026-06-26
Accretion Pha.,149.15,17.15,165.8,13.63,18.24,28.89,2026-06-26
Accuracy Shippi.,5.59,21.47,84.16,166.23,-31.99,6.98,2026-06-26
ACE Alpha Tech,120.0,13.88,210.7,49.9,102.52,39.92,2026-06-26
Ace Engitech,128.0,,10.99,0.0,,,2026-06-26
Ace Integrated,20.86,,21.28,75.36,-93.75,-6.79,2026-06-26
Ace Men,97.45,786.56,125.85,,,,2026-06-26
Ace Soft. Exp.,110.8,36.87,161.11,-119.38,7.24,5.83,2026-06-26
Acetech E-Commerce,121.0,19.28,198.24,100.89,6.81,33.55,2026-06-26
Achyut Healthcar,7.96,600.38,192.12,-50.0,377.17,1.23,2026-06-26
ACI Infocom,1.26,,13.92,318.18,-100.0,-11.14,2026-06-26
Acknit Indus.,285.15,10.6,86.69,14.24,2.15,9.5,2026-06-26
Acme Resources,29.52,53.52,76.0,519.64,-64.56,1.7,2026-06-26
ACME Solar Hold.,357.2,50.81,25249.55,0.86,12.52,8.89,2026-06-26
Acrow India,906.0,134.84,57.98,92.59,-67.59,2.65,2026-06-26
ACS Tech,44.83,34.21,272.31,16.67,196.24,10.28,2026-06-26
Action Const.Eq.,988.1,28.35,11766.61,-6.45,7.13,31.7,2026-06-26
Active Clothing,119.5,18.44,185.37,-0.61,6.39,10.61,2026-06-26
Active Infra.,178.5,26.2,268.02,8.51,2.59,9.53,2026-06-26
Acutaas Chemical,3300.0,75.84,27017.47,110.88,40.28,31.56,2026-06-26
AD Manum Finance,63.0,4.43,47.25,75.0,37.69,14.92,2026-06-26
Adani Energy Sol,1507.8,80.8,181129.4,5.66,16.76,9.65,2026-06-26
Adani Enterp.,3038.0,,395214.95,-121.16,20.3,5.8,2026-06-26
Adani Green,1526.1,137.32,251375.55,55.75,13.96,7.39,2026-06-26
Adani Ports,1796.0,31.92,413791.05,11.43,26.5,14.12,2026-06-26
Adani Power,229.27,34.61,442140.2,52.34,-0.1,17.22,2026-06-26
Adani Total Gas,719.8,124.97,79164.33,4.32,15.92,15.09,2026-06-26
Adarsh Plant,29.78,,29.51,104.69,-27.83,5.97,2026-06-26
ADC India,2464.75,59.89,1133.79,18.98,33.89,31.44,2026-06-26
Adcon Capital,0.57,,11.31,-662.26,163.1,-3.15,2026-06-26
Adcounty Media.,101.95,11.44,229.4,61.11,33.25,37.04,2026-06-26
Add-Shop E-Reta.,7.07,19.07,20.02,0.0,14.6,1.96,2026-06-26
Addi Industries,88.95,40.69,96.04,-57.83,,4.37,2026-06-26
Addictive Learn,42.95,,68.33,-205.92,-12.74,-0.11,2026-06-26
Adeshwar Meditex,13.0,14.89,18.76,-60.45,-30.44,5.21,2026-06-26
ADF Foods,300.5,34.85,3301.4,57.6,23.68,22.82,2026-06-26
Adhata Global,34.5,,16.27,-263.04,-90.08,-29.8,2026-06-26
Adhbhut Infra.,14.05,,15.46,-66.67,0.0,,2026-06-26
Adinath Textiles,21.72,295.8,14.79,-80.0,,1.33,2026-06-26
Adisoft Technol.,190.0,13.52,310.04,84.0,46.4,38.0,2026-06-26
Adit.Birla Money,140.87,13.09,796.05,100.75,30.5,9.86,2026-06-26
Aditya AMC,1141.2,33.77,33003.9,-17.96,6.85,32.24,2026-06-26
Aditya Bir. Fas.,60.12,,7337.71,-13.52,15.74,-3.07,2026-06-26
Aditya Birla Cap,390.8,28.1,106852.78,29.46,10.19,8.72,2026-06-26
Aditya Consumer,33.31,,48.75,102.6,-6.12,-6.4,2026-06-26
Aditya Infotech,3558.5,113.97,41937.1,207.73,45.49,29.61,2026-06-26
Aditya Ispat,9.9,,5.3,-796.49,14.69,-36.24,2026-06-26
Aditya Spinners,16.13,87.1,27.0,800.0,-1.87,0.49,2026-06-26
Aditya Ultra,21.4,13.22,53.15,-17.19,-18.99,7.36,2026-06-26
Aditya Vision,660.5,72.25,8529.57,35.98,28.42,16.97,2026-06-26
Adjia Tech,61.82,,5.44,-150.0,-100.0,-7.11,2026-06-26
Admach Systems,300.1,20.3,203.25,30.97,26.99,25.04,2026-06-26
Adon Agro,,22.49,162.59,,,69.51,2026-06-26
Ador Welding,1229.3,24.13,2139.33,53.77,3.24,22.45,2026-06-26
Adroit Info.,8.82,14.48,47.78,117.8,25.67,6.54,2026-06-26
Adtech Systems,58.16,20.26,69.29,-43.68,33.56,9.31,2026-06-26
Advait Energy,2274.7,48.13,2489.21,55.55,18.04,27.91,2026-06-26
Advance Agrolife,110.13,20.07,707.98,421.68,37.9,19.28,2026-06-26
Advance Lifes.,30.54,4.24,19.01,1403.7,,9.94,2026-06-26
Advance Meter.,20.33,,32.65,11.69,-25.62,-8.22,2026-06-26
Advance Petroch.,232.15,696.33,20.89,-7.41,3.83,7.25,2026-06-26
Advance Syntex,5.17,,5.74,0.0,,-5.26,2026-06-26
Advanced Enzyme,348.35,24.31,3900.69,61.91,21.65,13.89,2026-06-26
Advani Hotels.,53.24,20.05,492.14,3.4,5.97,10.86,2026-06-26
Advent Hotels,144.57,16.07,779.85,-62.31,6.8,6.78,2026-06-26
Advik Capital,1.29,,78.5,-383.95,-122.11,8.42,2026-06-26
Advit Jewels,,24.92,632.18,,,39.08,2026-06-26
Aegis Logistics,1140.65,44.58,40036.82,45.69,52.16,13.58,2026-06-26
Aegis Vopak Term,233.19,83.22,25837.25,17.55,22.23,7.33,2026-06-26
Aelea Commoditi.,155.25,14.83,316.23,583.14,120.14,20.91,2026-06-26
Aeonx Digital,105.8,,48.67,-159.4,72.91,0.46,2026-06-26
Aequs,228.95,,15354.89,-739.04,47.26,1.55,2026-06-26
Aeroflex,466.65,111.21,6175.22,57.08,37.25,18.77,2026-06-26
Aeroflex Enter.,137.6,24.02,1556.05,120.59,24.09,12.58,2026-06-26
Aeroflex Neu,90.01,133.6,232.19,-361.11,0.5,4.56,2026-06-26
Aeron Composites,77.95,14.97,132.67,-75.83,-5.14,9.77,2026-06-26
Aerpace Indus,32.31,,497.12,-192.75,,-21.52,2026-06-26
Aesthetik Engi.,74.0,17.87,127.43,-26.72,99.11,17.64,2026-06-26
Aether Industri.,1325.1,77.73,17585.8,4.78,27.03,11.92,2026-06-26
Afcom Holdings,1238.0,29.15,3552.89,72.83,89.59,33.49,2026-06-26
Afcons Infrastr.,319.35,40.74,11745.2,-179.69,-18.91,13.63,2026-06-26
Affle 3i,1449.7,44.87,20411.25,15.95,20.28,16.84,2026-06-26
Affordable Robo.,169.49,28.82,200.86,107.83,-39.67,8.8,2026-06-26
AFLOAT Enterpris,11.61,,14.58,-71.19,-86.89,0.0,2026-06-26
AG Ventures,123.4,24.32,123.28,-103.41,-9.38,2.38,2026-06-26
Agarwal Float,39.6,19.51,28.68,-98.08,-32.16,10.06,2026-06-26
Agarwal Fortune,19.2,110.0,6.6,-90.0,-81.97,11.21,2026-06-26
Agarwal Indl.,546.2,18.75,816.99,-48.43,-50.77,7.92,2026-06-26
Agarwal Toughene,125.9,10.3,222.52,-12.14,48.52,22.97,2026-06-26
AGI Greenpac,688.7,12.52,4455.71,19.66,5.33,19.6,2026-06-26
AGI Infra,370.25,48.79,4628.03,69.57,5.81,20.11,2026-06-26
Agio Paper,3.7,,5.97,-2.56,,-201.55,2026-06-26
Agni Green,18.8,26.42,36.73,136.17,-13.36,8.97,2026-06-26
Agri-Tech India,115.07,,68.35,3.85,33.33,-1.11,2026-06-26
Agribio Spirits,298.1,80.51,324.46,36.36,174.95,5.52,2026-06-26
Agro Phos India,30.32,8.72,61.47,-123.93,7.04,15.05,2026-06-26
AGS Transact,2.69,,34.55,-1163.07,-43.92,1.26,2026-06-26
Ahasolar Technol,76.0,111.57,23.43,-83.42,59.48,2.87,2026-06-26
Ahlada Engineers,39.69,284.89,51.28,-207.22,-33.15,2.69,2026-06-26
Ahluwalia Contr.,848.1,21.37,5681.21,-1.57,8.76,20.45,2026-06-26
Ahm. Steelcraft,165.35,13.39,249.55,-8.02,-20.34,22.23,2026-06-26
AI Champ.Inds.,37.69,65.12,115.91,223.12,114.47,9.19,2026-06-26
AIA Engineering,4829.9,35.41,45072.81,37.88,9.44,21.09,2026-06-26
Aik Pipes & Poly,22.77,161.0,14.49,1085.71,-18.09,2.94,2026-06-26
Aimco Pesticides,55.79,,54.58,19.22,-41.91,-33.65,2026-06-26
Aimtron,1273.65,57.1,2624.89,77.79,75.94,27.65,2026-06-26
Aion-Tech Soluti,51.88,,271.13,-54.79,44.86,-1.71,2026-06-26
Airan,16.16,16.59,202.03,114.2,13.4,10.16,2026-06-26
Airfloa Rail,326.85,20.01,783.46,68.77,113.54,25.87,2026-06-26
Airo Lam,95.68,26.05,143.54,-88.57,3.12,9.75,2026-06-26
Ajanta Pharma,3180.4,35.21,39734.53,18.4,21.47,34.51,2026-06-26
Ajanta Soya,21.98,21.11,176.9,-123.71,-13.25,9.57,2026-06-26
Ajax Engineering,533.25,26.82,6100.74,4.41,0.25,23.86,2026-06-26
AJC Jewel,97.01,7.34,58.87,,,22.28,2026-06-26
Ajcon Global,6.2,164.87,37.92,35.06,489.29,3.01,2026-06-26
Ajmera Realty,131.47,17.27,2587.27,119.94,184.78,14.28,2026-06-26
Ajooni Biotech,3.69,14.71,63.56,-38.31,107.11,6.49,2026-06-26
Ajwa Fun World,35.25,,22.52,-108.11,-75.23,-0.94,2026-06-26
Akanksha Power,86.25,29.12,168.88,56.96,66.86,11.0,2026-06-26
Akar Auto Indust,91.0,82.5,98.17,-140.32,-15.61,12.41,2026-06-26
Akash InfraProj.,26.48,50.17,44.65,-59.41,85.86,3.81,2026-06-26
AKG Exim,10.62,93.75,33.75,-74.07,-44.55,1.99,2026-06-26
AKI India,4.77,25.51,49.23,16.92,52.29,4.67,2026-06-26
Akiko,283.0,19.88,304.78,2.6,48.11,37.12,2026-06-26
Akme Fintrade,10.38,10.47,442.97,62.52,45.54,13.87,2026-06-26
Aksh Optifibre,7.27,,118.28,70.57,23.8,-6.63,2026-06-26
Akshar Spintex,0.44,,34.65,65.79,12.49,-8.54,2026-06-26
AksharChem (I),239.58,,192.46,248.2,16.59,0.19,2026-06-26
Akums Drugs,609.35,35.71,9590.8,-39.44,9.69,14.94,2026-06-26
Alacrity Sec.,68.6,51.54,320.09,-7.77,48.26,9.2,2026-06-26
Alan Scott Ente.,350.9,,200.63,-45.45,-1.35,-14.14,2026-06-26
Alankit,8.33,11.83,225.87,-66.59,-1.07,7.44,2026-06-26
Albert David,708.5,,404.55,-107.45,14.65,0.77,2026-06-26
Alchemist Corp.,31.95,,15.69,714.29,,-6.64,2026-06-26
Alcokraft Dist.,72.0,8.23,73.8,,,,2026-06-26
Alembic,91.54,7.41,2350.58,-1.93,-0.38,6.28,2026-06-26
Alembic Pharma,771.5,20.79,15164.85,40.82,4.41,12.62,2026-06-26
Alexander Stamps,7.88,,7.34,75.0,-50.0,-0.06,2026-06-26
Alfa Ica (I),79.0,16.8,31.92,-48.15,27.15,10.79,2026-06-26
Alfa Transformer,44.8,,40.99,150.0,-5.28,-0.31,2026-06-26
Alfavision Overs,9.13,205.57,28.78,262.5,,0.08,2026-06-26
Alfred Herbert,2850.0,6.17,219.45,7525.0,608.57,11.7,2026-06-26
Algoquant Fin,56.79,48.76,1596.34,1398.11,43.35,31.43,2026-06-26
Alicon Cast.,645.05,26.99,1058.65,-15.8,16.58,10.04,2026-06-26
Alivus Life,1108.3,23.3,13603.21,14.65,6.09,24.98,2026-06-26
Alkali Metals,84.21,153.12,85.75,-6.51,15.52,8.69,2026-06-26
Alkem Lab,5425.0,26.63,64864.01,2.04,14.62,21.23,2026-06-26
Alkosign,54.5,46.68,58.82,-180.0,-25.89,4.71,2026-06-26
Alkyl Amines,1788.7,50.8,9148.52,-1.41,0.22,16.64,2026-06-26
All E Tech,140.5,10.61,283.73,-37.74,-0.52,22.22,2026-06-26
All Time Plastic,234.52,39.56,1536.29,-2.89,-1.69,11.57,2026-06-26
Allcargo Logist.,8.15,244.14,1220.69,-66.67,0.19,2.05,2026-06-26
Allcargo Termi,24.21,14.44,646.54,485.92,11.89,11.64,2026-06-26
Alldigi Tech,802.9,13.81,1223.49,64.17,5.87,30.34,2026-06-26
Alliance Integ.,3.12,,123.22,-42.8,-38.39,,2026-06-26
Allied Blenders,622.3,75.98,17406.36,-48.05,9.37,18.38,2026-06-26
Allied Digital,128.25,20.18,725.49,55.32,31.03,7.32,2026-06-26
Almondz Global,13.03,7.93,227.89,-15.77,5.76,11.74,2026-06-26
Alok Industries,12.83,,6370.4,-14.31,3.15,-3.25,2026-06-26
Alpa Laboratorie,68.5,9.6,144.13,165.09,-21.34,9.42,2026-06-26
Alpex Solar,922.55,11.66,2356.47,50.27,105.25,43.53,2026-06-26
Alphageo (India),198.81,,126.54,18.25,-30.14,-6.96,2026-06-26
Alphalogic Indu,146.5,27.69,149.27,157.8,-11.81,28.55,2026-06-26
Alphalogic Tech.,44.97,56.42,281.56,-4.67,-12.84,12.54,2026-06-26
Alpine Housing,94.96,27.19,164.49,10.83,35.62,9.18,2026-06-26
Altius Telecom,168.48,45.99,51342.6,85.4,1.38,8.66,2026-06-26
Alufluoride,456.2,14.2,356.77,211.33,-4.46,24.25,2026-06-26
Aluwind Infra,49.35,11.66,122.62,-7.0,14.66,17.63,2026-06-26
Amagi Media Labs,514.05,155.17,11120.9,423.21,28.51,8.0,2026-06-26
Amal,585.05,32.32,723.28,-71.98,94.4,26.05,2026-06-26
Amalgamated Elec,100.0,,27.77,,,,2026-06-26
Amanaya Ventures,16.0,28.48,5.98,100.0,248.75,5.54,2026-06-26
Amanta Healthcar,160.68,37.95,623.91,-7.21,6.84,11.63,2026-06-26
Amara Raja Ener.,834.8,19.64,15278.96,12.37,16.34,13.46,2026-06-26
Amarjothi Spg.,165.55,11.74,111.75,14.67,66.28,8.64,2026-06-26
Amba Auto Sales,85.8,11.21,157.22,,,32.46,2026-06-26
Amba Enterprises,126.2,19.56,159.78,13.76,20.09,22.1,2026-06-26
Ambalal Sarabhai,31.64,13.06,242.47,13.44,1.05,11.54,2026-06-26
Ambani Orgochem,119.95,67.55,91.87,190.0,18.87,10.48,2026-06-26
Ambar Protein,184.25,15.07,105.94,-0.81,14.86,17.78,2026-06-26
Ambassador Intra,29.5,,6.17,,,4.07,2026-06-26
Amber Enterp.,7659.0,136.42,27011.58,-19.47,10.49,10.25,2026-06-26
Ambica Agarbat.,24.55,12.22,42.17,142.27,-28.28,8.15,2026-06-26
Ambika Cotton,1724.8,13.8,987.45,54.67,57.85,11.41,2026-06-26
Ambitious Plasto,9.8,37.93,5.69,-33.33,-20.52,67.92,2026-06-26
Ambo Agritec,13.83,50.83,27.45,-1333.33,1.03,5.16,2026-06-26
Ambuja Cements,423.75,21.07,105294.13,102.92,9.37,5.61,2026-06-26
Amco India,62.86,78.3,25.84,-85.71,18.77,3.11,2026-06-26
AMD Industries,45.22,,86.67,3150.0,20.0,1.43,2026-06-26
Ameenji Rubber,133.0,23.66,150.02,,,19.61,2026-06-26
Amerise BioScie,0.82,271.0,5.42,-45.45,-57.89,0.37,2026-06-26
Ameya Precision,106.0,14.22,79.5,10.16,1.68,25.31,2026-06-26
Amforge Inds.,7.26,,10.45,-328.57,,-1.12,2026-06-26
Amiable Logistic,84.95,15.47,14.85,370.0,14.46,12.81,2026-06-26
Amic Forging,1806.35,73.79,2086.12,23.69,30.44,23.46,2026-06-26
Amin Tannery,1.62,79.5,17.49,-63.64,-36.28,5.28,2026-06-26
Amines & Plast.,191.76,28.88,1055.06,19.83,-6.44,16.73,2026-06-26
Amit Securities,54.6,71.8,38.77,-148.94,-10.39,0.93,2026-06-26
AMJ Land Holdin.,38.66,10.72,158.51,-50.29,-39.88,10.06,2026-06-26
Amkay Products,52.35,19.61,45.31,-77.48,-7.45,12.77,2026-06-26
Ampvolts,30.7,50.92,78.93,-89.17,1112.9,5.62,2026-06-26
Amrapali Capital,41.55,8.36,40.64,328.16,17669.79,9.02,2026-06-26
Amrapali Fincap,27.66,47.67,37.18,1275.0,-35.97,0.41,2026-06-26
Amrapali Inds.,35.75,14.6,183.79,771.29,453.79,20.56,2026-06-26
Amraworld Agrico,0.55,,6.62,97.37,,-9.96,2026-06-26
Amrutanjan Healt,537.3,24.08,1553.37,45.26,10.6,24.82,2026-06-26
AMS Polymers,44.1,18.43,14.56,-41.18,1.35,10.38,2026-06-26
Amwill Health,44.5,7.8,89.02,79.33,39.36,20.51,2026-06-26
Anand Rathi Shar,541.15,25.88,3410.67,125.15,28.25,19.82,2026-06-26
Anand Rathi Wea.,1932.5,81.98,32087.48,41.14,29.98,57.47,2026-06-26
Anand Rayons,53.03,15.7,113.86,13.33,37.57,10.41,2026-06-26
Anant Raj,522.55,33.89,18805.37,23.57,19.64,12.07,2026-06-26
Anantam Highways,105.94,11.79,2304.2,405840.0,,,2026-06-26
ANB Metal,478.65,26.4,566.47,199.54,115.08,29.63,2026-06-26
Andhra Cements,52.34,,482.43,211.16,73.07,-6.01,2026-06-26
Andhra Paper,63.61,67.93,1264.89,-1.66,29.38,1.98,2026-06-26
Andhra Petrochem,44.79,,380.59,137.38,-44.71,-1.62,2026-06-26
Andhra Sugars,80.42,10.93,1089.98,-14.19,27.39,8.48,2026-06-26
Andrew Yule & Co,28.16,,1376.89,-2751.4,-5.86,-6.25,2026-06-26
ANG Lifesciences,42.83,,55.93,33.01,39.71,-3.64,2026-06-26
Angel Fibers,12.0,23.44,30.0,-125.14,1.23,10.25,2026-06-26
Angel One,335.25,33.46,30620.04,83.5,38.2,14.77,2026-06-26
ANI Integrated,52.8,11.45,61.71,-81.57,8.64,8.23,2026-06-26
Anik Industries,45.6,,126.54,-609.3,-83.5,0.3,2026-06-26
Anirit Ventures,54.12,,32.47,-33.67,-100.0,-28.3,2026-06-26
Anjani Finance,9.95,63.06,10.09,-60.0,120.0,1.45,2026-06-26
Anjani Foods,17.05,48.62,47.65,72.22,5.89,10.86,2026-06-26
Anjani Portland,109.68,,322.18,93.15,-10.68,0.12,2026-06-26
Anjani Synth.,23.16,9.01,34.16,136.36,17.56,5.99,2026-06-26
Anka India,23.77,,122.52,-2450.0,-50.74,0.42,2026-06-26
Ankit Met.Power,1.45,,20.46,-76.27,-25.51,-34.2,2026-06-26
Anlon Healthcare,16.29,31.13,865.84,-41.2,13.26,22.38,2026-06-26
Anlon Tech,692.7,31.22,433.31,114.47,107.06,27.08,2026-06-26
Anmol India,11.16,5.62,63.52,56.88,-1.82,8.79,2026-06-26
Anna Infrastruct,32.0,16.21,12.16,-188.89,-96.85,9.15,2026-06-26
Annapurna Swadi.,129.65,9.27,282.9,100.19,32.51,12.63,2026-06-26
Annvrridhhi Ven,9.89,40.89,29.44,138.71,118.81,5.83,2026-06-26
Anondita Medi.,1177.15,63.65,2129.07,85.87,82.76,43.6,2026-06-26
ANS Industries,11.73,4.76,10.86,2790.0,,-11.43,2026-06-26
Ansal Buildwell,86.14,78.48,63.57,-133.33,-13.8,4.4,2026-06-26
Ansal Housing,6.73,,46.86,-3235.8,-37.64,-5.05,2026-06-26
Ansal Properties,3.85,,60.6,-121.82,-92.08,,2026-06-26
Antarctica,0.81,6.41,12.56,-62.71,25.86,-1.59,2026-06-26
Antelopus Selan,808.1,31.71,2841.47,157.65,65.28,21.22,2026-06-26
Anthem Bioscienc,761.7,70.44,42898.57,128.88,26.44,30.45,2026-06-26
Antony Waste han,472.0,17.76,1339.81,48.9,17.77,11.16,2026-06-26
Anubhav Plast,,14.52,88.0,,,27.59,2026-06-26
Anuh Pharma,78.2,19.09,783.75,-6.26,2.01,15.87,2026-06-26
Anupam Finserv,1.97,19.17,37.38,1450.0,48.86,8.16,2026-06-26
Anupam Rasayan,1275.1,85.33,14516.8,-4.31,27.12,7.36,2026-06-26
Anuroop Packagin,12.08,4.38,13.35,-79.2,-40.84,11.15,2026-06-26
Anya Polytech &,16.75,23.93,201.0,1312.5,31.68,10.18,2026-06-26
Anzen IYEP Trust,128.0,2846.26,3273.2,147.43,101.95,3.34,2026-06-26
Apar Inds.,16022.0,64.29,64367.16,3.66,26.74,31.12,2026-06-26
Apcotex Industri,511.85,26.45,2653.68,107.28,13.79,19.8,2026-06-26
Apeejay Surrend.,122.23,39.03,2608.07,-54.63,3.6,9.43,2026-06-26
Apex Ecotech,254.0,19.68,334.9,106.13,135.7,41.17,2026-06-26
Apex Frozen Food,407.8,32.8,1274.38,297.45,-14.95,10.45,2026-06-26
Apis India,60.81,33.08,837.67,27.31,8.57,14.59,2026-06-26
APL Apollo Tubes,1793.5,41.39,49798.03,20.89,13.81,31.64,2026-06-26
Aplab,99.05,85.82,216.27,-110.23,-40.03,14.86,2026-06-26
APM Industries,55.13,,119.14,-610.45,11.42,1.08,2026-06-26
Apollo Finvest,342.55,22.31,127.86,2.88,-27.81,11.57,2026-06-26
Apollo Hospitals,8592.0,63.17,123539.78,35.86,18.12,17.89,2026-06-26
Apollo Ingredie.,84.04,123.1,87.4,-56.25,46.38,22.86,2026-06-26
Apollo Micro Sys,384.4,126.5,14284.29,168.71,81.28,14.47,2026-06-26
Apollo Pipes,481.7,283.28,2121.8,-89.88,10.24,2.1,2026-06-26
Apollo Sindoori,1275.9,28.24,331.79,-7.41,32.08,10.93,2026-06-26
Apollo Techno,82.0,10.16,112.25,-15.74,24.23,19.27,2026-06-26
Apollo Tyres,430.65,13.2,27350.62,254.71,14.2,13.82,2026-06-26
Apoorva Leasing,31.8,198.5,63.52,120.69,305.71,0.23,2026-06-26
Aprameya Enginee,151.0,57.04,287.5,-109.64,-90.03,12.64,2026-06-26
Apsis Aerocom,317.3,50.92,382.41,41.81,78.47,31.78,2026-06-26
Apt Packaging,69.95,51.33,82.64,1650.0,49.44,9.74,2026-06-26
Aptech,105.63,24.26,612.68,-63.97,-6.48,15.34,2026-06-26
Aptus Pharma,235.15,87.29,403.28,60.34,117.57,29.97,2026-06-26
Aptus Value Hou.,265.1,14.08,13274.69,26.04,18.66,15.4,2026-06-26
Aqylon Nexus,39.55,,1003.5,-3183.33,179.14,131.18,2026-06-26
Arabian Petrol.,64.0,6.19,69.71,3.37,36.98,18.41,2026-06-26
Aravali Sec,4.45,,6.74,55.56,,4.49,2026-06-26
ARC Finance,0.54,65.36,47.06,114.12,54.52,1.28,2026-06-26
ARC Insulation,40.0,22.15,41.19,,,6.5,2026-06-26
Arcee Industries,16.77,,8.62,-100.0,,-13.18,2026-06-26
Archean Chemical,522.5,62.65,6450.7,-74.93,-12.92,7.41,2026-06-26
Archidply Decor,68.2,253.07,37.96,600.0,-17.32,2.7,2026-06-26
Archidply Inds.,80.14,17.93,159.2,3250.0,10.7,10.2,2026-06-26
Archies,14.29,,48.27,-288.18,-44.02,-0.53,2026-06-26
Archit Organosys,58.36,14.91,119.76,0.0,-15.47,13.41,2026-06-26
ARCL Organics,193.1,28.82,154.48,-50.18,-9.59,17.05,2026-06-26
Arex Industries,115.0,27.97,41.39,-111.54,-2.06,7.75,2026-06-26
Arfin India,89.81,111.42,1515.3,957.41,24.99,13.97,2026-06-26
Arham Tech,140.0,25.03,305.37,35.99,94.77,19.95,2026-06-26
Aries Agro,339.3,10.3,441.24,-19.78,44.63,21.2,2026-06-26
Arigato Universe,48.45,13.01,29.54,1270.0,25.64,20.4,2026-06-26
Arih.Found.Hsg.,844.05,14.26,841.15,-62.6,118.88,17.47,2026-06-26
Arihant Academy,469.0,31.17,283.99,249.47,75.59,42.67,2026-06-26
Arihant Capital,69.53,24.01,762.14,-96.23,5.83,11.0,2026-06-26
Arihant Super.,254.6,23.92,1101.14,5.68,18.5,10.55,2026-06-26
Arihant's Secur.,18.54,40.3,9.27,78.36,80.21,0.83,2026-06-26
Aris Interna.,398.15,,59.72,-600.0,-100.0,-39.19,2026-06-26
Arisinfra Solu.,114.24,17.17,934.41,1332.3,55.26,15.57,2026-06-26
Aristo Bio-Tech,99.7,9.45,67.87,714.29,3.18,19.54,2026-06-26
Aritas Vinyl,13.98,5.79,27.52,-13.43,3.13,11.65,2026-06-26
Arkade,123.12,12.43,2285.89,118.04,49.55,19.29,2026-06-26
Arman Financial,1668.0,30.98,1753.86,221.39,-11.92,11.74,2026-06-26
Arman Holdings,108.95,59.76,56.77,392.31,-51.23,18.65,2026-06-26
Armour Security,20.7,6.58,34.92,61.74,48.75,22.83,2026-06-26
Arnold Holdings,13.38,7.2,31.81,53.12,0.75,9.37,2026-06-26
Aro Granite Inds,25.71,,39.34,-32150.0,-57.03,1.04,2026-06-26
Arrow Greentech,588.8,18.76,888.38,-35.31,-27.07,30.45,2026-06-26
Arrowhead Sepera,70.0,77.06,13.1,90.0,20.13,3.45,2026-06-26
Arshiya,1.05,,27.66,-101.15,0.0,,2026-06-26
Art Nirman Ltd,42.09,202.0,105.04,-88.31,152.02,5.85,2026-06-26
Artefact Project,55.47,7.67,40.35,-84.63,12.48,10.22,2026-06-26
Artemis Electri.,16.19,45.87,406.43,-18.64,8.7,12.97,2026-06-26
Artemis Medicare,261.1,39.09,4133.38,27.37,16.61,14.53,2026-06-26
Artificial Elect,103.95,7.82,287.63,2149.06,1019.46,,2026-06-26
Artson,172.15,,635.58,460.0,-24.4,-14.6,2026-06-26
Aruna Hotels,7.26,30.38,24.61,-62.75,1.96,12.36,2026-06-26
Arunaya Organics,16.0,7.54,28.06,-8.21,-10.68,15.24,2026-06-26
Arunjyoti Bio,5.65,,105.31,-33.67,37.12,-0.64,2026-06-26
Arvee Laborat.,165.04,71.89,181.87,642.86,67.44,7.92,2026-06-26
Arvind Fashions.,469.25,46.67,6270.27,147.37,14.78,18.92,2026-06-26
Arvind Ltd,547.25,33.68,14345.65,2.75,14.97,13.84,2026-06-26
Arvind Port &,30.15,43.24,51.45,-84.84,-36.25,2.64,2026-06-26
Arvind SmartSp.,600.35,28.55,2753.62,120.99,-4.72,12.9,2026-06-26
Aryaman Capital,409.5,17.65,490.46,-18.8,-70.08,31.88,2026-06-26
Aryaman Fin.Serv,595.5,24.66,729.31,-45.16,-73.43,22.11,2026-06-26
Aryan Share,20.5,3.38,6.15,-242.86,-33.33,10.36,2026-06-26
Aryavan Enterprise,48.98,10.12,34.1,83.61,79.58,14.86,2026-06-26
Asahi India Glas,898.9,64.82,22915.41,43.17,14.77,11.76,2026-06-26
Asahi Songwon,255.96,16.07,301.71,42.28,-5.7,8.49,2026-06-26
Asarfi Hospital,228.1,26.28,448.84,6.79,28.29,18.77,2026-06-26
Ascensive Educa.,19.75,22.99,80.68,-36.68,37.6,24.52,2026-06-26
Ascom Leasing &,269.0,59.91,315.11,2.79,-3.36,13.21,2026-06-26
Asgard Alcobev,34.1,599.94,1062.33,73.4,78.28,7.36,2026-06-26
Ashapura Logi.,54.7,8.22,74.15,-55.81,11.57,9.63,2026-06-26
Ashapura Minech.,671.3,15.81,6412.67,28.03,254.55,20.72,2026-06-26
Ashapuri Gold,4.08,7.33,135.99,68.75,-15.67,15.97,2026-06-26
Ashiana Agro Ind,12.06,111.0,5.55,0.0,15.79,2.69,2026-06-26
Ashiana Housing,385.05,32.83,3870.71,3.15,48.14,14.45,2026-06-26
Ashiana Ispat,17.32,,13.8,198.55,6125900.0,-9.02,2026-06-26
Ashika Credit,385.6,47.16,2842.86,24.89,13.99,13.33,2026-06-26
Ashima,15.2,,291.32,-95.98,755.41,0.23,2026-06-26
Ashirwad Cap.,2.72,23.54,24.48,28.57,5.56,6.7,2026-06-26
Ashirwad Steels,23.7,14.67,29.63,-36.11,-2.41,3.25,2026-06-26
Ashish Polyplast,28.52,74.62,9.7,15.0,10.66,3.53,2026-06-26
Ashnisha Indus.,3.45,365.88,91.47,-90.0,429.81,0.25,2026-06-26
Ashnoor Textile,39.2,7.36,62.45,-3.29,-37.38,9.94,2026-06-26
Ashok Leyland,160.68,25.36,94381.09,9.51,17.36,13.82,2026-06-26
Ashoka Buildcon,131.03,4.57,3678.32,-64.65,-27.47,26.52,2026-06-26
Ashoka Metcast,15.23,3.52,38.07,311.11,59.48,9.39,2026-06-26
Ashoka Refinerie,14.74,,5.01,20.0,,-6.0,2026-06-26
Ashram Online,6.31,,7.57,-200.0,27.27,0.84,2026-06-26
Ashtasidhhi Ind,17.99,168.88,13.51,-200.0,260.0,1.65,2026-06-26
Ashwini Contain.,174.05,17.02,261.08,81.5,20.36,24.08,2026-06-26
Asi Industries,25.34,10.06,228.25,-37.68,1.78,9.02,2026-06-26
Asia Capital,63.52,140.29,19.64,-80.0,80.0,3.02,2026-06-26
Asia Pack,46.1,52.87,12.16,-115.79,-66.67,1.28,2026-06-26
Asian Energy,368.3,31.01,1790.34,50.57,56.99,16.51,2026-06-26
Asian Granito,54.36,77.22,1611.64,-739.21,4.61,3.12,2026-06-26
Asian Hotels (E),149.25,107.09,258.08,21.33,13.46,11.76,2026-06-26
Asian Hotels (N),296.35,466.21,1263.44,564.07,12.46,3.45,2026-06-26
Asian Hotels (W),596.6,8.52,695.11,2253.96,5.86,19.66,2026-06-26
Asian Paints,2645.2,57.12,253727.0,43.83,10.62,26.34,2026-06-26
Asian Petroprod.,9.17,18.61,22.52,5300.0,-68.24,11.52,2026-06-26
Asian Star Co.,644.15,25.51,1031.08,91.07,-12.68,3.56,2026-06-26
Asian Tea & Exp,8.99,39.33,22.42,68.7,1.17,2.04,2026-06-26
Asian Warehous.,35.0,53.09,12.21,,-65.25,2.59,2026-06-26
Asit C Mehta Fin,123.4,,101.76,-44.86,-50.12,5.79,2026-06-26
ASK Automotive,464.8,30.82,9163.19,24.18,35.01,25.49,2026-06-26
ASM Technologies,3918.75,92.32,5716.15,4.95,18.0,27.56,2026-06-26
Aspinwall & Co,243.26,21.13,190.19,165.93,46.06,6.35,2026-06-26
Aspira Pathlab,131.25,2702.0,135.1,-195.83,12.8,2.84,2026-06-26
Aspire & Innovat,14.55,8.62,22.08,-4.05,73.83,6.91,2026-06-26
Assam Entrade,601.0,43.92,86.53,-154.17,3.5,5.13,2026-06-26
Assoc.Alcohols,860.2,19.52,1727.21,5.28,-1.64,17.98,2026-06-26
Associated Cera.,179.8,17.67,36.76,-176.0,-17.92,9.83,2026-06-26
Associated Coat.,97.9,11.51,13.24,-11.59,37.97,20.27,2026-06-26
Asston Pharmaceu,81.0,17.82,68.95,-75.38,10.8,16.8,2026-06-26
Astal Lab,88.19,26.26,386.26,180.29,471.15,9.13,2026-06-26
Astec Lifescienc,725.45,,1616.51,51.77,32.7,-5.45,2026-06-26
Aster DM Health.,769.05,97.62,39846.1,41.97,18.2,11.4,2026-06-26
Astonea Labs,262.6,61.07,276.02,,,10.33,2026-06-26
Astra Microwave,1721.7,84.71,16346.68,44.21,19.71,20.25,2026-06-26
Astral,1486.9,72.46,39945.59,21.24,24.21,19.86,2026-06-26
Astrazeneca Phar,8391.0,109.59,20977.5,-26.63,20.42,29.27,2026-06-26
Astron,17.16,4.28,14.76,-4.12,75.83,21.61,2026-06-26
Astron Paper,3.9,,18.14,46.07,-92.05,-6.12,2026-06-26
Atal Realtech,31.06,58.86,382.03,528.57,37.79,10.66,2026-06-26
Atam Valves,70.02,33.17,80.26,-59.62,-10.94,8.53,2026-06-26
ATC Energies,24.6,,50.16,-137.25,-38.06,0.63,2026-06-26
Aten Papers,22.82,3.18,23.5,60.5,48.91,24.68,2026-06-26
Atharv Enter,3.78,33.84,6.43,-16.67,,1.4,2026-06-26
Atharva Poly-Plast,,19.11,101.1,,,36.04,2026-06-26
Athena Global,61.0,,85.78,45.2,17.65,-4.76,2026-06-26
Ather Energy,998.75,,38264.21,57.23,73.75,-19.77,2026-06-26
Atishay,205.3,33.26,226.48,-25.0,-20.79,16.98,2026-06-26
Atlanta Electric,1812.0,68.75,13933.67,129.07,81.69,45.26,2026-06-26
Atlantaa,39.85,,324.78,131.62,21.21,1.95,2026-06-26
Atlas Cycles,98.55,,64.1,-361.22,-60.49,-2.05,2026-06-26
Atma Industries,169.85,,39.07,,,-1.21,2026-06-26
Atmastco Ltd,169.75,16.83,419.87,42.9,2.2,20.41,2026-06-26
Atul,6670.5,28.97,19639.12,66.13,15.05,14.87,2026-06-26
Atul Auto,467.8,30.03,1298.2,106.85,13.94,11.38,2026-06-26
ATV Projects,28.04,20.8,148.94,-19.84,13.05,2.87,2026-06-26
Atvo Enterprises,30.34,1545.67,324.59,150.0,62.09,2.48,2026-06-26
AU Small Finance,1033.85,29.32,77432.47,65.15,17.53,7.66,2026-06-26
Aureate Tradde,31.08,7.67,40.36,47.31,-9.98,20.48,2026-06-26
Auri Grow India,0.31,,45.76,-140.12,-100.0,-0.37,2026-06-26
Aurionpro Sol.,895.1,22.72,4946.47,18.53,5.7,16.29,2026-06-26
Auro Impex,25.75,7.55,31.42,15.98,-16.86,9.75,2026-06-26
Auro Labs.,253.75,43.45,158.15,174.36,32.84,9.42,2026-06-26
Aurobindo Pharma,1555.2,25.46,90326.27,1.97,5.62,12.8,2026-06-26
Aurum Proptech,215.1,,1549.66,151.57,82.8,1.84,2026-06-26
Ausom Enter.,114.75,8.02,156.29,-92.48,-5.65,16.38,2026-06-26
Austere Sys.,42.15,8.76,44.17,13.89,4.09,26.47,2026-06-26
Austin Engg Co,129.4,9.3,45.03,34.83,4.13,10.44,2026-06-26
Australian Prem,293.3,10.46,591.29,8.94,43.96,55.94,2026-06-26
Authum Invest,518.0,22.78,43989.88,-96.61,-78.6,13.67,2026-06-26
Auto.Corp.of Goa,2255.25,18.98,1373.14,26.6,24.8,29.67,2026-06-26
Autofurnish,45.01,16.76,60.83,,,25.17,2026-06-26
Autoline Industr,88.08,20.3,399.67,119.97,48.37,13.06,2026-06-26
Automotive Axles,1781.7,15.54,2692.15,17.33,18.7,22.12,2026-06-26
Automotive Stamp,519.05,28.62,823.21,168.83,35.88,25.39,2026-06-26
Autoriders Intl.,334.55,12.88,116.45,-21.81,14.73,17.66,2026-06-26
Avadh Sugar,445.85,15.21,892.52,-23.23,-1.2,6.58,2026-06-26
Available Fin.,153.55,1.46,156.68,-37.9,14.29,0.02,2026-06-26
Avalon Tech,1750.3,103.5,11689.85,69.48,40.0,19.54,2026-06-26
Avana Electrosystems,122.25,23.62,276.84,,,38.13,2026-06-26
Avance Tech.,0.95,14.22,188.28,862.5,-35.96,2.68,2026-06-26
Avantel,171.83,299.98,4565.71,-21.55,29.58,9.63,2026-06-26
Avanti Feeds,962.2,21.36,13109.55,-12.84,6.19,25.93,2026-06-26
AVATAR Industries,164.85,464.14,171.73,500.0,,1.36,2026-06-26
Avax Apparels,52.8,14.78,43.89,142.47,10.23,41.89,2026-06-26
Aveer Foods,550.4,62.12,246.6,-29.51,31.02,15.14,2026-06-26
Avenue Super.,4294.6,94.3,280113.56,19.18,18.91,17.19,2026-06-26
AvenuesAI,16.07,19.89,5605.58,71.03,114.52,7.71,2026-06-26
AVG Logistics,183.96,13.26,344.15,102.28,19.88,13.65,2026-06-26
Avi Ansh,108.5,116.65,151.65,-15.19,15.11,5.14,2026-06-26
AVI Polymers,17.59,8.14,165.5,1283.78,,45.53,2026-06-26
AVI Products,47.54,,15.72,-2950.0,-95.09,-28.62,2026-06-26
Avience Biomedi.,414.95,31.79,227.6,,,34.18,2026-06-26
Avio Smart Market,7.23,37.07,220.21,2188.89,285.97,15.52,2026-06-26
Avishkar Infra,590.35,,1322.58,-135.58,-100.0,2.34,2026-06-26
Aviva Industries,60.58,104.72,196.88,4750.0,216500.0,6.46,2026-06-26
Avonmore Capital,10.55,21.6,297.7,-270.3,7.54,5.87,2026-06-26
AVP Infracon,67.7,4.01,169.11,-6.83,28.93,22.91,2026-06-26
Avro India,10.59,33.75,142.09,36.51,23.29,6.67,2026-06-26
AVT Natural Prod,70.09,16.47,1067.47,53.34,44.43,14.22,2026-06-26
AWFIS Space,304.85,30.79,2181.6,110.41,20.74,13.17,2026-06-26
AWL Agri Busine.,182.03,22.33,23658.05,53.5,17.75,18.28,2026-06-26
Axel Polymers,45.1,,49.62,-136.77,-8.44,3.49,2026-06-26
Axentra Corp,326.65,618.75,643.5,12800.0,,6.94,2026-06-26
Axis Bank,1377.2,16.24,428364.24,1.71,5.3,6.24,2026-06-26
Axis Solution,323.05,52.54,1526.74,10.47,18.14,23.07,2026-06-26
AXISCADES Tech.,1691.0,91.04,7191.99,-98.29,1.88,15.3,2026-06-26
Axita Cotton,7.57,152.46,289.68,-25.81,-56.36,6.32,2026-06-26
Axtel Industries,437.6,22.69,706.93,134.45,87.64,33.69,2026-06-26
Aye Finance,167.92,21.4,4144.0,111.08,29.16,11.32,2026-06-26
AYM Syntex,214.48,192.03,1259.73,344.83,1.43,5.35,2026-06-26
Azad Engineering,2020.1,98.18,13046.16,42.42,27.27,11.92,2026-06-26
Azad India,100.55,230.98,547.43,683.33,-2.99,3.2,2026-06-26
Aztec Fluids,100.0,18.35,136.0,6.71,12.42,16.98,2026-06-26
B & A,340.05,,105.42,-86.05,1.63,3.77,2026-06-26
B & A Packaging,171.1,12.02,84.87,-20.9,14.05,11.0,2026-06-26
B C C Fuba India,176.95,46.07,270.91,103.12,79.17,19.2,2026-06-26
B H E L,402.7,87.62,140222.69,155.82,36.88,8.51,2026-06-26
B J Duplex Board,23.95,,45.57,-162.5,,-97.14,2026-06-26
B N Rathi Sec.,16.4,7.25,68.47,592.11,77.42,18.94,2026-06-26
B P C L,309.75,5.14,134385.21,26.07,6.72,25.69,2026-06-26
B P Capital,10.88,,6.54,-25.0,,-3.07,2026-06-26
B-Right Real,939.0,27.6,970.1,2667.61,80.4,21.77,2026-06-26
B. D. Industries,110.5,16.42,157.02,,,23.14,2026-06-26
B.A.G. Converge.,106.0,20.88,224.92,-10.06,-2.38,32.96,2026-06-26
B.C. Power,1.89,18.07,13.19,-308.82,-88.5,2.61,2026-06-26
B.L.Kashyap,54.59,90.42,1230.68,591.26,23.64,13.03,2026-06-26
B.R.Goyal Infra.,124.05,6.61,295.55,50.55,62.71,21.74,2026-06-26
B&B Triplewall,214.07,19.18,439.08,710.26,15.64,14.48,2026-06-26
B2B Soft.Tech.,24.37,14.91,42.35,-42.86,7.49,16.13,2026-06-26
Baazar Style,279.9,94.8,2088.54,22.03,34.86,7.43,2026-06-26
Baba Arts,14.15,114.29,74.29,-77.27,77.93,3.14,2026-06-26
Baba Food,25.0,,40.82,-242.71,-14.02,1.31,2026-06-26
Bacil Pharma,39.75,36.57,57.05,3000.0,,3.93,2026-06-26
Bafna Pharma.,194.68,41.49,460.54,-11.29,8.14,11.87,2026-06-26
BAG Films,4.6,25.55,95.55,-70.28,2.48,5.55,2026-06-26
Bagmane Prime REIT,102.74,38.97,34931.6,,,33.22,2026-06-26
Baheti Recycling,719.25,27.56,745.76,61.87,53.38,21.66,2026-06-26
Bai-Kakaji Poly.,200.0,17.96,428.09,,,21.18,2026-06-26
Baid Finserv,9.78,10.12,151.48,-54.4,13.07,10.93,2026-06-26
Bajaj Auto,9843.0,25.54,275109.72,101.63,41.01,28.21,2026-06-26
Bajaj Consumer,578.45,39.73,7555.62,105.29,30.41,30.6,2026-06-26
Bajaj Electrical,322.35,,3719.69,-268.45,-2.05,3.14,2026-06-26
Bajaj Finance,980.4,31.78,610392.56,21.99,18.1,10.82,2026-06-26
Bajaj Finserv,1764.6,28.43,282433.05,5.05,5.19,10.52,2026-06-26
Bajaj Healthcare,304.05,21.8,1023.51,19.22,-0.91,11.47,2026-06-26
Bajaj Hindusthan,18.15,30.85,4339.06,85.69,7.41,2.27,2026-06-26
Bajaj Holdings,10599.0,14.42,117956.27,49.23,-58.32,11.0,2026-06-26
Bajaj Housing,87.5,28.36,72907.93,14.06,15.92,8.84,2026-06-26
Bajaj Steel Inds,416.5,23.47,866.32,-87.15,-23.93,11.73,2026-06-26
Bajel Projects,195.73,91.5,2264.54,193.36,25.75,10.24,2026-06-26
Bal Pharma,83.27,21.11,132.57,-33.89,2.69,9.69,2026-06-26
Balaji Amines,1989.0,38.59,6444.56,57.79,11.92,11.02,2026-06-26
Balaji Phos.,94.25,21.93,224.1,-39.11,33.85,15.19,2026-06-26
Balaji Telefilms,88.26,,1075.91,-114.98,-28.12,-9.54,2026-06-26
Balaxi Pharma,23.12,89.89,127.64,-92.94,-7.29,3.11,2026-06-26
Balgopal Commer.,186.7,,434.04,-153.65,,-16.95,2026-06-26
Balkrishna Inds,2233.6,34.74,43179.33,-18.75,6.56,12.38,2026-06-26
Balkrishna Paper,18.45,,59.45,-55.07,-46.71,,2026-06-26
Balmer Law. Inv.,71.64,8.91,1590.21,12.17,22.15,16.91,2026-06-26
Balmer Lawrie,179.27,11.08,3065.59,12.47,22.32,14.6,2026-06-26
Balrampur Chini,534.2,29.82,11285.89,-30.36,6.67,9.28,2026-06-26
Balu Forge,453.95,21.29,5510.59,4.87,-2.26,22.72,2026-06-26
Balurghat Tech,12.2,40.36,22.2,668.33,21.46,7.23,2026-06-26
Bambino Agro Ind,204.75,16.4,164.0,-60.58,6.79,12.31,2026-06-26
BAMPSL Sec.,18.9,160.82,64.33,-509.68,25.91,1.54,2026-06-26
Banaras Beads,102.74,38.52,68.18,-16.67,-9.58,5.71,2026-06-26
Banas Finance,7.03,5.56,62.97,-19.98,407.56,7.86,2026-06-26
Banco Products,658.85,20.23,9424.01,-5.69,25.62,30.91,2026-06-26
Bandaram Pharma,30.33,121.13,54.51,-40.0,209.31,4.42,2026-06-26
Bandhan Bank,201.76,26.57,32505.11,68.02,-0.1,6.41,2026-06-26
Bang Overseas,31.92,5.61,43.28,147.4,20.35,7.15,2026-06-26
Bank of Baroda,279.15,7.28,144358.58,7.03,5.16,5.63,2026-06-26
Bank of India,144.72,6.22,65886.21,18.67,5.92,5.93,2026-06-26
Bank of Maha,88.71,9.73,68231.78,36.11,15.22,6.03,2026-06-26
Banka Bioloo,90.09,158.91,98.4,215.82,19.07,4.98,2026-06-26
Bannari Amm Spg.,28.08,14.96,224.42,-54.9,-2.13,7.39,2026-06-26
Bannari Amm.Sug.,3377.9,28.64,4235.79,18.26,-42.84,9.32,2026-06-26
Bansal Roofing,123.15,15.4,162.35,87.63,53.87,34.35,2026-06-26
Bansal Wire Inds,314.9,30.2,4929.95,24.52,20.86,13.79,2026-06-26
Bansisons Tea,10.78,,6.82,-10580.0,,-162.24,2026-06-26
Banswara Syntex,133.15,12.17,455.8,178.02,7.52,8.99,2026-06-26
Barak Valley,41.28,315.45,91.48,22.88,2.92,4.48,2026-06-26
Barflex Polyfilm,57.4,29.72,142.06,-79.16,34.14,7.34,2026-06-26
Baroda Extrusion,8.68,23.02,168.72,71.11,21.98,55.94,2026-06-26
Baroda Rayon,129.75,14.64,297.27,-69.35,-75.84,3.69,2026-06-26
Basant Agro Tech,12.15,15.71,110.11,92.17,22.89,7.03,2026-06-26
BASF India,3652.4,37.92,15809.65,93.19,8.28,14.68,2026-06-26
Basilic Fly Stud,204.35,10.11,516.29,-29.81,-15.12,22.32,2026-06-26
Bata India,715.1,55.45,9191.0,-58.62,5.0,12.18,2026-06-26
Batliboi,84.83,43.55,400.58,-7.89,5.54,6.81,2026-06-26
Baweja Studios L,29.9,9.06,55.1,-13.28,-22.93,7.94,2026-06-26
Bayer Crop Sci.,4186.3,27.3,18814.11,13.12,5.2,29.14,2026-06-26
Bazel Internatio,19.01,25.92,18.66,-142.86,-57.38,2.36,2026-06-26
BCL Enterprises,0.74,,8.63,-59400.0,-65.15,-12.0,2026-06-26
BCL Industries,34.15,8.77,1007.98,-8.55,-19.45,13.87,2026-06-26
BCPL Railway,72.18,18.74,120.71,-53.33,-25.47,9.3,2026-06-26
BDH Industries,448.75,23.91,258.48,15.66,62.91,20.5,2026-06-26
Beacon Trust.,93.9,24.3,169.63,113.56,18.51,19.75,2026-06-26
Beardsell,31.1,10.73,122.65,134.22,-4.83,16.72,2026-06-26
Bedmutha Indus.,108.33,53.77,349.51,606.76,54.63,13.99,2026-06-26
Beekay Steel Ind,401.2,20.79,765.17,-465.38,2.46,5.48,2026-06-26
Beezaasan Exp.,381.4,43.55,577.89,-0.2,-2.15,12.21,2026-06-26
Belding India,1461.4,,2115.94,,,0.53,2026-06-26
Bella Casa Fashi,244.96,16.29,327.94,5.3,27.07,15.22,2026-06-26
Belrise Industri,245.66,45.33,21860.77,22.69,17.11,13.85,2026-06-26
Bemco Hydraulics,97.63,28.71,426.98,2.65,-3.63,23.76,2026-06-26
BEML Land Assets,182.11,75839.0,758.39,219.05,,-192.83,2026-06-26
BEML Ltd,1748.7,103.03,14564.75,-37.47,8.57,7.71,2026-06-26
Benara Bearings,10.45,,18.5,-74.56,-75.89,-35.6,2026-06-26
Benares Hotels,10433.1,31.27,1356.3,-4.36,-1.06,29.83,2026-06-26
Benchmark Comp.,38.4,7.78,26.36,179.1,52.88,14.5,2026-06-26
Bengal & Assam,6365.5,8.74,7259.15,-9.15,20.94,3.96,2026-06-26
Bengal Tea & Fab,140.0,28.08,126.08,-95.54,-3.69,4.76,2026-06-26
Berger Paints,538.65,53.83,62806.74,17.33,6.07,22.2,2026-06-26
Bervin Invest.,43.99,,25.95,72.22,,-50.22,2026-06-26
Beryl Drugs,23.5,28.38,11.92,273.33,4.79,7.18,2026-06-26
Beryl Securities,23.77,36.03,11.53,206.67,175.44,9.3,2026-06-26
Best Agrolife,15.58,62.3,552.58,-70.12,-43.25,5.16,2026-06-26
Best Eastern Hot,11.73,,19.77,-1700.0,-19.55,-6.19,2026-06-26
Beta Drugs Ltd,2096.6,51.24,2125.3,-15.18,0.21,19.16,2026-06-26
Betex India,468.5,12.46,70.28,197.33,20.2,18.56,2026-06-26
BEW Engg,65.7,22.72,85.89,-139.8,18.23,4.43,2026-06-26
BF Investment,457.6,6.11,1723.32,3530.63,41.44,4.86,2026-06-26
BF Utilities,622.45,930.22,2344.15,-6985.71,-29.54,3.88,2026-06-26
BFL Asset Finves,5.99,,6.11,-185.32,-103.07,-22.79,2026-06-26
BGIL Films & Tec,8.93,101.2,10.12,191.67,170.37,1.28,2026-06-26
BGR Energy Sys.,315.0,,2273.09,-132.48,-61.47,-26.94,2026-06-26
Bhadora Indust.,93.0,17.4,172.98,-5.78,21.25,23.65,2026-06-26
Bhagawati Gas,8.44,1.78,14.13,-4.19,42.87,0.03,2026-06-26
Bhagawati Oxygen,34.12,2.41,7.88,2228.57,0.0,49.03,2026-06-26
Bhageria Indust.,219.13,20.75,956.37,-24.94,48.15,10.09,2026-06-26
Bhagiradha Chem.,281.91,201.18,3655.5,562.5,28.93,4.53,2026-06-26
Bhagwati Auto,513.5,11.37,147.89,13.87,16.49,31.59,2026-06-26
Bhagyanagar Ind,392.15,25.01,1254.68,303.71,61.83,20.71,2026-06-26
Bhandari Hosiery,3.01,12.9,100.22,-28.68,0.92,7.74,2026-06-26
Bhansali Engg.,99.01,13.68,2463.95,30.63,-0.97,23.75,2026-06-26
Bharat Agri Fert,29.06,,153.6,-71.19,-12.18,1.5,2026-06-26
Bharat Bhushan,24.3,182.56,16.43,-126.32,-50.0,0.76,2026-06-26
Bharat Bijlee,2820.8,26.55,3188.38,-21.88,23.9,8.14,2026-06-26
Bharat Coking,40.47,146.92,18846.88,-58.98,-15.08,4.18,2026-06-26
Bharat Dynamics,1368.4,119.33,50160.41,-58.51,-72.98,13.84,2026-06-26
Bharat Electron,407.2,49.1,297654.19,4.62,11.75,36.53,2026-06-26
Bharat Forge,2145.3,86.94,102564.35,2.05,17.53,13.09,2026-06-26
Bharat Gears,131.22,12.21,201.49,196.49,20.26,18.16,2026-06-26
Bharat Global,94.45,,956.4,-165.33,-100.0,-0.04,2026-06-26
Bharat Immunolog,17.65,,76.21,-59.74,-100.0,-9.27,2026-06-26
Bharat Parenter.,1350.05,,930.45,-1.48,-4.19,-1.82,2026-06-26
Bharat Rasayan,1368.5,14.48,2274.59,51.97,0.49,17.53,2026-06-26
Bharat Road,18.75,,157.41,-1227.16,3.47,-6.48,2026-06-26
Bharat Seats,186.61,27.1,1171.91,16.33,46.16,20.16,2026-06-26
Bharat Wire,202.4,19.16,1388.15,-20.1,-17.66,12.32,2026-06-26
Bharatiya Glob.,3.3,1.84,5.23,165.48,32.0,-1.03,2026-06-26
BharatRohan Air.,134.75,25.33,268.46,-4.37,273.59,21.28,2026-06-26
Bharti Airtel,1850.7,39.27,1127683.22,-16.49,15.68,18.5,2026-06-26
Bharti Hexacom,1477.0,41.99,73850.0,-1.09,5.45,21.82,2026-06-26
Bhartiya Intl.,805.25,80.35,1079.87,-158.85,29.68,8.05,2026-06-26
Bhaskar Agrochem,133.5,14.02,69.55,-210.81,28.1,19.64,2026-06-26
Bhatia Colour,51.57,17.4,72.92,-38.69,26.07,8.01,2026-06-26
Bhatia Communic.,24.89,20.89,350.08,55.29,63.91,21.28,2026-06-26
Bhavik Enterpris,155.0,23.27,315.55,1181.4,22.18,14.27,2026-06-26
Bhilwara Spinner,125.0,25.96,113.17,2121.21,348.25,5.85,2026-06-26
Bhilwara Tech,50.8,,296.54,-594.71,413.91,-6.24,2026-06-26
Bhudevi Infra,204.2,780.92,93.71,381.82,388.14,1.12,2026-06-26
BIGBLOC Const.,49.74,,704.2,-12.87,34.59,1.81,2026-06-26
Bihar Sponge,12.35,9.84,111.4,-62.8,-82.82,39.01,2026-06-26
Bijoy Hans,67.11,,322.27,-200.0,,-3.75,2026-06-26
Bikaji Foods,640.6,61.44,16062.17,26.14,17.99,19.74,2026-06-26
Bikewo Green,34.3,9.94,44.74,3170.0,159.42,10.97,2026-06-26
BIL Vyapar,4.28,,13.42,452.5,,,2026-06-26
Bilcare,56.99,24.31,134.18,301.31,-3.28,5.56,2026-06-26
Billionbrains,199.79,60.17,125340.19,122.06,87.93,37.32,2026-06-26
Billwin Indust.,23.99,21.34,10.03,-50.0,-4.52,5.37,2026-06-26
Bimetal Bearings,629.35,20.57,241.04,43.94,47.06,6.69,2026-06-26
Binayaka Tex Pr,1634.0,29.75,116.01,-121.47,7.52,8.1,2026-06-26
Binny Mills,351.5,,90.8,-280.9,138.01,,2026-06-26
Bio Medica Lab,144.1,18.51,181.21,,,64.16,2026-06-26
Biocon,416.15,173.19,67454.08,-62.05,2.25,3.75,2026-06-26
Biofil Chemicals,36.07,21.04,58.69,5.0,-9.34,15.79,2026-06-26
Biogen Pharma,0.33,40.41,34.75,-130.51,-57.04,1.01,2026-06-26
Biopol Chemicals,93.75,11.29,101.3,101.33,46.2,34.12,2026-06-26
Birla Cable,207.74,36.94,623.22,645.52,37.04,8.95,2026-06-26
Birla Corpn.,1003.9,13.75,7731.03,-3.59,0.75,9.78,2026-06-26
Birla Precision,38.66,22.75,264.39,-21.89,21.73,9.56,2026-06-26
BirlaNu Ltd,1377.2,,1038.53,-63.54,8.74,-3.97,2026-06-26
Birlasoft Ltd,300.7,15.43,8404.75,44.08,2.41,21.58,2026-06-26
BITS,7.97,133.07,89.16,155.56,43.33,3.67,2026-06-26
Bizotic Commer.,701.85,37.41,676.72,146.45,199.54,26.91,2026-06-26
BKV Industries,9.89,,15.28,,0.0,-1.83,2026-06-26
Black Box,957.9,61.96,17012.23,1.93,9.48,22.2,2026-06-26
Black Rose Indus,125.93,28.56,642.24,57.26,25.52,18.86,2026-06-26
Blackbuck,562.8,62.57,10250.76,-77.06,52.23,12.83,2026-06-26
BLB,14.65,2.32,77.45,243.71,21.56,40.25,2026-06-26
Bliss GVS Pharma,491.95,39.94,5217.44,128.9,29.8,16.77,2026-06-26
Bloom Dekor,9.5,,6.51,36.11,35.29,-19.65,2026-06-26
Bloom Industries,34.98,20.2,23.23,775.0,-100.0,11.25,2026-06-26
BLS E-Services,225.26,35.59,2046.63,11.67,35.18,17.0,2026-06-26
BLS Internat.,259.3,15.55,10676.44,31.57,17.58,29.34,2026-06-26
BLT Logi.,30.99,3.87,14.86,-22.14,11.49,22.82,2026-06-26
Blu.Coast Hotel.,29.64,,58.33,95.35,,,2026-06-26
Blue Chip India,2.37,,13.11,400.0,,,2026-06-26
Blue Cloud Soft.,21.03,32.09,1941.24,-7.13,51.14,14.16,2026-06-26
Blue Dart Expres,4982.3,42.15,11823.0,-11.26,8.2,16.64,2026-06-26
Blue Jet Health,527.6,36.93,9152.04,-41.56,-31.07,26.5,2026-06-26
Blue Pearl Agri,8.65,506.03,521.21,161.76,6.18,2.23,2026-06-26
Blue Pebble,78.0,64.94,31.82,,,2.38,2026-06-26
Blue Star,1637.2,60.46,33663.25,10.41,1.32,21.17,2026-06-26
Blue Water,345.0,15.05,379.5,111.75,157.72,31.4,2026-06-26
Bluechip Tex Ind,125.95,130.58,24.81,1600.0,-6.14,1.39,2026-06-26
Bluegod Enterta.,1.77,20.12,116.11,2108.7,4515.38,,2026-06-26
Bluestone Jewel,533.15,547.53,8125.3,162.67,47.73,7.07,2026-06-26
Bluspring Enter.,107.94,,1613.07,136.51,7.9,5.14,2026-06-26
BMW Industries,56.83,15.77,1279.17,88.2,33.32,12.35,2026-06-26
BMW Ventures,57.87,13.39,501.82,-1.0,24.58,11.95,2026-06-26
BN Agrochem,276.1,78.54,2699.51,-84.68,22.02,4.38,2026-06-26
BNR Udyog,31.75,,9.53,-32.43,228.57,-8.95,2026-06-26
Bodal Chemicals,66.29,17.45,834.88,121.1,30.42,6.68,2026-06-26
Bodhi Tree,6.13,17.46,111.38,-15.77,-13.06,16.54,2026-06-26
Bodhtree Consul.,20.68,31.62,45.22,113.25,1186.15,9.23,2026-06-26
Bohra Industries,14.75,,31.23,47.98,,-4.93,2026-06-26
Bombay Cycle,1575.1,25.82,63.0,172.31,55.16,9.46,2026-06-26
Bombay Dyeing,131.37,97.18,2713.25,81.58,10.26,1.99,2026-06-26
Bombay Metrics,36.8,29.24,45.32,-77.66,-13.25,10.53,2026-06-26
Bombay Oxygen,19497.95,,292.47,-155.37,-150.0,-0.81,2026-06-26
Bombay Super Hyb,91.4,35.98,959.13,4.5,44.7,15.97,2026-06-26
Bombay Talkies,3.5,,18.9,0.0,-50.0,-3.68,2026-06-26
Bombay Wire,46.06,,24.59,93.48,,-0.9,2026-06-26
Bondada Engineer,333.0,18.28,3718.66,11.39,27.93,38.66,2026-06-26
Bonlon Industrie,43.13,23.24,70.66,130.23,-31.11,5.76,2026-06-26
Borana Weaves,304.45,12.55,811.22,57.89,27.99,32.74,2026-06-26
Borosil,237.31,36.55,2837.93,-4.94,5.16,11.52,2026-06-26
Borosil Renew.,615.7,26.38,8637.24,941.49,17.77,25.31,2026-06-26
Borosil Scienti.,154.84,34.2,1377.26,213.84,10.57,12.08,2026-06-26
Bosch,40440.0,50.75,119282.23,2.98,13.34,21.54,2026-06-26
Bosch Home Comfort,1370.4,286.18,3726.12,-30.75,3.52,4.64,2026-06-26
Boss Packaging,35.3,9.46,15.7,-12.9,1.62,15.72,2026-06-26
BPL,56.6,,277.2,-123.05,4.7,-1.78,2026-06-26
Brace Port,54.0,16.63,61.03,-19.94,-8.58,12.08,2026-06-26
Brady & Morris,775.75,31.34,174.54,107.58,-34.58,14.38,2026-06-26
Brahmaputra Inf.,167.85,8.18,487.07,-33.42,-8.9,18.22,2026-06-26
Brainbees Solut.,222.96,,11640.48,66.92,12.04,0.57,2026-06-26
Brand Concepts,167.14,151.17,208.62,-50.64,25.03,7.19,2026-06-26
Brandman Retail,170.0,12.4,313.77,37.9,137.69,36.81,2026-06-26
Brawn Biotech,22.69,7.24,6.81,218.37,-12.39,0.0,2026-06-26
Bridge Securitie,14.4,36.12,55.98,181.25,,43.6,2026-06-26
Brigade Enterpr.,525.2,26.34,17130.05,-41.82,-0.19,10.51,2026-06-26
Brigade Hotel,63.54,41.28,2413.52,102.47,1.7,12.84,2026-06-26
Bright Brothers,225.1,21.6,127.86,15.22,7.15,11.74,2026-06-26
Bright Outdoor,374.85,34.01,818.04,40.68,30.19,18.68,2026-06-26
Brightcom Group,9.82,2.06,1981.6,72.22,61.69,14.87,2026-06-26
Brijlaxmi Leas.,9.21,9.02,5.95,-99.15,-82.05,6.42,2026-06-26
Brisk Technovisi,99.2,19.45,19.84,321.43,-16.91,17.97,2026-06-26
Britannia Inds.,5237.0,49.79,126142.73,21.14,6.47,56.02,2026-06-26
Broach Lifecare,15.98,107.78,9.7,-355.56,147.45,2.52,2026-06-26
Brookfield India,322.75,55.66,26784.41,-50.2,54.71,5.66,2026-06-26
Brooks Lab.,73.55,8.81,216.66,204.11,-13.34,21.46,2026-06-26
BSE,3872.1,63.46,157710.28,61.47,84.67,58.03,2026-06-26
BSEL ALGO,4.45,,38.54,-556.05,-531.28,-7.48,2026-06-26
BSL,127.38,55.08,131.1,-453.57,-4.95,6.01,2026-06-26
Bulkcorp Inter.,44.0,8.86,33.06,-9.39,-5.34,17.17,2026-06-26
Butterfly Gan Ap,656.85,25.11,1174.45,26.69,16.56,18.02,2026-06-26
BYLD Capital Finance,17.97,,26.96,-1500.0,,-39.27,2026-06-26
C C C L,18.49,,826.06,167.72,129.54,-1.85,2026-06-26
C D S L,1317.0,60.35,27525.3,-20.03,17.11,31.97,2026-06-26
C J Gelatine,20.93,47.95,10.07,240.0,-0.18,6.53,2026-06-26
C K K Retail,144.55,25.92,279.96,-91.83,-21.72,17.11,2026-06-26
C P C L,1102.2,5.29,16413.01,202.57,-2.5,35.11,2026-06-26
C P S Shapers,1032.55,1809.38,235.22,232.31,8.99,4.37,2026-06-26
C.E. Info System,840.65,34.31,4603.49,4.53,1.04,22.0,2026-06-26
C2C Advanced,395.05,15.67,670.34,143.17,52.94,26.17,2026-06-26
Calcom Vision,80.0,70.81,111.88,-107.55,12.91,6.61,2026-06-26
California Soft.,23.87,5.3,56.36,2966.67,605.03,42.02,2026-06-26
Callista Indus.,186.0,,56.67,191.8,,0.0,2026-06-26
Cambridge Tech.,31.18,127.52,61.21,161.64,-21.08,6.06,2026-06-26
Camex,42.77,14.22,43.66,986.67,11.13,10.7,2026-06-26
Camlin Fine,136.37,213.32,2619.62,-60.5,-1.57,4.05,2026-06-26
Campus Activewe.,237.85,48.44,7269.97,26.01,12.3,21.25,2026-06-26
Cams Services,798.3,44.74,19814.18,10.88,10.96,47.0,2026-06-26
Can Fin Homes,886.2,10.87,11800.16,47.77,7.52,9.17,2026-06-26
Canara Bank,128.95,6.52,116966.05,-9.78,1.09,6.52,2026-06-26
Canara HSBC,134.83,101.17,12808.85,8.23,-50.63,8.35,2026-06-26
Canara Robeco,247.61,24.23,4937.77,-0.89,2.81,40.11,2026-06-26
Canarys Automa.,20.9,8.86,122.78,89.46,88.23,22.55,2026-06-26
Candour Techtex,83.56,,203.98,-325.0,-85.7,6.53,2026-06-26
Cantabil Retail,238.68,20.85,1996.27,29.85,15.33,19.07,2026-06-26
Capacit'e Infra.,263.91,11.66,2232.79,-11.04,6.03,15.64,2026-06-26
Capfin India,121.2,,55.12,18.18,0.0,-9.32,2026-06-26
Capillary Tech.,507.55,136.13,4033.6,54.34,25.82,3.62,2026-06-26
Capital India,25.67,,1003.84,72.88,-10.18,0.86,2026-06-26
Capital Infra,74.51,12.71,2674.77,622.78,77.88,7.25,2026-06-26
Capital Small,280.1,9.01,1273.48,17.06,18.01,7.07,2026-06-26
Capital Trade Lk,17.24,118.07,221.98,-418.05,97.33,6.96,2026-06-26
Capital Trust,12.89,,43.85,-977.78,-54.11,-16.96,2026-06-26
CapitalNumbers,96.0,9.2,234.5,-11.64,5.73,19.63,2026-06-26
Caplin Point Lab,2506.4,29.71,19051.57,19.32,19.45,24.63,2026-06-26
Capri Global,217.44,22.04,20921.08,59.12,44.67,11.67,2026-06-26
Capricorn System,13.42,208.56,37.54,,7060.87,1.31,2026-06-26
Caprihans India,78.29,,137.94,155.62,-2.46,2.16,2026-06-26
Caprolactam Chem,45.62,11.93,20.99,286.67,90.68,19.69,2026-06-26
Captain Pipes,9.96,21.92,153.03,-56.11,-14.62,14.85,2026-06-26
Captain Polyplas,72.85,15.78,438.4,90.62,80.33,17.81,2026-06-26
Captain Techno.,220.0,43.96,510.84,10.62,31.57,29.73,2026-06-26
Carborundum Uni.,1143.3,85.05,21779.12,-17.82,14.89,10.47,2026-06-26
CARE Ratings,1653.1,29.02,4967.43,23.98,19.17,26.3,2026-06-26
Career Point Edu,216.89,17.62,394.59,48.66,-4.97,46.71,2026-06-26
Cargosol Logist.,20.5,,20.91,-155.56,5.39,7.35,2026-06-26
Cargotrans Marit,99.9,11.06,59.16,40.61,34.2,19.52,2026-06-26
Carnation Inds.,89.14,,30.82,255.1,,11.27,2026-06-26
Carraro India,560.65,23.68,3187.38,77.5,36.84,28.67,2026-06-26
Cartrade Tech,2694.4,56.75,12939.33,54.5,19.84,11.84,2026-06-26
Carysil,1179.1,33.86,3353.67,45.86,14.47,17.77,2026-06-26
Cash UR Drive,183.75,11.03,324.24,94.54,43.71,40.31,2026-06-26
Caspian Corporat,36.64,69.24,46.39,140.59,45.36,4.23,2026-06-26
Castora Agri Commodities,15.97,,7.85,350.0,-84.72,0.67,2026-06-26
Castrol India,185.37,18.81,18335.36,3.74,8.67,60.27,2026-06-26
Catvision Ltd,19.7,71.6,10.74,113.33,12.32,1.1,2026-06-26
CCL Internationa,24.1,48.68,46.25,-51.8,-6.08,4.3,2026-06-26
CCL Products,1163.2,40.02,15531.97,12.43,46.49,15.82,2026-06-26
CCME Global,125.0,,565.63,-2400.0,,-2.92,2026-06-26
CDG Petchem,246.55,51.63,227.7,1239.29,894.67,28.84,2026-06-26
CEAT,3490.0,18.86,14117.08,98.61,23.34,18.74,2026-06-26
Cedaar Textile,20.75,,28.8,-1180.46,-36.92,-50.96,2026-06-26
Ceejay Finance,182.3,8.15,62.89,32.7,-9.35,11.4,2026-06-26
Ceenik Exports,178.0,,71.56,-44.25,,-18.75,2026-06-26
Ceeta Industries,37.64,92.51,54.58,420.0,-21.51,3.62,2026-06-26
Ceigall India,382.2,21.35,6658.11,70.86,37.06,17.26,2026-06-26
Ceinsys Tech,913.0,14.23,1911.61,69.96,19.89,27.46,2026-06-26
Celebrity Fash.,7.89,,50.93,24.65,-15.57,-12.31,2026-06-26
Cell Point,15.0,467.17,28.03,-120.0,11.57,5.47,2026-06-26
Cella Space,22.42,9.65,45.18,157.25,4325.0,14.8,2026-06-26
Cellecor Gadgets,36.15,20.14,797.75,23.34,8.35,22.64,2026-06-26
Cello World,378.45,24.8,8359.39,2.19,11.0,17.41,2026-06-26
Cemantic Infra,4.59,,11.51,-42.86,,-6.65,2026-06-26
Cemindia Project,1213.4,35.42,20844.71,113.63,17.42,32.76,2026-06-26
Cenlub Industrie,204.6,12.03,95.4,27.65,11.65,13.57,2026-06-26
Centenial Surgic,73.2,,26.71,-95.76,-5.48,2.52,2026-06-26
Central Bank,32.2,6.53,29145.51,-32.49,12.07,5.62,2026-06-26
Central Mine Pla,248.82,28.97,17765.75,-32.19,11.69,38.07,2026-06-26
Centrum Capital,21.83,,1062.75,-573.32,-7.75,7.45,2026-06-26
Centum Electron,3562.3,52.21,5257.6,16.05,27.46,25.58,2026-06-26
Centuple Global,39.88,14.44,21.81,-700.0,111664.0,15.0,2026-06-26
Century Enka,517.9,10.97,1131.61,458.03,8.9,9.01,2026-06-26
Century Extrus.,19.73,13.7,157.84,27.34,18.72,19.21,2026-06-26
Century Plyboard,754.55,62.49,16764.06,48.92,24.52,11.45,2026-06-26
Cera Sanitary.,6330.5,38.86,8164.79,-20.02,11.39,19.33,2026-06-26
Cerebra Integr.,3.65,,44.23,-596.87,-54.76,-40.77,2026-06-26
CESC,168.03,14.44,22273.56,17.69,5.65,10.63,2026-06-26
CFF Fluid,831.55,44.49,1744.1,104.8,59.64,23.47,2026-06-26
CG Power & Ind,942.1,120.67,148378.8,33.67,25.03,27.01,2026-06-26
CG-VAK Software,171.4,7.8,86.56,-35.66,-3.26,20.05,2026-06-26
Chalet Hotels,818.95,27.77,17934.52,31.64,6.94,17.07,2026-06-26
Challani Capital,20.34,40.68,30.51,-82.11,-49.11,9.5,2026-06-26
Chaman Metallics,100.0,,241.35,-78.12,326.41,5.37,2026-06-26
Chamanlal Setia,285.35,12.36,1418.92,55.89,16.5,18.32,2026-06-26
Chambal Brewer,22.95,,17.19,-50.0,,-18.54,2026-06-26
Chambal Fert.,469.05,9.62,18792.6,29.84,13.73,25.51,2026-06-26
Chamunda Ele.,43.25,13.52,47.59,-55.48,2.93,15.17,2026-06-26
Chandan Healthca,244.65,20.46,598.22,23.59,20.64,23.27,2026-06-26
Chandni Machines,78.14,32.54,55.0,4525.0,-100.0,21.4,2026-06-26
Chandra Bhagat,43.89,10.86,33.12,1429.41,316.19,12.14,2026-06-26
Chandra Pr. Intl,12.38,70.08,34.34,5000.0,-45.32,4.49,2026-06-26
Chandrima Mercan,6.15,34.21,204.9,-122.22,-54.68,4.73,2026-06-26
Chart.Logistics,6.31,,80.23,-275.26,-2.21,2.19,2026-06-26
Charter. Capital,263.95,29.32,79.45,-347.1,-223.31,2.35,2026-06-26
Chatha Foods,85.5,30.86,206.78,23.67,-1.94,9.5,2026-06-26
Chatterbox Tech,55.0,8.46,77.79,-11.76,50.0,25.98,2026-06-26
Chavda Infra Ltd,89.0,17.1,290.64,-31.72,49.76,13.47,2026-06-26
CHD Chemicals,5.5,,5.56,-128.57,6.25,-0.36,2026-06-26
Chembond Chemic.,225.6,17.36,606.79,33.14,29.96,24.04,2026-06-26
Chembond Materi.,184.0,17.83,247.45,-7.44,37.43,10.43,2026-06-26
Chemcon Special.,189.1,29.35,692.69,61.27,37.4,6.42,2026-06-26
Chemcrux Enterp.,89.27,35.44,132.2,780.95,54.45,7.4,2026-06-26
Chemfab Alka.,365.0,,524.64,142.11,-19.0,1.55,2026-06-26
Chemiesynth(Vapi,66.84,,20.52,215.79,-17.66,-0.23,2026-06-26
Chemkart India,142.0,8.74,171.81,6.85,23.79,27.66,2026-06-26
Chemplast Sanmar,203.56,,3218.48,292.99,9.09,0.34,2026-06-26
Chemtech Indust.,72.5,26.63,133.67,-66.29,-18.53,7.77,2026-06-26
Chennai Ferrous,92.0,9.81,33.16,942.11,-89.79,3.67,2026-06-26
Chennai Meena,39.6,,29.58,-106.45,6.98,-3.07,2026-06-26
Chetana Educa.,46.05,6.79,93.94,27.91,14.29,18.84,2026-06-26
Cheviot Company,1120.2,12.66,654.41,-197.21,5.1,10.2,2026-06-26
Chiraharit,9.11,237.71,49.92,-39.83,31.15,3.86,2026-06-26
CHL,28.6,373.29,156.78,832.23,-0.6,6.37,2026-06-26
Choice Intl.,723.85,74.09,16125.68,16.7,21.23,17.96,2026-06-26
Choksi Asia,163.5,17.49,93.21,5.63,-2.39,18.49,2026-06-26
Choksi Laborator,119.3,55.4,83.1,11.96,12.46,9.64,2026-06-26
Chola Financial,1653.4,12.72,31047.13,11.99,16.3,9.75,2026-06-26
Cholaman.Inv.&Fn,1799.2,29.32,153397.39,30.62,19.46,9.7,2026-06-26
Chordia Food,69.8,36.05,28.12,107.69,96.25,6.72,2026-06-26
Chothani Foods,9.84,92.64,10.19,-112.5,-7.98,2.23,2026-06-26
Chowgule Steam,23.61,,85.73,-495.45,-15.53,2.52,2026-06-26
Chrome Silicon,40.57,,66.51,96.58,-100.0,-17.41,2026-06-26
CIAN Agro,1761.0,22.13,4928.32,664.71,33.91,12.27,2026-06-26
CIE Automotive,471.3,20.67,17879.35,20.42,14.93,14.74,2026-06-26
Cil Securities,36.5,10.93,18.25,-74.42,-14.78,7.02,2026-06-26
Cindrella Hotels,52.06,98.63,18.74,-66.67,7.46,3.65,2026-06-26
Cineline India,78.13,22.35,267.72,-75.24,13.12,10.86,2026-06-26
Cinevista,16.22,15.27,93.16,103.17,-36.36,14.45,2026-06-26
Cipla,1440.1,30.56,116337.8,-54.61,-2.8,15.49,2026-06-26
Citadel Realty,34.49,20.56,31.04,46.15,10.34,11.07,2026-06-26
Citichem India,16.5,11.22,11.22,-71.17,-91.12,7.18,2026-06-26
CitiPort Fin.,40.8,40.81,12.65,,155.56,16.41,2026-06-26
Citius Transnet,106.88,,6519.68,,,-0.1,2026-06-26
Citizen Infoline,241.65,15.13,339.36,,21854.0,42.55,2026-06-26
Citurgia Biochem,118.7,,1567.97,-116.67,,,2026-06-26
City Crops Agro,25.51,,41.62,53.6,-52.03,-13.2,2026-06-26
City Pulse Multi,1920.95,1568.25,2869.89,377.78,1255.0,2.59,2026-06-26
City Union Bank,198.85,14.86,19701.8,24.86,21.07,6.74,2026-06-26
Cityman,14.75,,17.26,-12.5,,-4.47,2026-06-26
CL Educate,49.0,,265.7,-61.88,20.71,5.3,2026-06-26
Clara Industries,34.8,49.63,89.34,-0.84,23.27,4.73,2026-06-26
Classic Electrod,44.7,6.33,80.3,12.93,20.51,19.34,2026-06-26
Classic Filament,53.3,,32.58,-200.0,,-2.53,2026-06-26
Classic Leasing,52.25,14.0,15.68,475.0,104.0,10.83,2026-06-26
Clay Craft India,210.5,20.05,433.0,,,18.72,2026-06-26
CLC Industries,44.49,,46.25,99.51,-20.18,-4.6,2026-06-26
Clean Max Enviro,1352.1,168.31,15843.37,151.79,25.13,6.24,2026-06-26
Clean Science,779.05,36.05,8279.94,-21.35,-5.47,20.64,2026-06-26
Clear Secured,97.0,7.72,233.26,,,19.86,2026-06-26
Clenon Enterpri,43.86,,47.98,31.03,,-16.35,2026-06-26
Clinitech Lab,42.78,23.24,9.76,-29.41,5.53,7.27,2026-06-26
CLIO Infotech,7.92,13.21,8.72,3900.0,700.0,2.87,2026-06-26
CLN Energy,447.6,22.99,472.36,44.63,34.37,22.38,2026-06-26
CMR Green Tech.,246.7,37.61,5404.1,,,12.41,2026-06-26
CMS Info Systems,291.1,15.46,4792.6,-20.37,2.24,17.65,2026-06-26
CMX Holdings,24.57,,27.87,-83.33,,-50.75,2026-06-26
Coal India,435.4,8.63,268325.19,12.86,22.91,35.34,2026-06-26
Coastal Corporat,50.11,12.59,335.62,1061.17,106.69,9.63,2026-06-26
Coastal Roadways,24.57,6.54,10.2,-20.0,-1.78,8.49,2026-06-26
Cochin Malabar,139.95,,24.77,-108.67,,-11.64,2026-06-26
Cochin Minerals,248.6,12.32,194.65,12.86,13.43,13.63,2026-06-26
Cochin Shipyard,1458.4,53.53,38367.7,-3.73,-15.55,15.95,2026-06-26
Coffee Day Enter,33.29,,703.26,92.03,4.66,1.27,2026-06-26
Coforge,1492.9,39.09,64194.69,151.04,30.05,23.5,2026-06-26
Cohance Life,458.05,88.8,17523.49,-86.64,-26.33,8.35,2026-06-26
Colab Platforms,147.6,637.93,3011.04,-12.63,148.9,24.27,2026-06-26
Colgate-Palmoliv,1993.0,40.34,54206.74,3.01,9.08,108.0,2026-06-26
Colinz Labs,75.55,18.67,9.52,13.33,20.69,7.2,2026-06-26
Colorchips New,12.29,,20.91,17.5,50.0,-8.7,2026-06-26
Comfort Comtrade,14.52,,14.55,-19.96,-28.0,-27.07,2026-06-26
Comfort Fincap,7.0,9.16,68.64,38.96,3.36,10.19,2026-06-26
Comfort Intech,5.94,,190.04,2.04,2.15,2.68,2026-06-26
Commerl. Synbags,162.13,24.26,654.02,-1.66,3.26,15.01,2026-06-26
Committed Cargo,325.0,32.15,376.17,34.11,20.27,16.48,2026-06-26
Competent Auto,372.25,9.18,228.93,24.47,9.49,8.58,2026-06-26
Compuage Info.,1.26,,10.81,-1417.55,-69.83,-11.29,2026-06-26
Compucom Soft.,13.31,148.34,105.32,-434.12,-17.48,1.85,2026-06-26
Computer Point,3.76,1128.0,11.28,550.0,,0.03,2026-06-26
Comrade Applian.,22.75,,17.7,-206.41,-62.32,-23.19,2026-06-26
Conart Engineers,94.3,15.88,59.22,-11.2,-28.66,14.98,2026-06-26
Concord Biotech,1286.1,50.63,13454.69,-36.58,-24.19,18.51,2026-06-26
Concord Control,2802.45,68.63,2909.9,73.02,72.57,30.64,2026-06-26
Concord Drugs,76.33,96.69,100.56,5100.0,346.61,5.24,2026-06-26
Concord Enviro,355.35,32.26,735.44,-78.51,-0.46,6.63,2026-06-26
Confidence Fut.,35.5,14.08,88.82,-2.36,-17.89,3.28,2026-06-26
Confidence Petro,71.87,25.71,2387.82,37.5,31.45,9.23,2026-06-26
Connplex Cinemas,204.75,15.0,391.07,38.91,51.97,43.57,2026-06-26
Cons. Finvest,225.11,13.47,728.55,-39.95,-29.3,5.65,2026-06-26
Consecutive Commodities,0.97,23.01,62.14,60.0,7.82,17.44,2026-06-26
Constronics,43.36,19.27,54.33,-83.33,-61.2,7.9,2026-06-26
Cont. Chemicals,63.5,28.0,14.28,-40.0,16.67,11.84,2026-06-26
Cont. Petroleums,86.13,24.06,81.57,85.29,-22.56,9.51,2026-06-26
Cont. Securities,13.2,18.36,40.2,78.12,46.58,13.6,2026-06-26
Containe Tech.,22.06,15.13,15.43,78.05,35.8,8.23,2026-06-26
Container Corpn.,469.8,28.81,35780.81,-12.39,-1.07,12.41,2026-06-26
Containerway Int,18.86,,21.83,33.33,-71.96,-19.91,2026-06-26
Contil India,22.33,15.09,34.55,2.27,0.7,23.97,2026-06-26
Continental Seed,11.75,16.06,16.38,41.38,-13.28,5.05,2026-06-26
Control Print,640.05,24.87,1023.71,-83.21,14.58,16.45,2026-06-26
Cool Caps,25.4,35.7,298.77,-53.49,85.27,11.26,2026-06-26
Coral India Fin.,31.65,8.62,127.56,14.47,0.0,8.06,2026-06-26
Coral Labs.,626.05,13.83,223.5,54.73,-5.87,10.99,2026-06-26
Coral Newsprints,10.2,,5.15,168.0,,,2026-06-26
Cords Cable,208.39,13.05,269.4,84.41,14.43,17.73,2026-06-26
Coromandel Engg.,57.83,1186.65,201.73,-70.61,110.91,10.4,2026-06-26
Coromandel Inter,2000.4,29.41,59015.09,-42.51,20.35,22.75,2026-06-26
Corona Remedies,1893.3,58.02,11579.44,43.75,20.23,33.29,2026-06-26
Corporate Merch,57.36,149.05,363.69,-84.36,,2.68,2026-06-26
COSCO (India),204.35,85.03,85.03,174.81,14.55,4.89,2026-06-26
Cosmic CRF,1087.35,19.8,1001.04,127.6,77.46,13.6,2026-06-26
Cosmo Ferrites,189.5,,227.97,116.77,39.58,4.55,2026-06-26
Cosmo First,803.55,13.05,2109.3,53.17,36.85,11.25,2026-06-26
Cospower Engine.,1770.0,24.97,325.06,568.32,261.36,38.25,2026-06-26
COSYN,20.93,142.73,15.7,-57.14,-64.64,2.27,2026-06-26
Country Club Hos,12.68,26.17,207.27,-4.19,42.87,2.51,2026-06-26
Country Condo,4.79,63.0,37.17,100.0,40.46,3.42,2026-06-26
Covance Softsol,166.85,10.75,369.5,428.12,76.48,31.41,2026-06-26
CP Capital,106.37,4.54,193.52,6.28,15.37,9.83,2026-06-26
Craftsman Auto,9252.0,63.3,24198.08,56.46,27.28,13.91,2026-06-26
Crane Infra,12.45,19.61,9.02,-47.83,0.0,2.08,2026-06-26
Cranes Software,3.69,,70.83,,-17.1,,2026-06-26
Cranex,94.07,25.64,61.8,22.92,18.69,10.36,2026-06-26
Cravatex,386.7,14.67,99.77,11.11,-34.72,7.91,2026-06-26
Crayons Advertis,27.5,17.87,67.18,-94.03,26.88,5.55,2026-06-26
Crazy Snacks,,15.88,100.54,,,16.2,2026-06-26
Creative Casting,543.95,16.18,70.71,-2.86,7.53,14.33,2026-06-26
Creative Eye,6.31,,12.66,-147.83,-65.0,-4.54,2026-06-26
Creative Graphic,144.95,18.76,352.03,-43.46,23.23,17.98,2026-06-26
Creative Newtech,731.6,15.63,1098.62,29.57,83.17,18.75,2026-06-26
Credent Global,29.8,7.32,183.15,-99.7,0.99,21.64,2026-06-26
CreditAcc. Gram.,1462.3,30.14,23434.75,619.23,13.55,9.98,2026-06-26
Credo Brands,87.46,11.83,571.94,10.12,5.93,13.8,2026-06-26
Crescentis Capital,119.75,,203.74,-94.44,-99.46,-4.87,2026-06-26
Cressanda Railwa,2.45,,101.65,-387.91,-94.18,0.29,2026-06-26
Crest Ventures,392.75,23.86,1117.36,8.02,-32.76,5.67,2026-06-26
Crestchem,130.7,14.47,39.21,80.33,41.49,43.41,2026-06-26
Crimson Metal,48.28,152.71,21.38,,-34.49,7.92,2026-06-26
CRISIL,4089.9,35.63,29909.45,45.93,30.06,32.55,2026-06-26
Crizac,201.39,16.08,3523.97,50.26,15.02,52.34,2026-06-26
Croissance Ltd,1.39,190.6,9.53,-100.0,,0.84,2026-06-26
Crompton Gr. Con,275.3,50.61,17726.98,-31.74,10.9,18.98,2026-06-26
Crop Life Scienc,43.0,10.6,73.7,22.96,-7.81,11.56,2026-06-26
Cropster Agro,5.4,32.92,453.6,-54.49,-68.25,12.45,2026-06-26
Crown Lifters,110.68,14.46,128.28,-30.41,4.31,13.41,2026-06-26
Cryogenic OGS,279.35,43.08,398.91,35.05,1.39,26.9,2026-06-26
Crystal Business,2.08,173.83,20.86,351.18,-28.79,2.59,2026-06-26
CSB Bank,324.6,8.89,5631.35,5.85,22.43,7.05,2026-06-26
CSL Finance,225.97,5.97,514.82,2.9,21.71,14.42,2026-06-26
CSM Technologies,,36.08,583.12,,,23.84,2026-06-26
Cube Highways,152.0,139.03,20429.86,318.54,37.37,6.44,2026-06-26
Cubex Tubings,84.34,16.21,120.77,-40.43,6.14,11.45,2026-06-26
Cubical Finan,3.72,142.59,24.24,216.67,-20.59,2.11,2026-06-26
Cummins India,5642.0,64.51,156396.24,18.0,21.89,39.5,2026-06-26
Cupid,182.61,226.81,24554.85,213.94,116.07,33.46,2026-06-26
Cupid Breweries,32.24,,294.49,,,,2026-06-26
Cura Tech.,80.76,,79.95,-492.0,,-7.74,2026-06-26
Curis Lifescien.,102.0,11.9,82.46,-31.66,-4.77,21.25,2026-06-26
Current Infra.,114.1,15.55,218.48,84.73,153.61,26.98,2026-06-26
CWD,316.3,63.72,708.57,56.12,293.56,17.98,2026-06-26
Cybele Industrie,48.62,1.48,52.0,4504.76,-11.34,45.26,2026-06-26
Cyber Media Ind,16.74,7.89,34.58,369.39,30.37,62.36,2026-06-26
Cyber Media Res.,68.25,5.4,19.98,109.52,38.37,21.77,2026-06-26
Cybertech Sys.,151.12,15.46,470.45,-26.35,1.37,17.29,2026-06-26
Cyient,886.25,20.81,9849.94,-59.6,0.93,12.28,2026-06-26
Cyient DLM,465.0,50.26,3691.33,-27.71,-13.78,9.9,2026-06-26
D & H India,260.0,31.76,266.11,14.85,22.13,14.39,2026-06-26
D B Corp,199.55,10.71,3557.07,18.84,5.25,18.23,2026-06-26
D P Wires,213.03,18.78,330.21,132.43,-6.21,9.15,2026-06-26
D-Link India,516.05,17.61,1832.23,0.66,20.0,28.27,2026-06-26
D.K. Enterprises,70.85,9.33,53.19,-7.92,13.55,19.21,2026-06-26
D.P. Abhushan,953.25,10.27,2176.07,101.19,86.09,39.57,2026-06-26
Dabur India,423.9,39.44,75197.84,15.14,7.35,20.44,2026-06-26
Dachepalli Pub.,86.39,8.51,129.38,122.41,94.04,23.84,2026-06-26
Dai-ichi Karkari,314.62,,234.39,-98.55,-41.12,-1.01,2026-06-26
Daikaffil Chem,56.64,,33.98,-154.29,-50.75,-27.84,2026-06-26
Dalal Street Inv,394.0,,12.61,131.71,,0.48,2026-06-26
Dalmia Bharat,324.95,11.38,2630.12,-46.94,-2.44,8.25,2026-06-26
Dalmia BharatLtd,1720.4,29.85,32268.85,-9.13,3.76,7.59,2026-06-26
Dalmia Industria,10.5,354.33,21.26,-100.0,-44.51,3.08,2026-06-26
Dam Capital Advi,150.0,14.62,1060.29,-96.93,-20.05,35.64,2026-06-26
Damodar Indust.,31.36,13.61,73.07,-71.34,30.95,7.49,2026-06-26
Dangee Dums,3.25,,50.04,-523.53,8.29,2.05,2026-06-26
Danish Power,1030.45,28.98,2029.12,9.23,18.61,23.75,2026-06-26
Danlaw Tech.,1008.7,21.37,491.3,46.32,28.44,27.22,2026-06-26
Danube Industrie,8.38,56.07,76.25,-56.67,-10.02,7.44,2026-06-26
Dar Credit & Cap,36.0,5.07,51.39,60.73,41.78,13.39,2026-06-26
Darjeeling Industriies,37.5,17.34,29.48,116.67,,22.21,2026-06-26
Darshan Orna,2.31,39.84,23.11,-18.18,944.58,3.58,2026-06-26
Data Pattern,4506.6,92.21,25229.74,21.3,-12.96,23.28,2026-06-26
Datamatics Glob.,799.8,19.76,4727.33,31.1,4.45,20.81,2026-06-26
Datiware Mari.,28.63,,14.32,-30.0,0.0,0.96,2026-06-26
Daulat Securitie,30.98,,15.49,-52.06,-65.12,-9.59,2026-06-26
Davangere Sugar,3.59,60.33,513.37,0.52,47.29,5.56,2026-06-26
Davin Sons Reta,28.0,24.05,18.52,-78.49,-43.09,6.14,2026-06-26
DB Intl.Stock,31.0,34.89,108.5,-82.84,-21.85,7.28,2026-06-26
DC Infotech,269.05,20.7,441.24,55.65,38.62,22.98,2026-06-26
DCB Bank,186.15,8.2,5995.47,16.14,9.49,7.4,2026-06-26
DCG Cables,56.5,11.84,102.55,-15.41,33.36,13.45,2026-06-26
DCM,98.34,63.56,183.68,-260.64,13.47,14.59,2026-06-26
DCM Financial,5.5,,12.17,83.95,,-4.92,2026-06-26
DCM Nouvelle,150.3,74.66,280.73,-19.2,-6.5,4.27,2026-06-26
DCM Shriram,1045.6,18.69,16305.33,92.98,11.0,11.8,2026-06-26
DCM Shriram Fine Chemicals,23.91,,208.0,-186.65,-17.69,0.74,2026-06-26
DCM Shriram Inds,37.93,11.93,495.29,-19.32,11.29,11.03,2026-06-26
DCM Shriram Intl,71.6,59.49,622.86,-87.99,-3.22,3.57,2026-06-26
DCW,48.19,29.53,1422.35,60.57,13.23,9.69,2026-06-26
DCX Systems,191.3,,2130.82,-101.45,-62.31,0.87,2026-06-26
DDev Plastiks,272.43,13.97,2819.01,5.39,3.92,31.0,2026-06-26
De Neers Tools,194.95,6.83,172.46,135.87,40.46,25.76,2026-06-26
DE Nora India,929.4,54.47,493.51,-119.16,9.14,9.62,2026-06-26
Debock Industrie,0.93,,15.13,5.0,-100.0,-0.77,2026-06-26
Dec.Gold Mines,194.38,,3862.36,-47.27,1885.11,-13.09,2026-06-26
Deccan Cements,590.75,46.31,827.49,-202.01,79.86,3.31,2026-06-26
Deccan Healthcar,13.38,13.3,33.11,175.0,1.11,3.28,2026-06-26
Deccan Polypacks,34.0,,7.19,-100.0,,-400.0,2026-06-26
Deccan Transcon,21.35,5.95,48.51,194.62,-3.25,8.31,2026-06-26
Decillion Financ,35.55,,12.44,-155.0,-3.85,0.08,2026-06-26
Decipher Labs,7.3,,7.37,91.24,2.86,-16.67,2026-06-26
Deco-Mica,53.51,32.57,22.47,-95.4,-8.96,6.99,2026-06-26
DEE Development,667.3,58.56,4621.94,-16.38,26.26,10.92,2026-06-26
Deem Roll-Tech,54.0,20.75,45.02,158.82,-2.09,5.47,2026-06-26
Deep Health AI,2.15,4.68,30.99,207.32,-44.44,20.22,2026-06-26
Deep Industries,474.8,8.21,3038.72,417.4,48.72,16.48,2026-06-26
Deep Polymers,38.57,14.0,93.26,576.92,15.43,8.75,2026-06-26
Deepak Builders,8.35,9.81,388.95,29.55,5.32,13.55,2026-06-26
Deepak Chemtex,77.01,10.14,83.66,-41.35,-9.56,19.45,2026-06-26
Deepak Fertilis.,1566.4,26.82,19773.89,-49.72,12.9,11.58,2026-06-26
Deepak Nitrite,1622.4,39.52,22128.41,8.56,-2.72,11.49,2026-06-26
Deepak Spinners,127.9,25.26,91.95,480.0,-0.61,2.9,2026-06-26
Defrail Technologies,69.1,12.1,48.54,37.02,25.28,27.58,2026-06-26
Delaplex,100.2,7.11,91.28,-3.1,0.38,20.14,2026-06-26
Delhivery,464.8,194.99,34806.46,-2.29,30.04,2.82,2026-06-26
Delphi World,8.27,65.43,202.84,-172.47,445.11,8.95,2026-06-26
Delta Auto.,34.5,8.04,52.75,-47.28,-28.28,11.81,2026-06-26
Delta Corp,64.45,19.3,1725.78,-28.81,-11.72,5.02,2026-06-26
Delta Industrial,11.54,,6.22,-16.67,,-0.42,2026-06-26
Delta Manufact.,60.82,,66.0,17.54,18.6,-0.45,2026-06-26
Delton Cables,416.8,24.75,360.12,-73.14,58.39,14.81,2026-06-26
Den Networks,31.24,8.99,1490.85,-38.24,-3.04,5.58,2026-06-26
Denis Chem Lab,72.29,11.93,100.31,-43.66,12.98,14.01,2026-06-26
Denta Water,324.75,14.24,867.08,-33.6,2.14,18.84,2026-06-26
Desco Infra.,215.55,10.1,165.46,75.73,108.01,30.15,2026-06-26
Desh Rakshak,34.3,34.91,19.55,-16.67,-21.41,6.53,2026-06-26
Desi Farms India,640.95,302.14,63.45,100.0,-33.33,-157.45,2026-06-26
Dev Accele.,35.72,38.85,338.03,317.31,-9.39,12.04,2026-06-26
Dev Information,26.27,129.89,148.07,645.08,4.5,3.46,2026-06-26
Dev Labtech,21.5,10.66,102.02,1039.51,258.48,20.95,2026-06-26
Devine Impex,8.0,254.33,7.63,,-19.35,0.29,2026-06-26
Devyani Intl.,112.84,,13912.49,7.8,18.5,4.66,2026-06-26
Dhabriya Poly.,385.3,13.84,417.06,54.93,9.88,25.64,2026-06-26
Dhampur Bio,112.05,29.54,743.87,3.28,16.25,4.88,2026-06-26
Dhampur Sugar,136.75,13.51,879.39,-6.88,-20.75,6.43,2026-06-26
Dhampur.Spl.Sug.,119.85,18.49,104.64,148.28,33.77,19.67,2026-06-26
Dhanalaxmi Roto,78.3,8.89,61.08,-83.74,76.94,15.64,2026-06-26
Dhanashree Elect,161.95,62.28,229.81,-19.05,15.86,10.0,2026-06-26
Dhanlaxmi Bank,32.0,12.29,1263.04,50.07,26.36,5.81,2026-06-26
Dhanlaxmi Cotex,114.2,695.38,55.63,89.47,189.66,0.11,2026-06-26
Dhanlaxmi Crop,29.7,,48.49,-1215.22,-0.11,0.93,2026-06-26
Dhanlaxmi Fabric,50.38,,43.23,-26.92,66.0,-5.65,2026-06-26
Dhansa Labs,21.0,9.14,52.39,78.63,32.7,7.99,2026-06-26
Dhansafal Fin,2.41,74.99,54.74,163.16,97.83,4.03,2026-06-26
Dhanuka Agritech,1062.6,16.49,4736.89,29.5,9.35,23.97,2026-06-26
Dhanuka Infra Realty,11.75,10.48,11.21,-66.79,-35.99,8.86,2026-06-26
Dhanvantri Jeev.,25.35,25.98,10.39,900.0,24.19,3.88,2026-06-26
Dhanwel Hybrid,,14.73,90.12,,,38.22,2026-06-26
Dhara Rail Pro.,159.8,15.61,241.04,180.27,5.27,35.5,2026-06-26
Dharan Infra-EPC,0.16,,83.66,-874.42,-43.55,-3.61,2026-06-26
Dharani Finance,14.73,13.38,7.36,-31.58,-13.16,8.21,2026-06-26
Dhariwalcorp,36.8,40.28,345.97,,,,2026-06-26
Dharmaj Crop,265.05,16.38,895.8,263.52,11.36,16.45,2026-06-26
Dharni Capital,65.1,28.4,132.61,17.5,41.67,22.39,2026-06-26
Dhatre Udyog,4.59,,50.01,-76.47,-100.0,-3.87,2026-06-26
Dhenu Buildcon,11.02,,6539.04,-6733.33,-9500.0,0.04,2026-06-26
Dhillon Freight,32.7,9.5,12.82,-47.06,4.34,16.42,2026-06-26
Dhoot Indl.Fin,230.8,8.11,145.82,126.82,19.83,5.0,2026-06-26
DHP India,523.35,14.2,157.01,-93.67,27.91,6.49,2026-06-26
Dhruv Consultanc,28.18,,53.45,-103.02,-69.86,-32.69,2026-06-26
Dhruva Cap.Serv.,425.0,118.91,305.59,-54.55,75.51,12.97,2026-06-26
Dhunseri Invest.,850.1,28.82,518.32,91.46,28.96,3.24,2026-06-26
Dhunseri Tea,139.01,,146.06,34.92,-35.75,1.8,2026-06-26
Dhunseri Vent.,235.72,9.06,825.49,128.82,-47.1,4.57,2026-06-26
Dhyaani Trade,5.1,124.0,8.68,7.14,226.53,0.45,2026-06-26
Diamines & Chem.,240.96,,242.25,-292.06,-48.19,-8.35,2026-06-26
Diamond Power,206.28,73.66,10870.36,638.19,114.08,24.2,2026-06-26
Diana Tea Co,26.65,22.83,39.95,-8.66,-20.29,4.16,2026-06-26
DIC India,509.65,22.52,467.81,63.71,14.42,6.42,2026-06-26
Diensten Tech,120.2,,99.29,,,,2026-06-26
Diffusion Eng,388.3,28.57,1453.26,22.81,38.08,16.42,2026-06-26
Diggi Multitrade,13.99,,13.54,100.0,-100.0,-1.19,2026-06-26
Digicontent,27.73,43.14,161.35,-85.53,3.34,23.95,2026-06-26
Digidrive Dist.,18.54,12.16,71.49,-131.69,-7.28,3.06,2026-06-26
Digikore Studios,48.85,4.89,61.87,165.1,134.05,24.67,2026-06-26
Digilogic Systems,125.3,35.56,362.76,,,18.72,2026-06-26
DigiSpice Tech.,19.68,18.96,461.83,569.73,-8.25,12.08,2026-06-26
Digitide Solutio,86.36,125.88,1287.72,-118.68,9.21,10.86,2026-06-26
Digjam,47.0,40.52,94.0,146.0,32.85,5.21,2026-06-26
Diksha Polymers,114.2,14.41,59.35,,,33.23,2026-06-26
Diligent Indust.,2.14,19.55,51.02,-4.55,-42.6,5.66,2026-06-26
Diligent Media,2.78,,32.72,-251.26,-71.38,-1.17,2026-06-26
Dilip Buildcon,459.7,12.2,7467.59,-60.27,-25.72,13.32,2026-06-26
Dindigul Farm,16.2,10.64,39.58,136.83,76.41,8.84,2026-06-26
Dipna Pharmachem,7.2,9.23,18.93,314.71,-18.85,6.64,2026-06-26
Disa India,12519.0,32.38,1820.52,-15.84,-16.17,26.63,2026-06-26
Dish TV India,3.16,,581.85,-244.96,-29.27,,2026-06-26
Disha Resources,25.51,,18.66,500.0,,-0.13,2026-06-26
Dishman Carbogen,170.02,26.9,2665.63,-59.43,18.85,3.15,2026-06-26
Divgi Torq,855.25,55.73,2615.6,189.35,84.85,10.21,2026-06-26
Divi's Lab.,6713.5,67.94,178222.33,13.44,9.52,21.96,2026-06-26
Divine Hira Jew.,319.0,58.37,416.2,30.72,72.04,16.1,2026-06-26
Divine Power,476.05,44.49,1188.46,,,,2026-06-26
Divyadhan Recy.,47.9,40.08,68.53,1358.33,54.24,7.14,2026-06-26
Divyashakti,49.05,47.97,50.37,-82.98,-52.33,0.76,2026-06-26
Dixon Technolog.,12013.0,51.01,73382.52,13.15,2.12,41.97,2026-06-26
DJ Mediaprint,117.11,40.1,402.6,134.65,95.86,16.21,2026-06-26
DJS Stock,1.87,705.5,14.11,-100.0,,0.61,2026-06-26
DLF,621.35,36.33,153803.49,-3.22,-42.0,6.34,2026-06-26
DMCC Speciality,258.85,23.62,645.57,18.39,41.89,15.34,2026-06-26
DMR Engineering,32.99,24.49,34.29,-137.61,-28.92,18.94,2026-06-26
Docmode Health,40.5,,12.73,82.69,-12.59,-0.29,2026-06-26
Dodla Dairy,1108.7,26.4,6688.54,-2.0,18.12,16.72,2026-06-26
Dolat Algotech,72.99,9.96,1284.62,17.75,10.52,18.13,2026-06-26
Dolfin Rubbers,170.4,30.85,170.91,5.84,23.32,14.93,2026-06-26
Dollar Industrie,263.1,14.11,1492.2,10.13,12.28,13.61,2026-06-26
Dollex Agrotech,30.1,14.28,120.25,2629.41,-8.49,5.52,2026-06-26
Dolphin Kitchen Utensils,9.35,3.46,12.4,-98.52,-80.23,7.5,2026-06-26
Dolphin Medical,8.69,328.0,13.12,114.29,35.71,0.64,2026-06-26
Dolphin Offshore,372.25,21.73,1489.17,171.1,121.92,14.92,2026-06-26
DOMS Industries,2252.1,59.38,13667.62,17.13,18.72,24.33,2026-06-26
Donear Inds.,90.58,10.84,471.02,217.9,-7.25,13.52,2026-06-26
Dr Agarwal's Eye,5059.5,34.88,2445.17,1.56,20.21,17.36,2026-06-26
Dr Agarwal's Hea,484.65,115.96,15362.58,14.88,22.57,11.12,2026-06-26
Dr Lal Pathlabs,1689.2,53.68,28317.37,-15.18,16.61,28.29,2026-06-26
Dr Lalchand. Lab,7.08,102.17,6.13,-148.15,-8.58,0.79,2026-06-26
Dr Reddy's Labs,1350.5,26.86,112722.97,-86.14,-11.51,13.64,2026-06-26
DRA Consultants,18.98,7.2,20.82,13.53,30.79,11.61,2026-06-26
DRC Systems,14.21,10.21,204.74,17.01,60.66,25.15,2026-06-26
Dreamfolks Servi,67.54,31.12,359.78,-187.62,-83.24,5.71,2026-06-26
Dredging Corpn.,1067.4,629.2,2988.72,261.22,3.42,4.28,2026-06-26
Drone Destinatio,42.0,87.59,102.48,95.66,82.82,6.16,2026-06-26
Droneacharya Aer,41.0,258.82,98.35,89.66,-33.2,1.03,2026-06-26
DRS Dilip Road,110.0,27.16,165.69,-10.07,-0.68,20.51,2026-06-26
DSJ Keep Learn,1.96,,30.52,-1800.0,-54.68,-11.05,2026-06-26
DSM Fresh,80.91,12.37,180.33,11.23,95.85,23.27,2026-06-26
DU Digital,38.1,47.59,274.1,60.66,6.18,8.14,2026-06-26
Ducol Organics,109.0,24.5,177.6,109.95,84.55,10.26,2026-06-26
Ducon Tech,3.32,9.83,107.88,-48.75,-15.49,9.33,2026-06-26
Duke Offshore,23.47,,23.13,-24.07,,-13.14,2026-06-26
Duncan Engg.,366.5,27.9,135.61,-5.6,20.84,11.0,2026-06-26
Durlax Top,47.0,10.76,135.98,134.15,84.07,16.96,2026-06-26
Duropack,56.01,15.96,29.52,188.24,16.28,12.13,2026-06-26
Duroply Indust.,124.2,44.03,134.74,-267.57,4.93,7.81,2026-06-26
Dutron Polymers,101.7,22.6,61.02,36.11,-2.62,11.7,2026-06-26
Dwarikesh Sugar,42.69,25.65,791.05,23.92,-7.28,4.62,2026-06-26
Dynacons Sys.,1378.8,20.71,1756.19,5.28,21.63,29.73,2026-06-26
Dynamatic Tech.,10232.0,138.92,6949.0,10.88,13.79,9.98,2026-06-26
Dynamic Cables,377.4,21.66,1828.83,2.59,7.33,26.69,2026-06-26
Dynamic Industri,109.75,18.27,33.25,-7.46,-8.69,5.92,2026-06-26
Dynamic Portfol,16.01,37.44,18.72,3600.0,0.0,4.81,2026-06-26
Dynamic Services,180.85,7.35,317.12,198.44,71.34,16.73,2026-06-26
Dynavision,190.0,9.02,72.96,296.19,1.46,19.8,2026-06-26
Dynemic Products,235.2,14.66,292.32,54.31,10.77,11.29,2026-06-26
E Factor Experie,181.0,12.08,237.68,-26.66,-9.5,24.71,2026-06-26
E to E Transportation,280.0,28.76,483.21,1.64,69.24,14.79,2026-06-26
E-Land Apparel,13.18,,63.25,-243.94,-14.49,,2026-06-26
E2E Networks,412.3,,8475.44,-52.68,185.66,-0.51,2026-06-26
Earkart,136.9,38.19,188.29,,,17.48,2026-06-26
Earthstahl &All.,16.7,,20.44,-1121.43,-22.28,-9.85,2026-06-26
East Buildtech,68.19,,12.8,792.86,0.0,-4.1,2026-06-26
East India Drums,102.75,31.56,151.81,8.25,-14.11,34.98,2026-06-26
East WestFreight,2.55,,32.53,,-32.6,1.6,2026-06-26
Eastcoast Steel,17.9,16.67,9.67,150.0,414.07,3.12,2026-06-26
Eastern Treads,28.21,,14.76,-526.09,-14.49,1.9,2026-06-26
Easun Capital Ma,55.0,119.83,28.76,-5.0,227.27,1.32,2026-06-26
Easy Trip Plann.,7.2,,2868.95,-188.41,8.91,0.63,2026-06-26
eClerx Services,1404.5,18.7,13209.42,24.45,23.27,34.81,2026-06-26
Eco Hotels,13.75,,72.24,-467.01,1800.0,-18.1,2026-06-26
Eco Recyc.,415.9,34.71,802.55,267.79,90.48,29.97,2026-06-26
Ecoboard Inds.,58.47,,154.4,-48.18,335.91,-44.27,2026-06-26
Ecoline Exim,205.45,20.88,421.49,8.82,0.69,17.08,2026-06-26
Econo Trade Indi,7.44,6.37,13.89,-53.52,-30.83,7.21,2026-06-26
Ecoplast,465.0,18.41,221.09,13.22,5.4,14.4,2026-06-26
Ecos (India),133.59,13.92,801.54,-12.89,16.66,30.32,2026-06-26
ECS Biztech,9.44,646.67,19.4,0.0,-23.26,7.05,2026-06-26
Edelweiss.Fin.,122.45,18.94,11590.28,-16.84,-15.88,14.1,2026-06-26
Educomp Sol.,0.99,,12.12,-5.4,-5.71,,2026-06-26
Edvenswa Enter,25.15,8.83,73.48,-89.18,0.9,4.36,2026-06-26
EFC (I),186.08,11.89,2752.98,58.16,38.8,19.85,2026-06-26
Effwa Infra,365.0,29.52,844.87,20.33,31.25,29.26,2026-06-26
Eforu Entertainment,77.31,53.13,46.22,-104.55,-100.0,12.51,2026-06-26
Eicher Motors,7598.0,37.52,208563.22,11.58,16.01,30.52,2026-06-26
EID Parry,709.75,18.22,12630.41,-90.86,15.73,17.81,2026-06-26
Eighty Jewellers,38.0,3.98,38.76,1008.47,23.2,25.12,2026-06-26
EIH,326.45,28.52,20415.01,-11.57,8.19,20.69,2026-06-26
EIH Assoc.Hotels,322.05,21.81,1962.45,-18.69,-9.09,21.14,2026-06-26
Eiko Lifescience,49.89,15.9,71.57,56.33,62.73,11.08,2026-06-26
Eimco Elecon(I),1728.9,28.41,997.58,-57.23,4.03,10.29,2026-06-26
Ekansh Concept,220.0,,332.81,-201.78,-55.26,1.48,2026-06-26
Ekennis Software,116.05,,16.25,27.27,-36.94,-9.94,2026-06-26
EKI Energy,86.57,,239.68,-29.33,12.34,-3.84,2026-06-26
EL Forge,19.63,16.69,39.9,116.36,14.85,11.08,2026-06-26
Elango Industrie,13.5,,5.16,16.67,-100.0,-3.51,2026-06-26
Elantas Beck,10540.0,57.23,8355.78,-5.45,7.78,21.21,2026-06-26
Elcid Investment,115975.0,21.37,2319.5,-110.95,-264.53,1.43,2026-06-26
Eldeco Housing,813.95,32.96,800.36,49.69,63.7,7.72,2026-06-26
Elecon Engg.Co,522.2,33.13,11718.16,-50.66,-6.51,20.86,2026-06-26
Electro Force,21.85,81.16,51.13,-119.49,-73.78,1.31,2026-06-26
Electronics Mart,119.14,44.68,4583.9,38.15,14.96,8.14,2026-06-26
Electrost.Cast.,78.6,25.61,4858.93,-90.51,-12.23,5.21,2026-06-26
Electrotherm(I),1139.55,,1452.11,-88.22,-1.82,0.45,2026-06-26
Elegant Floricul,5.14,5.5,11.77,-158.33,-100.0,10.02,2026-06-26
Elegant Marbles,183.35,15.01,54.33,-60.0,33.7,3.77,2026-06-26
Eleganz Interior,71.5,7.17,161.59,82.63,44.17,19.29,2026-06-26
Elfin Agro India,75.0,25.25,145.69,,,24.8,2026-06-26
Elgi Equipments,604.05,43.39,19142.89,25.49,12.06,23.73,2026-06-26
Elgi Rubber Co,48.61,,243.54,-179.7,-11.19,-12.92,2026-06-26
Elin Electronics,99.43,21.22,494.26,-104.41,2.67,6.85,2026-06-26
Elitecon Inter.,27.46,13.7,4389.48,676.39,1750.04,,2026-06-26
Elixir Capital,118.75,22.78,69.02,9.98,-389.47,6.61,2026-06-26
Ellen.Indl.Gas,269.85,36.43,3803.15,25.37,6.01,15.23,2026-06-26
Elnet Technolog,334.75,6.67,133.9,6.13,17.78,15.41,2026-06-26
Elpro Internatio,172.19,33.4,2918.26,-1347.9,165.37,6.57,2026-06-26
EMA India,837.55,,84.59,-118.18,,-43.4,2026-06-26
EMA Partners,85.9,16.22,199.69,-10.34,34.71,10.35,2026-06-26
Emami,396.95,22.09,17326.87,-11.71,-3.94,29.56,2026-06-26
Emami Paper,85.25,8.29,515.76,682.14,4.52,11.42,2026-06-26
Emami Realty Ltd,83.42,,434.07,17.36,435.07,-6.9,2026-06-26
Embassy Develop,63.71,,8859.73,-310.73,-61.47,-2.38,2026-06-26
Embassy Off.REIT,428.26,142.1,40594.5,-77.05,10.95,5.7,2026-06-26
Emcure Pharma,1880.2,37.7,35659.79,21.01,16.7,23.97,2026-06-26
Emerald Finance,54.69,13.05,188.9,58.2,51.16,21.2,2026-06-26
Emerald Leisures,200.0,,300.37,74.79,29.18,9.09,2026-06-26
Emerald Tyre,94.0,17.72,183.08,-31.6,11.9,12.26,2026-06-26
Emergent Indust.,434.9,156.5,198.75,223.15,284.55,11.36,2026-06-26
Emiac Technologies,99.05,33.5,121.27,,,99.84,2026-06-26
Emk.Global Fin.,279.27,50.03,760.46,-33.33,108.88,7.92,2026-06-26
Emkay Taps & Cut,94.8,12.47,101.16,170.15,-98.88,3.48,2026-06-26
Emkay Tools,1000.0,18.17,1067.13,39.96,31.74,70.68,2026-06-26
Emmbi Industries,96.16,20.72,185.01,41.72,7.3,8.75,2026-06-26
Emmessar Biotech,25.06,28.48,12.53,142.86,-10.0,7.33,2026-06-26
Emmforce Auto.,150.7,37.45,308.93,-10.47,12.54,11.68,2026-06-26
Emmvee Photovol.,337.25,21.59,23349.34,89.43,62.25,44.83,2026-06-26
Empire Inds.,980.95,11.35,588.57,331.53,4.82,17.98,2026-06-26
Empower India,2.27,14.67,264.18,15588.89,175.33,5.29,2026-06-26
Emrock Corporation,267.4,349.61,423.03,156.25,88.0,8.48,2026-06-26
EMS,419.9,25.76,2331.74,-88.0,-55.34,12.51,2026-06-26
eMudhra,440.75,34.9,3649.93,21.22,31.67,15.69,2026-06-26
Enbee Trade,0.24,3.4,42.53,140.85,18.21,16.04,2026-06-26
Encompass Design,235.05,25.61,333.38,-16.19,1.73,25.62,2026-06-26
Endurance Tech.,2699.2,39.25,37967.72,17.32,37.88,18.28,2026-06-26
Energy Devl.Co.,16.29,59.07,77.38,63.59,47.87,14.27,2026-06-26
Energy InfrTrust,79.0,44.51,5245.6,52.53,3.84,5.47,2026-06-26
Energy-Mission,132.85,12.61,150.47,-11.27,8.56,16.32,2026-06-26
Enfuse Solutions,158.0,,139.79,-850.0,10.55,-22.06,2026-06-26
Engineers India,251.82,20.46,14153.35,-30.12,-8.31,30.63,2026-06-26
Enkei Wheels,398.75,52.94,716.75,89.25,31.18,7.66,2026-06-26
Enser,15.5,15.18,135.1,44.97,59.84,24.08,2026-06-26
Ent.Network,108.44,265.1,516.94,-18.52,-10.16,-0.75,2026-06-26
Entero Healthcar,1180.4,43.04,5137.29,9.03,42.63,10.55,2026-06-26
Enterprise Intl.,21.0,,6.27,200.0,-100.0,-0.15,2026-06-26
Envair Electrody,86.5,364.91,40.14,52.17,,1.47,2026-06-26
Enviro Infra,218.55,20.27,3836.21,-28.86,8.75,20.39,2026-06-26
Envirotech Sys.,81.45,12.64,153.04,-45.37,0.73,22.66,2026-06-26
EP Biocomposites,99.0,11.4,16.65,65.06,25.92,16.27,2026-06-26
Epack Durable,233.85,690.28,2250.3,-99.95,-8.12,4.55,2026-06-26
EPack PrefabTech,239.96,26.07,2414.69,51.3,42.41,21.71,2026-06-26
Epic Energy,35.07,38.16,27.86,-51.52,-21.85,6.77,2026-06-26
Epigral,1106.2,14.63,4772.29,-5.41,17.29,15.3,2026-06-26
EPL Ltd,229.22,17.86,7341.45,-0.56,17.65,17.84,2026-06-26
Eppeltone Ene.,95.8,10.03,124.15,-11.69,19.28,18.54,2026-06-26
Epsom Properties,8.84,,6.59,-12.5,,-340.0,2026-06-26
Epuja Spiritech,1.18,,13.34,-531.82,-77.52,-55.59,2026-06-26
EPW India,191.35,21.31,219.66,135.23,93.33,45.45,2026-06-26
Equilateral Ent.,19.5,100.21,24.05,-225.0,49.25,2.03,2026-06-26
Equippp Social,21.65,123.31,223.2,-38.22,116.64,10.72,2026-06-26
Equitas Sma. Fin,75.14,83.37,8593.93,405.06,11.7,6.44,2026-06-26
Eraaya Lifespace,24.36,,522.02,92.94,-5.08,5.95,2026-06-26
ERIS Lifescience,1459.0,31.99,20216.97,200.1,7.27,14.14,2026-06-26
ERP Soft Systems,59.9,131.78,23.72,-66.67,-39.32,1.21,2026-06-26
Esaar (India),12.33,2.26,25.21,1216.52,751.59,30.86,2026-06-26
Esab India,5760.0,45.78,8866.38,-8.18,7.62,64.87,2026-06-26
ESAF Small Fin,32.94,,1698.64,112.83,11.55,5.64,2026-06-26
Esconet,129.55,27.75,170.96,-9.23,69.45,11.95,2026-06-26
Escorp Asset Mgt,104.0,38.8,115.61,-93.3,-77.56,5.36,2026-06-26
Escorts Kubota,2949.7,15.5,33000.58,17.12,21.4,13.93,2026-06-26
Esha Media,25.16,,19.64,-438.1,38.1,,2026-06-26
ESI,48.88,,24.44,-480.79,15.79,-5.83,2026-06-26
Espire Hospi,170.55,31.34,254.51,-6.01,5.02,12.25,2026-06-26
Esprit Stones,63.75,,139.9,-113.47,-54.33,-0.25,2026-06-26
Essar Shipping,23.23,,480.81,-95.73,100.03,,2026-06-26
Essen Speciality,116.1,,288.38,-107.93,-28.16,-1.25,2026-06-26
Essex Marine,42.73,10.24,65.21,0.0,13.87,20.19,2026-06-26
Ester Industries,89.84,,936.99,301.53,7.69,2.76,2026-06-26
Eternal,255.15,672.76,246228.7,346.15,196.45,2.97,2026-06-26
Ethos,2436.9,67.91,6520.58,-3.3,32.99,9.82,2026-06-26
Euphoria Infotec,31.0,5.81,9.0,7.32,42.33,12.86,2026-06-26
Eureka Forbes,458.3,46.65,8864.38,3.84,11.64,5.86,2026-06-26
Eureka Industrie,13.16,57.6,11.52,-202.08,-37.92,361.9,2026-06-26
Euro India Fresh,331.04,167.89,820.98,77.52,71.58,9.84,2026-06-26
Euro Leder Fash,16.47,368.0,7.36,-170.59,49.25,7.12,2026-06-26
Euro Panel,171.16,15.42,419.34,41.19,19.92,16.95,2026-06-26
Euro Pratik Sale,275.3,33.92,2813.57,45.91,28.14,38.38,2026-06-26
Eurotex Industri,17.97,,15.72,-155.69,-98.0,0.44,2026-06-26
Evans Electric,67.1,,36.82,-111.38,-76.77,1.69,2026-06-26
Eveready Inds.,364.5,18.1,2649.45,790.21,9.43,17.18,2026-06-26
Everest Inds.,461.55,,731.82,-31346.67,-27.72,-8.54,2026-06-26
Everest Kanto,120.14,9.17,1348.06,149.61,-15.14,11.56,2026-06-26
Everest Organics,266.1,46.56,258.4,-9.62,19.11,11.99,2026-06-26
Everlon Fin.,112.85,,69.97,47.36,-83.29,-25.65,2026-06-26
Evexia Lifecare,1.65,191.21,309.76,151.61,55.82,,2026-06-26
Evoq Remedies,2.44,,6.08,-116.96,-100.0,-0.56,2026-06-26
Exato Technologies,366.5,22.93,368.9,-10.68,5.01,26.66,2026-06-26
Excel Industries,906.5,15.06,1139.53,-1.05,13.48,6.06,2026-06-26
Excellent Wires,194.8,57.67,87.08,37.66,8.72,9.68,2026-06-26
Excelsoft Tech.,74.87,18.47,861.64,-16.55,16.08,13.64,2026-06-26
Exhicon Events,434.9,15.78,642.2,22.08,23.75,29.49,2026-06-26
Exicom Tele-Sys.,158.07,,2198.43,13.57,46.1,-14.66,2026-06-26
Exide Inds.,389.8,39.89,33133.0,15.19,9.22,8.54,2026-06-26
Exim Routes,105.6,19.45,198.02,40.31,55.02,24.96,2026-06-26
Expleo Solutions,826.4,9.49,1282.55,66.03,11.92,24.77,2026-06-26
Explicit Finance,9.6,,8.9,-400.0,-71.61,-0.13,2026-06-26
Expo Engineering,60.36,79.08,137.6,-142.04,-56.62,9.08,2026-06-26
Exxaro Tiles,6.85,108.3,306.48,-94.3,5.18,4.31,2026-06-26
Eyantra Ventures,654.35,,131.32,398.08,224.23,-8.42,2026-06-26
F A C T,890.0,,57589.41,-94.51,40.88,4.93,2026-06-26
F Mec Intl. Fin.,12.69,28.08,62.06,171.43,136.21,16.75,2026-06-26
Faalcon Concepts,34.58,10.66,33.7,,,,2026-06-26
Fabtech Tech.,156.92,18.84,697.52,46.19,17.54,13.58,2026-06-26
Fabtech Techn.,400.5,31.19,493.39,57.11,62.47,19.7,2026-06-26
Facor Alloys,3.55,,69.42,25.53,-23.53,-17.56,2026-06-26
Fairchem Organic,634.4,133.67,826.05,525.42,-3.19,3.33,2026-06-26
Falcon,11.3,9.99,30.27,654.29,213.22,9.55,2026-06-26
Family Care,2.93,,15.83,87.88,200.0,-25.62,2026-06-26
Faze Three,621.85,53.91,1512.28,-15.48,19.86,8.25,2026-06-26
FCS Software,1.52,74.24,259.85,55400.0,203.86,2.4,2026-06-26
FDC,408.3,22.38,6647.54,167.39,18.89,16.67,2026-06-26
Fedbank Financi.,148.37,16.17,5556.63,40.31,14.96,9.06,2026-06-26
Fedders Holding,41.74,10.7,840.71,387.73,22.69,11.19,2026-06-26
Federal Bank,324.05,18.4,79969.0,22.92,11.8,6.39,2026-06-26
Federal-Mogul Go,452.55,13.8,2517.54,-14.39,6.5,18.52,2026-06-26
Felix Industries,186.75,17.71,321.33,25.85,188.14,19.28,2026-06-26
Fermenta Biotec.,366.35,16.16,1078.2,-62.93,-13.06,20.36,2026-06-26
Fervent Synerg.,14.35,18.78,71.75,74.0,-3.7,7.21,2026-06-26
FGP,11.93,202.71,14.19,-93.33,2783.33,2.07,2026-06-26
Fiberweb (India),30.11,8.66,86.69,-130.34,-63.68,7.57,2026-06-26
Fidel Softech,149.8,14.36,205.98,42.16,155.1,26.75,2026-06-26
Fiem Industries,2229.1,22.96,5866.92,26.86,17.49,29.41,2026-06-26
Filatex Fash.,0.19,56.55,158.35,-81.77,-66.46,0.17,2026-06-26
Filatex India,52.72,12.73,2341.08,-2.73,-8.75,16.97,2026-06-26
Filmcity Media,2.35,,7.18,-25.0,,-9.49,2026-06-26
Filtra Consult.,58.01,17.05,63.6,143.28,15.46,19.2,2026-06-26
Filtron Engineer,88.16,134.93,559.96,28800.0,,11.31,2026-06-26
Finbud Financial,126.95,20.76,241.83,,,17.82,2026-06-26
Fine Line Cir.,54.81,67.59,26.36,800.0,27.42,5.06,2026-06-26
Fine Organic,5236.1,38.98,16053.87,20.97,3.05,21.47,2026-06-26
Finelistings Tec,20.37,,7.41,42.29,-79.97,-23.15,2026-06-26
Fineotex Chem,40.9,43.8,4762.81,58.29,161.9,18.3,2026-06-26
Finkurve Fin.,66.08,35.58,926.07,105.63,67.15,10.19,2026-06-26
Fino Payments,146.6,21.83,1219.98,-65.04,21.45,4.53,2026-06-26
Finolex Cables,1116.5,23.92,17075.68,17.07,22.36,16.01,2026-06-26
Finolex Inds.,176.25,18.26,10935.91,58.74,12.12,12.71,2026-06-26
First Custodian,69.09,,10.36,-600.0,-70.0,-1.63,2026-06-26
First Fintec,8.3,,8.63,-13.79,0.0,0.09,2026-06-26
Firstsour.Solu.,243.45,22.92,17212.6,27.72,19.52,16.17,2026-06-26
Fischer Medical,36.96,77.98,2419.09,-641.98,98.76,11.43,2026-06-26
Five-Star Bus.Fi,497.0,13.35,14670.21,-3.53,8.6,14.76,2026-06-26
Flair Writing,265.2,19.99,2795.09,16.15,8.35,16.8,2026-06-26
Flex Foods,49.39,,61.49,52.48,23.67,-5.2,2026-06-26
Flexituff Vent.,6.06,,19.89,-151.89,-99.55,-26.79,2026-06-26
Flomic Global,52.89,309.97,96.09,82.9,-8.64,7.72,2026-06-26
Flora Corporatio,7.49,21.1,6.54,-61.75,-47.3,6.22,2026-06-26
Fluidomat,834.6,20.51,411.46,60.72,39.57,30.39,2026-06-26
FlySBS Aviation,488.8,13.92,845.81,59.18,64.21,32.47,2026-06-26
Flywings Simula.,182.95,16.7,186.19,-17.97,7.83,20.1,2026-06-26
Foce India,605.0,47.46,710.45,21.49,23.63,16.06,2026-06-26
Focus Business,170.0,142.39,123.88,-53.45,-12.99,15.01,2026-06-26
Focus Lighting,88.7,115.05,598.24,71.52,43.6,6.56,2026-06-26
Fone4 Communica.,5.26,,13.12,-11.86,49.83,-28.82,2026-06-26
Fonebox Retail,76.1,11.48,78.08,60.07,74.84,25.33,2026-06-26
Foods & Inns,55.96,14.86,411.48,-16.42,-27.29,8.85,2026-06-26
Forbes & Co,310.45,29.86,400.48,-125.79,-80.62,8.76,2026-06-26
Forbes Precision,148.75,26.68,767.47,21.27,7.61,22.01,2026-06-26
Forcas Studio,93.0,11.99,163.49,38.46,31.51,20.22,2026-06-26
Force Motors,18391.0,22.94,24232.46,56.59,8.23,36.08,2026-06-26
Forge Auto,92.4,8.18,100.9,,,,2026-06-26
Fortis Health.,954.8,68.08,72083.4,22.42,17.81,13.47,2026-06-26
Fortis Malar,52.42,23.73,98.24,-113.89,,14.65,2026-06-26
Fortune Interntl,77.5,12.07,54.56,247.06,,-0.28,2026-06-26
Foseco Crucible (India),1379.75,26.24,772.66,322.92,-11.74,33.05,2026-06-26
Foseco India,5191.4,40.11,3912.89,48.5,35.94,17.45,2026-06-26
Fractal Analyt.,924.5,52.89,15898.17,132.97,17.0,12.59,2026-06-26
Fractal Industries,214.7,12.64,168.52,53.81,-5.15,27.51,2026-06-26
Franklin Indust.,0.39,,30.08,-218.73,-93.03,-23.39,2026-06-26
Fraser & Company,9.5,,7.71,55.74,,-10.69,2026-06-26
FratelliVineyard,94.08,,408.99,35.62,10.59,-4.87,2026-06-26
Fredun Pharma,2689.55,44.65,1482.67,56.58,27.26,21.49,2026-06-26
Freshara Agro,232.8,14.58,547.06,,,,2026-06-26
Frog Innovations,168.05,,261.39,-100.66,-63.37,-1.91,2026-06-26
Frontier Capital,8.98,301.0,15.05,-190.0,54.55,5.38,2026-06-26
Frontier Springs,1415.2,27.27,1672.13,42.28,17.78,50.92,2026-06-26
Frontline Corp.,36.49,7.57,18.25,-5.68,15.96,5.37,2026-06-26
Frontline Fin.,20.52,57.67,12.11,50.0,1950.0,1.69,2026-06-26
Fruition Venture,27.15,,10.86,-1240.0,34.55,6.36,2026-06-26
FSN E-Commerce,301.35,412.18,86301.34,286.49,28.44,17.2,2026-06-26
Fujiyama Power,309.5,31.23,9498.61,107.49,87.52,34.95,2026-06-26
Fundviser Capit.,345.35,145.12,272.83,62.07,-49.98,9.64,2026-06-26
Fusion Finance,192.77,225.04,3116.78,169.39,-9.02,5.92,2026-06-26
Future Consumer,0.31,,61.91,-146.37,1.2,12.02,2026-06-26
Future Ent. DVR,2.48,,9.76,-90.68,22.43,,2026-06-26
Future Enterp.,0.4,,27.96,-118.4,-97.55,-10.84,2026-06-26
Future Lifestyle,1.39,,28.05,96.27,-78.68,-72.64,2026-06-26
Future Market,10.98,8.41,66.59,108.79,5.08,9.28,2026-06-26
Futuristic Sec.,32.14,,6.27,-100.0,0.0,0.0,2026-06-26
Futuristic Solu,47.95,64.36,50.2,620.0,,7.04,2026-06-26
Fynx Capital,4.57,,91.4,-43.01,2677.78,-11.93,2026-06-26
G G Automotive,149.45,13.43,149.3,-19.91,-37.5,20.43,2026-06-26
G G Dandekar,67.9,78.85,32.33,161.67,-24.07,-0.61,2026-06-26
G G Engineering,0.47,,74.47,-3377.78,-38.61,0.43,2026-06-26
G K Consultants,13.89,157.1,15.71,-1450.0,13.04,0.8,2026-06-26
G K P Printing,6.12,26.39,13.46,-83.33,-13.77,4.4,2026-06-26
G M Breweries,925.9,16.76,2115.4,-10.57,19.49,17.96,2026-06-26
G M D C,586.3,33.16,18644.34,-24.66,3.53,10.8,2026-06-26
G M Polyplast,72.85,11.86,98.05,24.87,9.63,25.46,2026-06-26
G N F C,546.85,9.94,8035.45,87.68,7.45,12.03,2026-06-26
G R Infraproject,942.85,10.5,9123.07,-52.0,9.88,12.39,2026-06-26
G S Auto Intl.,14.51,12.91,43.88,1885.71,9.5,14.96,2026-06-26
G S F C,163.13,9.66,6500.36,-27.32,36.96,7.16,2026-06-26
G V Films,0.29,,54.07,-106.35,-74.5,2.85,2026-06-26
G-Tec Janix,29.34,,29.89,7.04,-9.25,-36.32,2026-06-26
Gabion Technol.,66.0,11.09,89.6,60.0,37.17,19.85,2026-06-26
Gabriel India,1229.2,69.71,17656.71,13.78,19.33,27.0,2026-06-26
Gabriel Pet,107.75,15.27,80.6,,,,2026-06-26
GACM Tech,0.5,8.11,63.49,2.61,17.15,10.07,2026-06-26
GACM Tech-DVR,0.44,0.97,8.35,-5.14,23.97,11.27,2026-06-26
Gagan Gases,21.45,69.29,9.7,18.18,72.38,5.57,2026-06-26
GAIL (India),172.85,14.99,113650.6,-40.41,-2.37,9.68,2026-06-26
Gajanan Sec.Serv,56.74,25.51,17.6,-20.83,,0.71,2026-06-26
Gajanand Inter.,8.1,381.5,15.26,93.59,10.87,1.8,2026-06-26
Gala Global,1.75,,9.55,31.77,-100.0,-3.91,2026-06-26
Gala Precis. Eng,1083.65,38.19,1388.83,21.39,25.56,15.6,2026-06-26
Galactico Corpo.,1.99,23.08,36.47,7.5,-37.92,6.26,2026-06-26
Galada Finance,28.63,19.52,8.59,46.67,40.74,10.31,2026-06-26
Galada Power,10.53,,9.33,5.88,,-18.37,2026-06-26
Galaxy Agrico,63.47,,104.03,-5400.0,-100.0,-3.5,2026-06-26
Galaxy Bearings,585.25,56.23,186.11,-73.91,-30.45,5.2,2026-06-26
Galaxy Medicare,17.85,7.92,27.08,-15.66,-3.14,13.62,2026-06-26
Galaxy Supermarket,19.24,69.91,95.77,54.55,120.26,60.3,2026-06-26
Galaxy Surfact.,2012.5,25.76,7135.27,-17.71,14.83,13.48,2026-06-26
Gallantt Ispat L,711.15,35.43,17158.69,5.61,12.37,18.23,2026-06-26
Gallard Steel,146.0,15.24,138.7,53.67,13.61,23.33,2026-06-26
Gallops Enterp.,24.35,244.0,12.2,-233.33,-40.0,3.72,2026-06-26
Gamco Ltd,50.93,,275.18,-164.89,1259.87,-9.04,2026-06-26
Game Changers,96.0,9.42,171.77,44.12,34.83,39.76,2026-06-26
Gandhar Oil Ref.,175.15,12.66,1714.36,248.59,13.69,13.19,2026-06-26
Gandhi Spl. Tube,859.55,15.12,1044.53,-22.93,8.95,31.62,2026-06-26
Ganesh Benzopl.,103.64,11.17,746.1,-49.37,11.55,14.6,2026-06-26
Ganesh Consumer,193.67,18.46,782.68,108.75,-0.94,19.35,2026-06-26
Ganesh Green,289.25,9.55,717.37,147.6,300.98,36.81,2026-06-26
Ganesh Holdings,94.05,32.23,8.38,254.55,1200.0,3.87,2026-06-26
Ganesh Housing,755.2,19.91,6297.39,-62.79,-62.19,18.78,2026-06-26
Ganesh Infra.,99.65,5.59,425.72,110.5,44.72,18.87,2026-06-26
Ganesha Ecosphe.,889.9,62.41,2384.57,-2.31,23.1,5.42,2026-06-26
Ganesha Ecoverse,30.3,,74.52,63.92,-86.91,-22.31,2026-06-26
Ganga Bath Fitt.,23.0,39.91,51.08,-17.59,17.27,5.62,2026-06-26
Ganga Forging,2.4,,32.35,-34.29,-6.94,-6.43,2026-06-26
Ganga Papers,64.75,43.66,69.86,24.59,18.62,7.51,2026-06-26
Ganges Securitie,120.23,44.71,120.27,26.95,50.0,0.76,2026-06-26
Ganon Products,13.28,23.83,12.39,,,12.33,2026-06-26
Garbi Finvest,10.0,,11.73,-534.18,1420.0,-8.81,2026-06-26
Garden Reach Sh.,2724.8,41.73,31213.13,24.14,29.06,42.96,2026-06-26
Garg Furnace,116.7,7.72,79.46,-20.12,1.63,12.8,2026-06-26
Garment Mantra,1.17,21.54,67.65,-477.69,73.89,7.72,2026-06-26
Garnet Construct,71.86,2.53,99.89,216.78,1486.67,41.03,2026-06-26
Garnet Intl.,68.78,28.43,135.05,42.11,-76.27,11.24,2026-06-26
Garuda Cons,179.27,13.61,1667.96,90.8,84.15,41.81,2026-06-26
Garware Hi Tech,6688.5,45.94,15538.99,39.09,8.9,18.02,2026-06-26
Garware Marine,21.73,83.53,12.53,-145.45,8.33,1.13,2026-06-26
Garware Offshore Services,55.96,,172.04,-118.6,39.13,-5.87,2026-06-26
Garware Synth,18.59,30.0,10.8,-1000.0,-12.36,14.29,2026-06-26
Garware Tech.,728.35,34.61,7230.03,-5.11,-1.42,21.96,2026-06-26
Gateway Distri,58.65,11.36,2930.41,25.51,-0.24,10.83,2026-06-26
Gaudium IVF,108.63,32.29,790.68,29.41,12.74,29.27,2026-06-26
Gautam Exim,35.0,392.14,86.27,-50.0,-15.28,5.56,2026-06-26
Gautam Gems,3.15,18.39,12.87,1266.67,-11.2,2.08,2026-06-26
Gayatri BioOrga.,7.84,,61.77,-147.06,,-92.02,2026-06-26
Gayatri Highways,2.15,,51.53,-26.28,1133.05,67.14,2026-06-26
Gayatri Projects,21.91,11.46,1017.28,-87.92,39.52,6.98,2026-06-26
Gayatri Rubbers,575.0,59.02,329.94,86.71,33.99,39.54,2026-06-26
Gayatri Sugars,8.19,60.25,60.85,19.69,24.86,12.4,2026-06-26
GB Logistics,31.05,2.82,25.44,-69.27,-59.58,17.64,2026-06-26
GCM Capital,4.06,27.52,6.88,100.81,-19.12,0.92,2026-06-26
GCM Securit.,0.67,,12.73,-17.14,,-6.09,2026-06-26
Gconnect Logitec,13.5,22.82,5.02,-45.45,-28.5,3.48,2026-06-26
GDL Leasing,81.05,50.76,40.61,-550.0,232.14,15.98,2026-06-26
GE Power,987.25,18.99,6637.03,418.1,18.78,79.96,2026-06-26
GE Shipping Co,1499.0,7.27,21400.8,187.56,23.58,18.35,2026-06-26
GE Vernova T&D,5043.0,100.94,129126.02,86.32,42.04,76.43,2026-06-26
GEE,117.42,39.92,610.31,135.88,27.5,11.12,2026-06-26
GeeCee Vent.,342.25,17.01,715.7,505.91,110.0,6.31,2026-06-26
Geekay Wires,26.51,9.2,277.08,-8.41,-11.79,16.79,2026-06-26
Gem Aromatics,184.83,675.17,965.5,-96.34,-45.4,3.43,2026-06-26
Gem Enviro,39.5,19.15,89.07,-18.0,10.05,12.06,2026-06-26
Gem Spinners,6.25,,38.36,50.0,,-20.76,2026-06-26
Gemstone Invest.,1.61,54.9,21.96,290.0,162.86,1.9,2026-06-26
General Insuranc,360.95,6.55,63325.07,1.35,-1.44,17.35,2026-06-26
Generic Engineer,43.47,29.11,247.72,-69.57,4.14,7.1,2026-06-26
Genesys Intl.,326.5,37.74,1364.46,-34.78,10.68,8.23,2026-06-26
Gennex Lab.,10.72,13.75,260.44,65.23,51.15,10.85,2026-06-26
Genomic Valley,33.36,339.67,10.19,87.5,-84.62,1.02,2026-06-26
Genpharmasec,1.08,37.38,59.8,555.56,295.65,2.58,2026-06-26
Gensol Engineer.,22.5,0.84,86.5,32.52,56.42,14.33,2026-06-26
Genus Paper & Bo,12.1,21.34,311.12,21.41,0.67,6.17,2026-06-26
Genus Power,334.0,17.16,10161.7,41.08,64.09,23.94,2026-06-26
Genus Prime,34.5,58.61,269.02,19900.0,5700.0,3.81,2026-06-26
GenXAI Analytics,93.15,25.29,167.14,,,67.88,2026-06-26
Geojit Fin. Ser.,79.25,25.56,2212.04,-43.59,6.4,9.04,2026-06-26
Getalong Enterp.,7.7,24.31,16.29,-39.56,-56.52,6.04,2026-06-26
GFL,46.61,11.37,512.01,239.75,5.95,2.07,2026-06-26
GHCL,429.1,8.64,3944.89,-23.05,1.16,17.41,2026-06-26
GHCL Textiles,92.59,13.86,885.03,94.79,28.24,5.75,2026-06-26
Ghushine Fintrra,15.5,766.0,7.66,,-6.73,0.36,2026-06-26
GHV Infra,211.0,35.99,1520.78,41.92,29.49,45.97,2026-06-26
Gian Lifecare,5.0,,5.17,-71.43,-29.56,2.4,2026-06-26
GIC Housing Fin,159.7,5.57,859.98,23.6,0.38,7.71,2026-06-26
Gilada Finance,14.39,9.32,20.22,-13.21,5.03,12.48,2026-06-26
Gillanders Arbut,90.96,26.16,194.13,-282.63,-0.53,5.65,2026-06-26
Gillette India,7719.0,38.45,25156.22,21.32,3.2,90.62,2026-06-26
Gini Silk Mills,56.0,19.7,31.32,-30.3,-7.07,4.03,2026-06-26
Ginni Filaments,49.16,9.37,421.06,-28.11,0.11,21.55,2026-06-26
Giriraj Civil,130.0,20.61,310.97,-43.35,-27.19,15.07,2026-06-26
Gita Renewable,77.0,,31.66,2100.0,,0.0,2026-06-26
GK Energy,146.37,14.75,2968.64,31.66,18.74,40.87,2026-06-26
GKB Ophthalmics,64.05,16.95,32.28,112.47,-3.97,11.0,2026-06-26
GKW,1787.5,,1067.14,-247.63,-148.48,0.48,2026-06-26
Glance Finance,160.0,7.34,36.09,-38500.0,-87.74,13.25,2026-06-26
Gland Pharma,2314.8,36.57,38184.87,96.57,22.31,15.14,2026-06-26
Glaxosmi. Pharma,2354.8,41.46,39891.73,5.7,2.15,61.41,2026-06-26
GLEN Industries,73.08,10.66,175.84,-15.64,24.33,13.76,2026-06-26
Glenmark Pharma.,2154.4,20.6,60797.34,51.88,15.8,39.77,2026-06-26
Glittek Granites,39.69,,103.03,-99.0,-100.0,-3.38,2026-06-26
Global Cap.Mkt.,0.48,,19.12,-227.12,-278.72,-0.76,2026-06-26
Global Education,106.02,21.85,539.66,73.93,53.11,29.19,2026-06-26
Global Health,1312.4,63.32,35286.73,4.71,24.46,17.14,2026-06-26
Global Infratech,50.13,,7.09,81.71,-93.67,-3.95,2026-06-26
Global Longlife,10.87,,11.41,61.54,,-3.92,2026-06-26
Global Ocean,143.5,20.24,207.25,42.14,-0.89,38.96,2026-06-26
Global Pet Indus,150.0,33.36,176.81,42.67,22.93,13.71,2026-06-26
Global Surfaces,45.72,,193.77,-112.57,-21.02,-1.62,2026-06-26
Global Vectra,168.23,,235.52,-156.61,-5.51,-2.11,2026-06-26
Globale Tessile,12.5,,13.28,56.38,1289.66,-3.65,2026-06-26
Globalspace Tech,26.85,32.38,92.28,1733.33,83.31,4.55,2026-06-26
Globe Civil,43.38,11.11,259.06,-8.31,31.62,16.09,2026-06-26
Globe Commercial,20.63,0.43,12.38,67.65,3.34,10.07,2026-06-26
Globe Enterprises,2.23,9.16,100.44,2016.67,36.98,10.86,2026-06-26
Globe Intl. Car.,18.09,20.67,202.53,-7.58,13.59,15.88,2026-06-26
Globesecure Tech,18.6,,29.65,119.94,100.94,1.18,2026-06-26
Globtier Infotec,22.0,31.69,33.27,-175.35,-37.92,7.37,2026-06-26
Globus Power,14.23,,140.8,0.0,,-6.32,2026-06-26
Globus Spirits,866.5,27.45,2519.81,284.5,-3.43,11.45,2026-06-26
Gloster Ltd,720.2,43.45,788.13,453.88,35.95,5.64,2026-06-26
Glottis,67.51,16.54,623.81,-5.72,-36.23,23.53,2026-06-26
GMM Pfaudler,804.55,47.34,3617.03,17.24,16.98,13.96,2026-06-26
GMR Airports,108.44,550.55,114501.54,203.18,37.54,11.65,2026-06-26
GMR Urban,99.6,,7778.93,-7.9,15.35,11.96,2026-06-26
GNA Axles,436.7,16.09,1874.79,21.1,8.86,14.33,2026-06-26
GNG Electronics,565.75,48.86,6450.2,185.76,42.98,20.3,2026-06-26
Go Digit General,312.65,53.1,28906.86,29.24,4.49,13.06,2026-06-26
Go Fashion (I),403.5,36.82,2179.26,-60.03,-4.24,10.58,2026-06-26
Goa Carbon,395.4,,361.79,168.65,52.15,-4.48,2026-06-26
Goblin India,8.15,4.87,11.26,305.26,0.3,7.86,2026-06-26
GOCL Corpn.,408.8,7.53,2026.52,118.14,-21.81,13.09,2026-06-26
Godavari Bioref.,280.85,42.74,1437.28,-30.03,-2.66,6.55,2026-06-26
Godavari Drugs,120.5,32.12,122.04,35.96,30.04,6.69,2026-06-26
Godawari Power,265.4,21.94,17864.01,32.53,9.69,20.37,2026-06-26
Godfrey Phillips,2247.3,22.98,35053.78,77.36,13.59,32.84,2026-06-26
Godrej Agrovet,562.05,21.85,10811.59,48.14,9.33,20.18,2026-06-26
Godrej Consumer,1034.6,52.18,105864.88,19.47,10.99,19.08,2026-06-26
Godrej Industrie,1160.7,30.91,39092.94,143.11,33.12,8.84,2026-06-26
Godrej Propert.,1850.6,29.86,55744.88,70.53,62.99,8.28,2026-06-26
Goel Construct.,415.0,12.96,599.66,36.84,29.61,34.23,2026-06-26
Goel Food,13.55,9.06,25.54,-47.59,-20.05,10.93,2026-06-26
Goenka Business,10.16,2.87,13.21,4150.0,151.88,83.14,2026-06-26
Gogia Capital,49.09,,31.03,-84.43,106.54,-15.94,2026-06-26
Gokak Textiles,67.3,,43.74,24.69,33.58,-2.37,2026-06-26
Gokaldas Exports,854.75,62.55,6263.06,-31.97,5.27,8.39,2026-06-26
Gokul Agro,217.58,17.38,6420.5,144.14,13.51,36.73,2026-06-26
Gokul Refoils,41.6,22.28,411.82,-11.9,22.76,8.42,2026-06-26
Golden Carpets,12.55,,8.15,-66.67,-34.78,-5.41,2026-06-26
Golden Crest,373.5,1088.33,195.9,500.0,166.67,2.2,2026-06-26
Golden Legand Ls,9.39,1.36,13.96,265.0,779.87,91.63,2026-06-26
Golden Tobacco,27.24,9.05,47.97,-187.04,-18.28,,2026-06-26
Goldiam Intl.,464.85,30.77,5248.99,61.38,18.14,23.89,2026-06-26
Goldkart Jewels,136.9,64.73,229.79,-54.05,48.09,9.2,2026-06-26
Goldline Pharmaceutical,43.25,10.08,41.52,,,29.9,2026-06-26
Goldstar Power,7.85,7.64,224.67,,,,2026-06-26
Golech.Glob.Fin.,30.81,,16.95,76.92,-70.56,-5.17,2026-06-26
Golkunda Diamond,268.7,13.66,187.02,66.96,10.86,20.06,2026-06-26
Goodluck India,1404.7,25.84,4669.01,30.07,-1.46,14.42,2026-06-26
Goodricke Group,187.35,22.49,404.68,30.04,-21.23,5.06,2026-06-26
Goodyear India,761.55,23.1,1756.9,350.92,2.25,17.4,2026-06-26
Gopal Snacks,280.05,78.42,3491.29,119.01,29.02,12.14,2026-06-26
Gorani Industrie,47.47,40.41,25.46,-88.24,8.47,7.95,2026-06-26
Gothi Plascon,37.0,20.85,37.74,33.33,14.55,21.1,2026-06-26
Gourmet Gateway,14.0,,211.83,-183.33,16.4,6.01,2026-06-26
Gowra Leasing,125.27,16.71,97.06,26.8,41.4,14.62,2026-06-26
Goyal Aluminiums,6.97,32.3,99.48,1162.5,80.9,10.14,2026-06-26
Goyal Associates,0.99,,5.24,-400.0,-22.45,-4.36,2026-06-26
Goyal Salt,119.1,18.78,213.19,26.79,80.54,19.64,2026-06-26
GP Eco Solutions,425.4,12.54,503.28,424.16,79.56,38.27,2026-06-26
GP Petroleums,39.86,7.04,203.22,19.72,-10.95,10.9,2026-06-26
GPT Healthcare,147.51,28.67,1210.39,13.03,24.63,19.58,2026-06-26
GPT Infraproject,131.37,17.06,1660.05,31.52,8.91,21.31,2026-06-26
Gradiente Info.,2.97,2.25,6.69,108.0,827.74,1.3,2026-06-26
Grameva,95.48,15.17,45.82,721.88,336.71,25.7,2026-06-26
Grand Continent,129.9,26.08,323.7,129.02,108.02,11.92,2026-06-26
Grand Foundry,13.61,230.11,41.42,656.25,,116.54,2026-06-26
Grand Oak Canyon,45.96,26497.67,2384.79,111.11,,0.0,2026-06-26
Granules India,764.2,31.43,18936.64,44.64,22.81,15.46,2026-06-26
Graphisads,28.0,11.96,51.17,-62.56,6.06,5.49,2026-06-26
Graphite India,605.8,65.18,11835.85,-333.1,22.52,4.57,2026-06-26
Grasim Inds,3126.6,41.91,212772.24,30.85,15.44,8.07,2026-06-26
Gratex Industrie,26.13,72.0,7.92,300.0,81.43,4.47,2026-06-26
Grauer & Weil,72.75,20.11,3298.57,92.35,4.49,21.35,2026-06-26
Graviss Hospital,29.0,,204.51,34.78,3.09,1.11,2026-06-26
Gravita India,1671.0,32.56,12333.39,-3.42,13.08,17.02,2026-06-26
Gravity (India),11.01,6.68,85.9,2376.67,,158.68,2026-06-26
GRE Renew,151.0,17.86,215.75,140.12,78.63,34.81,2026-06-26
Greaves Cotton,214.09,43.42,4987.26,-5.9,21.56,10.09,2026-06-26
Greenchef Appli.,52.4,,121.94,-471.93,2.65,-1.94,2026-06-26
Greencrest Finan,0.55,14.89,20.1,64.57,15.46,5.08,2026-06-26
Greenhitech Ven.,57.0,98.72,74.04,-36.0,118.77,2.4,2026-06-26
Greenlam Industr,260.67,112.84,6650.94,1797.12,25.8,8.22,2026-06-26
Greenleaf Envi.,79.55,6.52,47.17,26.9,38.88,34.47,2026-06-26
Greenpanel Inds.,195.61,,2398.71,-95.34,6.52,-0.4,2026-06-26
Greenply Industr,303.46,37.93,3790.28,150.93,19.65,14.27,2026-06-26
Gretex Corporate,411.95,52.74,995.24,128.42,-41.84,13.88,2026-06-26
Gretex Industrie,265.0,293.51,410.91,-92.09,43.97,3.01,2026-06-26
Grill Splendour,95.8,,60.43,21.21,-10.77,-28.5,2026-06-26
Grindwell Norton,2228.0,59.35,24668.42,28.31,18.7,22.71,2026-06-26
GRM Overseas,92.24,25.71,1911.31,5.52,104.95,13.99,2026-06-26
Groarc Industrie,5.81,34.97,11.89,381.82,372.73,1.16,2026-06-26
Grob Tea Co,912.1,17.21,106.02,3.13,-39.53,7.36,2026-06-26
Grover Jewells,205.75,14.1,298.49,,,45.97,2026-06-26
Grovy India,51.38,23.63,68.52,345.0,105.59,10.16,2026-06-26
Growington Vent,0.84,11.41,53.95,265.62,73.92,12.37,2026-06-26
GRP,1899.7,268.03,1013.17,-106.89,-9.87,6.7,2026-06-26
GSB Finance,32.69,,19.61,-181.82,3.7,0.49,2026-06-26
GSL Securities,49.4,,21.12,1000.0,,-3.98,2026-06-26
GSM Foils,233.0,16.55,328.36,83.63,79.11,35.36,2026-06-26
GSP Crop Science,414.45,19.06,1927.97,-9.49,30.68,18.95,2026-06-26
GSS Infotech,13.18,33.79,34.47,498.55,-31.0,0.72,2026-06-26
GTL,7.84,,123.32,-104.17,-16.67,,2026-06-26
GTL Infra.,1.4,,1793.28,94.92,-1.98,,2026-06-26
GTN Industries,21.89,,38.4,-206.88,-7.72,-7.75,2026-06-26
GTN Textiles,8.63,,10.05,-1944.44,,-15.78,2026-06-26
GTPL Hathway,60.98,42.65,685.8,-235.59,3.69,3.37,2026-06-26
GTT Data,41.47,,158.39,-152.0,477.09,-16.49,2026-06-26
GTV Engineering,79.29,28.33,402.8,-27.67,42.74,30.36,2026-06-26
Gufic BioScience,361.65,57.43,3626.72,158.09,22.94,12.17,2026-06-26
Guj Apollo Inds,359.5,78.36,466.27,120.89,-24.25,1.82,2026-06-26
Guj Inds. Power,159.54,6.15,2476.32,368.74,26.61,5.47,2026-06-26
Guj Pipavav Port,153.81,14.85,7435.79,38.9,26.08,28.05,2026-06-26
Guj. Ambuja Exp,158.27,23.63,7259.38,322.57,15.78,12.51,2026-06-26
Guj. Containers,148.4,11.38,83.85,40.96,1.32,16.31,2026-06-26
Guj. Craft Inds,93.05,33.45,45.49,-104.88,-32.78,5.9,2026-06-26
Guj. Credit Corp,22.84,85.62,6.85,308.33,,0.07,2026-06-26
Guj. Inject(Ker),122.95,99.51,180.11,2242.86,624.06,22.89,2026-06-26
Guj. Lease Fin.,6.5,352.6,17.63,20.0,,0.84,2026-06-26
Guj. Petrosynth.,55.44,14.02,33.09,-14.0,29.59,5.71,2026-06-26
Guj. Raffia Inds,40.72,20.96,22.01,310.0,239.07,6.36,2026-06-26
Guj. State Fin.,10.68,,95.17,-1.83,1532.0,,2026-06-26
Guj. Terce Labs.,34.44,10.78,26.83,107.08,-7.47,39.78,2026-06-26
Guj. Themis Bio.,393.5,91.85,4287.78,-9.25,17.2,17.86,2026-06-26
Guj. Toolroom,0.54,9.74,75.19,238.19,-100.0,1.96,2026-06-26
Guj.Nat.Resour.,101.85,157.98,1562.41,166.04,158.66,7.25,2026-06-26
Gujarat Alkalies,623.7,,4580.45,69.84,4.63,1.4,2026-06-26
Gujarat Cotex,3.54,336.1,33.61,-200.0,7.12,2.54,2026-06-26
Gujarat Fluoroch,3909.2,73.02,42942.56,-41.93,11.76,9.86,2026-06-26
Gujarat Gas,344.0,18.13,32275.14,-27.01,41.2,18.49,2026-06-26
Gujarat Hotels,184.9,12.38,70.08,-6.55,23.66,14.07,2026-06-26
Gujarat Intrux,440.8,14.69,151.43,-23.26,11.89,21.27,2026-06-26
Gujarat Kidney,129.23,65.73,1018.89,293.75,212.68,14.48,2026-06-26
Gujarat Peanut,73.95,10.28,75.89,50.0,30.14,17.93,2026-06-26
Gujarat Poly,81.91,2.5,70.03,-80.0,2.92,104.5,2026-06-26
Gujjubhai Industries,129.25,51.6,270.4,8.28,43.88,21.35,2026-06-26
Gulf Oil Lubric.,1085.5,14.63,5375.05,-1.75,13.68,27.46,2026-06-26
Gulshan Polyols,190.59,11.08,1188.72,434.76,6.98,18.31,2026-06-26
Guru Krupa Gems,36.59,96.54,55.03,-70.0,-84.66,3.39,2026-06-26
Gurunanak Agri.,37.05,7.31,44.46,36.52,34.61,27.24,2026-06-26
GVK Power Infra.,2.7,,426.39,97.36,-100.0,-12.29,2026-06-26
GVP Infotech,7.04,,114.65,4.27,-71.71,-70.43,2026-06-26
Gyan Developers,44.9,,13.47,-102.9,-100.0,-0.84,2026-06-26
H D I L,1.81,,85.79,-2.49,-2.38,-0.11,2026-06-26
H P C L,409.25,4.83,87081.14,77.58,4.84,22.23,2026-06-26
H P Cotton Tex,100.35,13.43,39.36,-36.36,-24.35,19.04,2026-06-26
H T Media,22.38,3.93,520.95,69.22,-0.49,7.42,2026-06-26
H U D C O,208.27,10.33,41693.57,172.26,25.23,8.41,2026-06-26
H. S. India,11.37,11.4,18.46,72.73,-0.82,7.08,2026-06-26
H.G. Infra Engg.,567.5,12.45,3698.46,-59.14,4.84,11.31,2026-06-26
H.M. Electro,56.0,7.87,76.72,47.01,29.05,18.33,2026-06-26
Halder Venture,236.08,10.22,293.64,290.47,104.03,13.48,2026-06-26
Haldyn Glass,119.18,24.45,640.61,62.44,29.46,13.51,2026-06-26
Haleos Labs Limited,1399.4,24.44,423.08,-85.19,-15.68,9.91,2026-06-26
Hamps Bio,26.25,,22.87,-1745.45,43.27,-33.72,2026-06-26
Hampton Sky,9.78,,268.18,-122.33,-107.95,6.07,2026-06-26
Handson Global,52.01,,65.51,-262.88,129.95,-0.37,2026-06-26
Hannah Joseph,99.0,20.12,224.71,94.23,33.81,17.77,2026-06-26
Happiest Minds,342.45,23.07,5214.65,41.18,10.93,13.35,2026-06-26
Happy Forgings,1509.3,47.23,14244.58,23.55,20.42,18.19,2026-06-26
Happy Square,44.6,8.33,51.74,34.14,34.95,18.59,2026-06-26
Hardcast.& Waud,845.5,11.66,57.49,2177.78,89.83,11.24,2026-06-26
Hardwyn India,24.73,95.04,1207.9,96.55,27.85,4.7,2026-06-26
Haria Apparels,5.55,11.96,8.49,-26.47,,14.67,2026-06-26
Haria Exports,6.14,70.9,7.09,-100.0,,0.7,2026-06-26
Harig Crankshaft,9.1,0.93,9.56,571.16,,128.37,2026-06-26
Harikanta Overseas,72.61,16.43,71.64,,,,2026-06-26
Hariom Pipe,401.35,16.39,1242.87,75.06,26.91,15.82,2026-06-26
Harish Textile,65.68,3.95,21.91,21.71,11.16,26.48,2026-06-26
Hariyana Ship,100.95,5.66,62.29,713.04,,11.79,2026-06-26
Harmony Capital,93.19,418.56,113.01,284.21,,32.18,2026-06-26
Harri. Malayalam,204.7,12.97,377.88,75.53,7.62,15.28,2026-06-26
Harsha Engg Intl,416.25,24.42,3789.71,200.64,27.06,14.34,2026-06-26
Harshdeep Horti.,85.01,10.93,136.82,24.45,14.69,29.46,2026-06-26
Harshil Agrotech,0.33,,30.8,-197.81,-71.82,17.39,2026-06-26
Haryana Capfin,149.3,7.97,77.77,1814.29,-33.33,3.71,2026-06-26
Haryana Fin. Co.,65.5,162.31,1360.16,-293.33,57.14,3.76,2026-06-26
Haryana Leather,63.5,13.1,31.17,-2.5,9.83,8.2,2026-06-26
Hasti Finance,5.87,,6.36,78.62,-72.73,-52.05,2026-06-26
Hathway Bhawani,13.0,,10.53,-178.26,-22.08,-9.33,2026-06-26
Hathway Cable,11.73,25.23,2076.33,-67.68,6.37,2.54,2026-06-26
Hatsun Agro,917.55,57.38,20438.27,18.32,14.93,15.28,2026-06-26
Havells India,1178.3,43.7,73909.67,39.63,2.47,24.9,2026-06-26
Hawa Engineers,80.19,10.67,28.28,7.55,-18.39,16.16,2026-06-26
Hawkins Cookers,8013.0,32.31,4238.88,15.77,19.16,40.89,2026-06-26
Haz.Multi Proj.,23.71,15.03,641.66,92.97,-36.5,12.02,2026-06-26
HB Estate Devel.,75.0,14.72,172.2,-22.49,-0.78,7.53,2026-06-26
HB Leasing &Fin.,10.5,,13.51,69.23,1400.0,-4.98,2026-06-26
HB Portfolio,59.29,236.37,63.82,-12.42,173.26,0.72,2026-06-26
HB Stockholdings,51.52,,36.77,-38.83,28.57,-11.88,2026-06-26
HBG Hotels,93.85,69.77,192.57,51.22,15.17,0.73,2026-06-26
HBL Engineering,827.25,27.37,22930.95,44.18,27.03,58.45,2026-06-26
HCKK Ventures,29.0,,10.76,-1412.5,-100.0,-27.26,2026-06-26
HCL Infosystems,12.31,,405.26,-41.07,13.55,-53.05,2026-06-26
HCL Technologies,1100.7,17.2,298693.12,4.2,12.35,30.6,2026-06-26
HCP Plastene,216.5,9.92,231.11,65.64,16.77,19.42,2026-06-26
HDB FINANC SER,743.55,24.28,61742.66,41.38,11.24,9.09,2026-06-26
HDFC AMC,2649.7,39.73,113580.25,-2.42,16.56,42.88,2026-06-26
HDFC Bank,796.3,16.13,1226366.46,8.05,0.46,7.04,2026-06-26
HDFC Life Insur.,585.45,66.51,127187.55,4.66,-17.78,10.3,2026-06-26
Heads UP Venture,7.04,,15.55,-382.73,120.47,1.57,2026-06-26
Health X Platform,328.25,543.84,1044.18,-176.95,30.77,-0.05,2026-06-26
Health.Global,600.4,311.77,8964.1,162.36,11.48,8.31,2026-06-26
Healthy Life,7.5,9.3,37.22,28.05,95.61,10.56,2026-06-26
HEC Infra Proj.,128.19,11.03,138.93,7.58,9.1,21.43,2026-06-26
HEG,520.05,29.69,10035.8,-72.6,12.42,8.34,2026-06-26
Heidelberg Cem.,154.93,25.18,3510.92,-5.67,5.51,14.67,2026-06-26
Helloji Holidays,120.05,32.94,41.18,-78.4,-10.09,14.26,2026-06-26
Helpage Finlease,21.89,7.41,21.78,-39.06,-6.51,12.68,2026-06-26
Hemang Resources,14.0,,18.48,-172.73,-9.16,-2.03,2026-06-26
Hemant Surgical,371.0,29.59,539.34,159.19,189.16,19.64,2026-06-26
Hemisphere Prop,139.55,,3977.18,-62.26,8.33,-1.14,2026-06-26
Hemo Organic,20.11,,6.97,-237.84,-61.41,-23.81,2026-06-26
Heranba Inds,187.04,,748.41,-39.36,-4.57,-1.65,2026-06-26
Hercules Investments,121.35,50.3,388.32,,81.25,1.05,2026-06-26
Heritage Foods,336.8,21.92,3125.37,-47.27,10.4,15.92,2026-06-26
Hero Motocorp,4896.1,16.79,97967.5,25.72,30.18,35.76,2026-06-26
Hester Bios,2230.8,35.38,1897.71,993.46,22.19,15.25,2026-06-26
Hexa Tradex,161.47,,892.12,10.03,-3.33,-0.12,2026-06-26
Hexagon Nutri.,57.49,29.67,706.66,,,17.01,2026-06-26
Hexaware Tech.,494.85,20.62,30236.13,7.46,12.63,30.07,2026-06-26
HFCL,215.0,105.56,32907.95,319.21,127.81,10.86,2026-06-26
Hi-Green Carbon,141.8,67.11,354.36,-85.22,14.8,10.41,2026-06-26
Hi-Klass Trading,73.5,,222.1,-217.81,1500.0,-1.46,2026-06-26
Hi-Tech Pipes,89.85,23.96,1824.92,-0.17,101.76,9.77,2026-06-26
High Energy Bat.,531.1,29.22,476.07,-14.81,-18.24,20.37,2026-06-26
Highness Microelectronics,177.55,22.36,91.68,245.65,19.32,27.39,2026-06-26
Highway Infra,47.14,10.55,338.09,-25.82,107.9,18.76,2026-06-26
Hikal,214.93,73.01,2650.1,22.51,-5.97,3.52,2026-06-26
Hiliks Technolog,66.58,85.2,71.57,2200.0,677.56,5.39,2026-06-26
Hilltone Softwar,43.98,386.4,57.96,42.55,14.36,0.74,2026-06-26
Hilton Met.Forg.,24.03,35.85,123.67,-96.91,13.05,5.64,2026-06-26
Him Teknoforg.,201.95,16.54,208.63,-8.23,12.13,9.08,2026-06-26
Himadri Special,678.1,45.68,34212.97,29.06,13.5,22.12,2026-06-26
Himalaya Food,9.03,20.64,76.57,1460.0,2.79,1.96,2026-06-26
Himatsing. Seide,89.85,18.23,1129.79,-98.53,-6.04,8.8,2026-06-26
Hind Aluminium,102.1,11.29,64.33,-78.38,-46.61,8.08,2026-06-26
Hind Rectifiers,1121.0,96.26,3853.13,-129.43,51.21,18.57,2026-06-26
Hind. Unilever,2174.2,33.55,510848.13,8.62,7.64,28.42,2026-06-26
Hind.Adhesive,302.75,9.72,155.01,-49.39,-9.61,13.42,2026-06-26
Hind.Aeronautics,4368.7,32.05,292167.73,5.52,1.77,31.96,2026-06-26
Hind.Appliances,119.99,,120.3,-800.0,,-0.22,2026-06-26
Hind.Bio Science,7.3,,7.48,-209.09,-100.0,-2.43,2026-06-26
Hind.Composites,411.55,18.4,607.82,-23.03,17.6,3.93,2026-06-26
Hind.Construct.,26.76,51.0,7009.7,-34.57,-27.77,22.84,2026-06-26
Hind.Oil Explor.,160.08,66.95,2116.95,-84.81,-574.51,3.41,2026-06-26
Hind.Organ.Chem.,37.6,,252.56,169.38,-0.19,-0.02,2026-06-26
Hind.Tin Works,106.6,13.34,110.86,-58.72,-4.46,7.27,2026-06-26
Hindalco Inds.,953.2,12.23,214205.63,-22.12,20.41,13.67,2026-06-26
Hindcon Chemical,20.51,32.5,104.99,50.91,33.42,7.85,2026-06-26
Hindoo. Mills,160.4,,26.63,-1345.45,3.3,-2.56,2026-06-26
Hindprakash Indu,127.5,52.97,145.66,392.86,-20.17,8.5,2026-06-26
Hinduja Global,420.25,,1955.01,-430.06,-6.58,1.42,2026-06-26
Hindustan Agrig.,44.96,329.67,19.78,7.69,,1.24,2026-06-26
Hindustan Copper,491.4,48.01,47519.56,133.05,58.06,42.4,2026-06-26
Hindustan Foods,559.75,44.49,6782.08,34.17,16.47,14.2,2026-06-26
Hindustan Hardy,831.55,14.88,124.73,-28.79,18.01,27.78,2026-06-26
Hindustan Media,85.29,4.05,628.34,-12.59,18.68,11.5,2026-06-26
Hindustan Motors,17.25,43.21,359.94,671.83,,20.28,2026-06-26
Hindustan Zinc,518.05,16.03,218892.65,67.91,49.19,69.25,2026-06-26
Hindusthan Insulators &,1259.65,29.17,908.77,229.62,28.9,10.71,2026-06-26
Hindware Home In,250.63,1564.5,2096.43,-139.01,-5.19,7.02,2026-06-26
Hipolin,70.13,,21.95,100.42,-10.45,-1.69,2026-06-26
Hira Automobile,204.0,280.5,56.1,-133.33,-25.65,7.53,2026-06-26
Hisar Met.Inds.,155.66,24.87,84.06,100.0,21.48,8.02,2026-06-26
Hisar Spg. Mills,48.3,5.46,18.06,-36.54,0.84,14.51,2026-06-26
Hit Kit Global,2.39,143.11,12.88,120.83,270.0,0.65,2026-06-26
Hitachi Energy,33965.0,147.29,151390.04,79.71,46.21,29.02,2026-06-26
Hitech Corp.,318.04,33.76,546.26,325.51,11.19,9.66,2026-06-26
Hittco Tools,10.2,,6.74,-75.0,-5.73,-5.86,2026-06-26
HLE Glascoat,380.45,49.38,2642.41,-9.28,17.37,11.79,2026-06-26
HLV,7.83,101.02,516.2,-29.74,7.07,1.62,2026-06-26
HMA Agro Inds.,21.98,6.68,1100.69,-39.71,5.3,15.99,2026-06-26
HMT,68.39,,2431.96,-9.31,-28.64,,2026-06-26
Hoac Foods,680.0,67.08,295.15,48.41,86.21,32.12,2026-06-26
Holmarc Opto,105.0,25.87,105.53,56.0,29.17,18.12,2026-06-26
Home First Finan,1191.7,23.05,12456.27,42.75,20.92,11.13,2026-06-26
Homesfy Realty,111.0,,35.81,-29250.0,-27.0,-48.9,2026-06-26
Homre,2.33,,46.57,-300.0,,36.91,2026-06-26
Honasa Consumer,417.7,66.88,13618.03,176.98,23.15,19.22,2026-06-26
Honda India,2196.6,31.05,2227.35,-29.45,-1.54,11.49,2026-06-26
Honeywell Auto,39405.0,65.26,34834.02,14.61,5.94,16.78,2026-06-26
Horizon Reclaim,140.0,26.02,273.22,,,36.47,2026-06-26
Howard Hotels,24.0,66.24,21.86,-18.87,-8.12,5.13,2026-06-26
HP Adhesives,35.5,43.6,326.16,-158.01,-11.83,5.61,2026-06-26
HP Telecom,280.0,13.09,333.61,140.46,40.89,19.89,2026-06-26
HPL Electric,366.15,24.78,2354.36,-16.91,5.51,13.46,2026-06-26
HRH Next,26.75,7.27,35.32,152.73,24.68,15.84,2026-06-26
HRS Aluglaze,247.95,46.78,478.1,311.59,89.25,18.87,2026-06-26
Hubtown,209.79,20.08,2981.13,546.18,65.37,9.52,2026-06-26
Huhtamaki India,197.0,12.67,1487.78,-0.19,0.52,11.98,2026-06-26
Humming Bird Edu,18.05,20.11,11.06,37.21,108.59,31.28,2026-06-26
HVAX Technolog.,664.35,12.9,184.48,29.92,17.61,19.66,2026-06-26
Hybrid Financial,21.88,23.86,64.41,69.23,-40.82,6.34,2026-06-26
Hypersoft Tech.,211.1,435.89,1782.78,,,,2026-06-26
Hyundai Motor I,1969.4,29.46,160021.84,-22.22,5.44,38.42,2026-06-26
I G Petrochems,450.05,624.29,1385.92,48.05,9.2,3.12,2026-06-26
I O B,34.47,12.75,66377.47,43.23,11.21,6.07,2026-06-26
I O C L,143.89,4.83,203190.5,77.99,6.67,18.78,2026-06-26
I Power Solution,17.2,,10.15,-59.09,,-20.83,2026-06-26
I R C T C,514.1,29.78,41128.0,-0.44,15.07,46.09,2026-06-26
I R F C,91.77,17.11,119929.68,0.15,9.11,5.64,2026-06-26
I T D C,599.35,61.82,5140.59,12.03,-28.97,29.89,2026-06-26
IB Infotech,44.71,33.1,57.26,100.0,-79.09,48.04,2026-06-26
IBL Finance,57.2,57.98,141.46,20.0,26.98,8.46,2026-06-26
IC Electricals,,12.93,180.79,,,21.98,2026-06-26
ICDS,42.32,50.58,55.13,-150.0,-77.87,4.83,2026-06-26
ICE Make Refrig.,768.7,111.39,1212.99,-15.62,41.98,10.77,2026-06-26
ICICI AMC,3326.9,49.86,164434.87,10.37,19.53,115.1,2026-06-26
ICICI Bank,1387.5,18.36,995339.18,9.28,2.49,7.2,2026-06-26
ICICI Lombard,1813.6,35.1,90529.88,7.25,12.78,21.88,2026-06-26
ICICI Pru Life,491.05,44.31,71240.71,61.94,-79.69,10.14,2026-06-26
Icodex Publish.,40.0,8.82,62.55,-65.66,9.16,24.87,2026-06-26
Icon Facil.,81.45,14.48,64.02,33.94,15.22,23.41,2026-06-26
Iconik Sports,39.45,30.76,133.51,-64.04,44.37,10.46,2026-06-26
ICRA,5346.0,27.66,5159.55,-5.9,28.37,23.02,2026-06-26
IDBI Bank,86.4,10.09,92900.75,-3.85,11.75,6.5,2026-06-26
Ideaforge Tech,824.75,,3579.11,333.33,594.44,-2.44,2026-06-26
Ideal Technopl.,190.0,34.17,95.0,-46.15,21.29,12.16,2026-06-26
Identical Brains,17.1,15.18,23.98,-86.45,-31.75,5.41,2026-06-26
Identixweb,67.0,13.08,69.96,60.47,65.75,26.63,2026-06-26
IDFC First Bank,79.22,41.7,68233.97,4.89,12.11,5.99,2026-06-26
IDream Film,531.4,,14377.2,-4266.67,,,2026-06-26
IEC Education,23.19,,35.39,-2850.0,,-6.42,2026-06-26
IEL,6.65,481.72,86.71,368.18,4100.0,0.72,2026-06-26
IFB Agro Inds.,896.8,13.8,840.3,547.24,58.46,13.07,2026-06-26
IFB Industries,1278.4,33.64,5180.08,128.46,12.33,20.31,2026-06-26
IFCI,77.0,112.4,20746.22,-93.52,13.74,5.03,2026-06-26
IFGL Refractori.,185.54,36.13,1337.35,72.24,7.68,4.9,2026-06-26
IFL Enterprises,0.39,,48.56,-453.46,45.78,-3.31,2026-06-26
Igarashi Motors,473.45,122.65,1490.19,-48.04,19.26,4.48,2026-06-26
IGC Industries,2.24,,7.78,-13300.0,,-7.9,2026-06-26
IIFL Capital,340.95,19.04,10687.1,-10.32,19.95,23.17,2026-06-26
IIFL Finance,509.7,13.05,21678.81,182.57,42.5,10.78,2026-06-26
IIRM Holdings,131.1,36.6,893.37,179.84,15.35,20.36,2026-06-26
IITL Projects,45.37,18.11,22.64,-40.62,100.0,9.25,2026-06-26
IKIO Tech,156.43,31.96,1208.9,804.7,47.25,9.46,2026-06-26
IKOMA Technologies,74.8,754.57,173.55,94.07,-100.0,3.06,2026-06-26
IL&FS Engg.,30.45,100.82,399.26,154.23,-70.79,,2026-06-26
IL&FS Inv.Manag.,8.28,67.36,260.02,-81.92,364.51,4.07,2026-06-26
IL&FS Transport,2.38,,78.29,-1100.85,7.66,-18.13,2026-06-26
Imagica. Enter.,49.18,4417.32,2782.91,-97.76,-2.69,1.86,2026-06-26
IMEC Services,142.0,4.34,26.98,-68.58,-99.96,-7.09,2026-06-26
Impex Ferro Tech,2.41,,21.19,48.07,,,2026-06-26
Inani Marbles,10.75,111.11,20.0,158.57,-6.01,2.46,2026-06-26
Inani Securities,20.95,119.38,9.55,-102.86,-6.25,1.44,2026-06-26
Incap,99.24,149.74,50.91,-288.24,65.79,4.36,2026-06-26
Incon Engineers,22.08,,9.55,-22.22,,-90.67,2026-06-26
Incredible Indus,32.9,13.36,153.85,-22.6,-4.69,10.65,2026-06-26
Ind Bank Housing,46.21,,46.21,60.0,,-1.11,2026-06-26
IND Renewable,11.4,,15.88,,,-4.58,2026-06-26
Ind-Agiv Commer.,57.0,,17.42,97.18,-92.94,-11.1,2026-06-26
Ind-Swift Labs.,200.9,35.31,1747.06,9.35,22.82,4.7,2026-06-26
Indag Rubber,84.97,21.91,223.05,150.47,10.39,5.0,2026-06-26
Indbank Merchant,33.74,21.36,149.74,-3.51,10.92,10.34,2026-06-26
Indef Manufactur,259.75,34.56,831.2,-33.66,28.43,9.45,2026-06-26
Indegene,518.05,30.1,12480.46,-19.14,32.8,18.82,2026-06-26
Indergiri Fin.,22.1,,11.18,110.97,142.37,-1.15,2026-06-26
India Cem. Cap.,17.56,,38.12,-880.0,4.13,-0.35,2026-06-26
India Cements,383.85,149.25,11895.4,229.2,2.6,1.62,2026-06-26
India Finsec,216.95,41.18,633.31,25.69,35.24,28.63,2026-06-26
India Gelatine,356.9,10.08,253.12,-21.54,-26.67,17.65,2026-06-26
India Glycols,955.45,21.83,6404.07,35.71,13.11,12.43,2026-06-26
India Home Loans,30.99,442.6,44.26,-100.0,-0.8,8.48,2026-06-26
India Homes,23.07,49.22,918.37,792.42,244700.0,17.52,2026-06-26
India Lease Dev.,10.22,751.0,15.02,185.71,46.67,0.2,2026-06-26
India Motor Part,1094.4,14.15,1365.81,28.15,11.58,5.03,2026-06-26
India Nipp.Elec.,957.65,21.75,2166.34,4.11,28.11,17.08,2026-06-26
India Pesticides,163.49,15.71,1882.81,40.65,28.59,16.67,2026-06-26
India Power Corp,7.47,56.79,727.42,321.39,21.47,3.49,2026-06-26
INDIA SHELTE FIN,768.75,16.63,8368.19,27.24,24.73,12.83,2026-06-26
Indiabulls,25.75,18.53,5998.57,259.74,302.18,16.17,2026-06-26
Indiamart Inter.,1955.4,24.78,11760.39,-72.2,13.86,28.04,2026-06-26
Indian Acrylics,5.65,,76.46,-100.7,-10.76,-3.31,2026-06-26
Indian Bank,832.6,9.58,112148.22,6.42,10.27,6.32,2026-06-26
Indian CardCloth,214.96,28.07,127.71,-131.44,9.98,2.01,2026-06-26
Indian Emuls,45.6,5.16,83.6,-6.17,66.68,15.18,2026-06-26
Indian Energy Ex,125.0,23.53,11146.16,10.69,21.94,51.79,2026-06-26
Indian Hotels Co,720.65,59.49,102579.64,14.48,14.03,17.06,2026-06-26
Indian Hume Pipe,332.55,18.89,1751.93,-36.06,-10.41,9.14,2026-06-26
Indian Infotech,0.6,73.45,101.36,41.47,773.97,0.65,2026-06-26
Indian Link Ch.,773.2,,206.83,-266.67,,-1.6,2026-06-26
Indian Metals,1327.0,16.87,7159.71,118.13,34.58,18.34,2026-06-26
Indian Phosphate,55.2,6.29,137.94,150.09,28.49,16.74,2026-06-26
Indian Renewable,127.47,19.12,35809.27,-1.8,14.22,8.69,2026-06-26
Indian Sucrose,72.05,2.89,125.2,6.36,-1.36,17.48,2026-06-26
Indian Terrain,33.47,,169.58,58.53,18.99,7.63,2026-06-26
Indian Toners,291.5,11.04,302.92,13.9,12.38,16.24,2026-06-26
Indian Wood Prod,33.37,46.82,213.48,-85.88,25.8,3.0,2026-06-26
IndiaNivesh,7.06,,26.65,-1.78,-60.0,1.77,2026-06-26
Indifra Ltd,12.65,922.0,9.22,157.69,582.49,0.22,2026-06-26
Indigo Paints,1006.25,32.04,4797.36,0.77,8.36,17.94,2026-06-26
IndiGrid Trust,176.15,50.85,20047.25,60.05,156.15,7.94,2026-06-26
Indiqube Spaces,169.82,,3600.14,27.71,35.2,6.38,2026-06-26
Inditrade Cap.,2.44,,5.7,-3238.02,-124.96,-31.28,2026-06-26
Indl. Inv. Trust,128.72,,290.23,-238.33,-666.85,-3.5,2026-06-26
Indl.& Prud.Inv.,6529.0,17.17,1094.16,7.17,-19.64,7.72,2026-06-26
Indo Amines,137.95,12.62,1001.35,73.08,11.28,19.87,2026-06-26
Indo Borax & Ch.,380.5,28.48,1221.02,35.84,25.72,15.6,2026-06-26
Indo Cotspin,27.63,,19.73,-200.0,-5.98,0.92,2026-06-26
Indo Count Inds.,426.4,66.66,8445.04,14.96,3.43,8.14,2026-06-26
Indo Credit Cap.,8.55,103.0,6.18,0.0,8.33,1.03,2026-06-26
Indo Euro Indch.,10.32,29.19,9.34,175.0,112.57,3.79,2026-06-26
Indo Farm Equip.,144.69,28.16,695.26,-35.46,3.09,7.42,2026-06-26
Indo National,345.3,,258.98,-26237.5,10.31,-5.47,2026-06-26
Indo Rama Synth.,45.63,7.79,1191.46,25.57,0.27,17.94,2026-06-26
Indo SMC,375.9,26.53,859.13,344.37,186.09,33.91,2026-06-26
Indo Tech.Trans.,2935.2,33.6,3117.18,14.01,15.98,37.71,2026-06-26
Indo Thai Sec.,231.58,45.37,3001.7,1114.73,555.38,34.58,2026-06-26
Indo US Bio-Tech,88.75,13.56,177.96,-46.47,-22.05,14.5,2026-06-26
Indo-City Info.,14.61,54.25,15.19,-64.29,-20.31,3.69,2026-06-26
Indobell Insul.,53.18,41.88,33.5,-81.25,-57.5,6.4,2026-06-26
Indoco Remedies,231.6,,2137.75,38.96,21.89,0.93,2026-06-26
Indogulf Cropsci,59.39,9.41,375.49,21.35,19.48,12.23,2026-06-26
Indokem,502.3,749.11,1400.83,-90.81,-16.41,6.29,2026-06-26
Indong Tea Co,9.0,,17.48,48.76,-48.09,-0.31,2026-06-26
Indosolar,404.7,6.83,1683.7,4.9,-56.72,123.8,2026-06-26
Indostar Capital,258.43,,4175.84,-3491.44,-6.95,-2.58,2026-06-26
Indowind Energy,9.1,,146.51,-30.69,-20.51,2.22,2026-06-26
Indrapr.Medical,385.45,19.24,3533.54,1.68,9.31,35.83,2026-06-26
Indraprastha Gas,170.38,15.39,23853.23,-25.18,5.45,17.9,2026-06-26
Indrayani Biotec,9.7,,75.72,-75.0,102.14,2.88,2026-06-26
Indsil Hydro,39.99,7.41,111.14,104.29,17.73,7.97,2026-06-26
Inducto Steel,55.0,40.91,22.09,2216.67,61.33,5.94,2026-06-26
Indus Finance,133.75,51.39,123.85,1092.31,457.84,14.97,2026-06-26
Indus Inf. Trust,125.48,20.04,7666.9,-27.91,-25.14,6.77,2026-06-26
Indus Towers,393.55,14.53,103824.9,0.78,4.84,19.49,2026-06-26
IndusInd Bank,918.95,80.51,71598.4,125.51,3.49,5.68,2026-06-26
Infinity Infoway,409.9,31.89,223.52,89.64,136.67,35.12,2026-06-26
Infinium Pharma,209.75,26.9,326.86,75.13,45.17,13.1,2026-06-26
Inflame Applian.,224.55,29.0,168.21,-1.3,42.78,12.21,2026-06-26
Influx Health.,285.35,32.16,660.6,,,,2026-06-26
Info Edg.(India),978.85,44.59,63470.65,16.23,15.93,5.43,2026-06-26
InfoBeans Tech.,157.85,17.66,1530.75,88.73,37.4,29.16,2026-06-26
Infollion Resea.,171.55,13.3,166.52,-17.21,16.91,28.13,2026-06-26
Infomedia Press,5.73,,28.76,13.7,,,2026-06-26
Infonative Solu.,26.81,11.14,31.76,-41.74,4.89,13.82,2026-06-26
Informed Techn.,80.75,134.68,33.67,-1742.86,-45.83,3.14,2026-06-26
Infosys,1041.2,14.04,422475.11,20.87,13.38,39.95,2026-06-26
Infronics Sys.,16.62,,13.17,-139.02,-100.0,-24.79,2026-06-26
Ingersoll-Rand,4489.8,53.56,14173.4,-20.32,-7.05,57.32,2026-06-26
Inland Printers,48.49,,23.97,0.0,,-8.82,2026-06-26
Innokaiz India,15.0,,15.34,-102.33,3.41,-5.62,2026-06-26
Innomet Advanced,129.45,106.69,167.51,-375.0,69.63,5.68,2026-06-26
Innova Captab,941.35,38.38,5386.87,28.78,42.28,14.96,2026-06-26
Innovana Think.,309.6,16.77,639.63,-74.21,22.6,16.35,2026-06-26
Innovassynth Technologies,128.08,,1189.36,6125.0,,-24.87,2026-06-26
Innovative Ideal,24.98,,28.43,-310.04,-99.69,-44.43,2026-06-26
Innovative Tech,13.44,16.14,30.19,115.81,-1.1,11.54,2026-06-26
Innovative Tyres,78.0,,78.0,97.6,73.25,0.65,2026-06-26
Innovators,123.05,17.11,232.17,8.6,34.09,11.94,2026-06-26
Innovision,286.5,18.47,682.25,8.15,6.28,20.28,2026-06-26
Inox Green,204.15,79.35,8196.46,287.66,6.4,8.42,2026-06-26
Inox India,1872.9,65.34,16999.1,11.19,24.7,33.48,2026-06-26
Inox Wind,89.52,38.2,15471.18,-51.16,-2.4,10.48,2026-06-26
Insecticid.India,658.6,13.75,1916.38,-15.69,18.76,15.86,2026-06-26
Insolation Ener,113.18,12.44,2495.05,64.76,100.1,22.2,2026-06-26
Inspire Films,8.35,30.7,11.36,256.72,-14.13,2.92,2026-06-26
Inspirisys Sol.,109.0,10.15,431.82,23.87,17.81,27.42,2026-06-26
Intec Capital,15.1,4.02,27.73,58.71,-9.63,18.39,2026-06-26
Integ. Capital,4.61,,16.4,-1950.0,-16.0,3.01,2026-06-26
Integ. Proteins,149.0,1212.3,278.83,-9.52,-73.52,1.26,2026-06-26
Integra Capital,14.25,15.58,6.7,-16.0,-47.83,9.36,2026-06-26
Integra Engg.,216.2,48.27,744.27,-17.43,-5.99,18.52,2026-06-26
Integra Essentia,1.37,751.47,240.47,-4980.0,34.23,1.86,2026-06-26
Integra Switch,150.0,,43.22,-366.67,-85.71,-15.98,2026-06-26
Integrated Perso,259.95,20.41,223.73,48.9,26.36,15.93,2026-06-26
Integrity Infra.,157.0,9.78,67.51,240.91,73.14,35.61,2026-06-26
Intellect Design,747.05,28.43,10471.82,-11.15,16.68,15.92,2026-06-26
Intense Tech.,100.26,15.45,236.86,240.44,-20.36,7.55,2026-06-26
Inter Globe Fin,70.0,42.2,94.95,19.82,25.41,3.17,2026-06-26
Inter State Oil,40.97,10.65,20.45,764.29,33.29,10.83,2026-06-26
Interactive Fin,13.98,2.7,9.69,443.59,234.12,16.35,2026-06-26
Interarch Build.,1925.2,23.59,3228.92,-5.38,8.65,22.82,2026-06-26
Interglobe Aviat,5450.0,,210728.34,-179.32,1.29,6.71,2026-06-26
Interiors & More,179.0,21.68,250.44,40.44,54.37,15.97,2026-06-26
International Gemological Instit,359.7,26.69,15544.78,25.22,26.51,30.72,2026-06-26
Interworld Digi.,0.2,,9.57,-33.33,,-0.31,2026-06-26
Intl. Combustion,499.65,,119.42,-76.58,-0.96,0.48,2026-06-26
Intl. Conveyors,81.98,7.65,522.88,-69.38,77.71,20.6,2026-06-26
Intl. Data Mgt.,32.52,,7.15,-33.33,,-280.0,2026-06-26
Intl. Travel Hse,322.15,11.29,257.54,-31.45,-6.0,17.93,2026-06-26
Intrasoft Tech.,78.08,9.59,127.36,34.04,4.62,6.29,2026-06-26
Inv.& Prec.Cast.,829.15,68.36,829.15,98.42,20.37,14.31,2026-06-26
Inventure Grow.,0.95,28.58,99.75,-163.72,-39.68,2.22,2026-06-26
Inventurus Knowl,1704.3,40.55,29256.55,39.36,18.47,36.86,2026-06-26
Invicta Diagnos.,67.35,17.24,84.67,,,20.28,2026-06-26
Invigorated Bus.,6.51,,26.2,-25.0,,,2026-06-26
IOL Chemicals,133.66,26.86,3923.29,68.18,17.37,11.25,2026-06-26
ION Exchange,398.65,37.86,5846.86,-61.96,3.44,14.06,2026-06-26
IP Rings,126.9,63.08,160.86,417.65,2.77,8.26,2026-06-26
Ipca Labs.,1618.3,34.15,41056.95,80.9,6.31,17.28,2026-06-26
IRB Infra.Devl.,21.19,29.1,25593.28,37.98,-10.34,7.48,2026-06-26
IRB InvIT Fund,60.98,14.15,4823.2,3.29,87.46,7.27,2026-06-26
Ircon Intl.,134.16,21.19,12617.96,-9.13,-6.54,9.69,2026-06-26
Iris Clothings,39.65,46.61,754.66,43.53,50.45,16.05,2026-06-26
IRIS Regtech Solutions,266.6,38.71,548.35,100.63,31.64,12.55,2026-06-26
IRM Energy,265.5,20.49,1090.13,190.66,4.41,8.63,2026-06-26
Ironwood Educa,43.82,18.76,73.53,171.7,2238.95,15.64,2026-06-26
iSERA Lifesciences,124.17,401.58,104.41,139.13,,5.95,2026-06-26
ISF,0.72,,6.84,-1084.21,-16.0,-12.93,2026-06-26
ISGEC Heavy,922.9,59.13,6786.04,-19.71,17.42,10.85,2026-06-26
Ishaan Infrastru,16.02,,10.37,26.67,,-3.66,2026-06-26
Ishan Dyes,57.02,,155.69,225.86,89.84,0.96,2026-06-26
Ishan Internat.,0.6,32.42,12.97,263.16,-68.39,3.43,2026-06-26
Ishita Drugs,76.13,29.18,22.76,-37.93,-32.89,8.66,2026-06-26
ISL Consulting,22.99,,55.18,-80.77,-39.77,-17.01,2026-06-26
IST,668.5,5.08,779.75,-156.65,21.97,12.74,2026-06-26
iStreet Network,48.54,68.99,342.21,11.43,586.92,23.57,2026-06-26
Italian Edibles,36.0,13.2,53.2,26.17,24.8,10.61,2026-06-26
ITC,290.0,17.38,363354.58,5.3,-5.01,38.93,2026-06-26
ITC Hotels,173.68,41.34,36177.13,21.85,18.2,10.73,2026-06-26
ITCONS E-Soluti.,299.4,51.28,269.71,26.02,23.67,13.09,2026-06-26
ITI,301.6,,29048.88,65.61,-39.98,1.43,2026-06-26
ITL Industries,263.75,9.36,84.51,-74.52,12.25,14.01,2026-06-26
Ivalue Infosolut,276.23,14.78,1509.05,10.37,4.6,25.12,2026-06-26
IVP,159.61,8.68,164.88,131.33,10.1,14.14,2026-06-26
Iware Supplych.,365.0,25.97,391.13,,,28.38,2026-06-26
Iykot Hitech,20.11,,20.87,111.11,-36.08,-32.31,2026-06-26
IZMO,1015.7,31.95,1519.75,151.09,82.51,12.58,2026-06-26
J & K Bank,158.4,7.39,17442.73,37.23,1.87,5.84,2026-06-26
J A Finance,84.0,165.65,89.45,121.52,64.29,7.8,2026-06-26
J B Chemicals &,2243.9,50.14,36027.77,-16.99,-4.77,25.45,2026-06-26
J J Finance Corp,47.1,,13.28,55.81,63.41,0.3,2026-06-26
J K Cements,5577.0,42.03,43092.5,-7.62,8.55,15.11,2026-06-26
J Kumar Infra,503.65,9.71,3810.89,-7.58,-3.69,18.34,2026-06-26
J.G.Chemicals,416.8,24.79,1633.28,18.63,27.61,18.13,2026-06-26
Jackson Invest,0.41,5.21,11.92,318.37,-20.0,5.33,2026-06-26
Jagan Lamps,49.34,18.76,36.02,-52.5,-28.14,7.92,2026-06-26
Jagatjit Inds.,140.7,65.82,658.23,-146.6,-34.4,10.48,2026-06-26
Jagjanani Text.,4.6,,7.18,-33.33,,,2026-06-26
Jagran Prakashan,65.19,7.2,1418.89,207.47,-1.85,12.77,2026-06-26
Jagsonpal Pharma,223.5,32.96,1471.42,29.97,9.63,22.73,2026-06-26
Jagsonpal Services,47.95,,87.29,-57.89,,-35.47,2026-06-26
Jai Balaji Inds.,68.19,47.06,6220.91,-69.48,9.79,9.73,2026-06-26
Jai Corp,116.08,11.93,2037.26,-11.25,-10.9,13.27,2026-06-26
Jai Mata Glass,1.76,,17.6,89.66,-100.0,-10.27,2026-06-26
Jaihind Industries,36.69,1568.0,31.36,100.0,150.0,0.12,2026-06-26
Jain Irrigat-DVR,24.39,,47.06,85.3,7.78,,2026-06-26
Jain Irrigation,34.98,,2546.77,-164.41,4.3,5.31,2026-06-26
Jain Marmo Inds,22.0,229.67,6.89,109.09,67.86,2.95,2026-06-26
Jain Resource,349.55,34.25,12062.47,21.78,76.42,25.49,2026-06-26
Jainam Ferro,255.0,44.31,298.64,-47.21,-9.12,7.04,2026-06-26
Jainex Aamcol,121.4,19.6,27.25,842.86,30.19,10.59,2026-06-26
Jainik Power,147.9,15.14,212.2,64.57,9.73,29.88,2026-06-26
Jaipan Industrie,28.0,51.76,17.08,-14.29,-29.04,5.68,2026-06-26
James Warren Tea,257.5,7.67,95.28,-75.21,-60.25,6.93,2026-06-26
Jamna Auto Inds.,130.79,21.86,5231.41,73.43,31.66,27.47,2026-06-26
Jamshri Realty,79.71,,55.69,26.83,-9.52,5.92,2026-06-26
Jana Small Finan,448.5,14.47,4724.55,13.23,22.02,7.45,2026-06-26
Jaro Institute,513.25,21.6,1143.03,17.26,-1.79,24.33,2026-06-26
Jasch Gauging,509.3,15.66,230.81,-26.96,-1.77,21.21,2026-06-26
Jasch Industries,270.5,13.8,183.89,149.22,56.58,19.21,2026-06-26
Jash Engineering,550.3,45.65,3477.55,56.91,-3.28,17.69,2026-06-26
Jattashankar Ind,408.9,174.28,179.51,283.87,,6.54,2026-06-26
Jauss Polymers,23.01,,10.64,-463.64,,-76.09,2026-06-26
Jay Ambe Super.,105.65,19.26,93.82,127.03,40.51,24.49,2026-06-26
Jay Bee Laminati,89.25,11.03,201.42,32.91,53.65,16.49,2026-06-26
Jay Bharat Maru.,166.85,13.1,1806.15,302.35,25.44,16.44,2026-06-26
Jay Jalaram Tech,139.95,19.35,169.69,49.85,45.93,12.08,2026-06-26
Jay Kailash,30.89,12.87,15.44,-40.98,21.38,8.24,2026-06-26
Jay Shree Tea,89.16,,257.49,-329.15,10.0,1.18,2026-06-26
Jay Ushin,872.0,18.94,336.59,83.67,16.89,12.38,2026-06-26
Jayabharat Cred.,16.33,,8.17,17.65,,,2026-06-26
Jayant Agro Org.,210.85,12.55,632.55,54.01,2.0,11.58,2026-06-26
Jayant Infratech,70.0,8.56,72.36,-29.68,-14.28,16.68,2026-06-26
Jayaswal Neco,85.76,17.69,8327.28,87.79,17.85,20.67,2026-06-26
Jayatma Enterp.,53.05,38.83,15.92,-20.0,-62.5,5.46,2026-06-26
Jayatma Industri,13.01,,8.03,82.99,-76.23,-1.46,2026-06-26
Jaybharat Text,25.89,,991.17,-56.28,444.16,-29.09,2026-06-26
Jayesh Logistics,145.95,12.58,126.85,-18.06,4.32,21.78,2026-06-26
Jaykay Enter.,174.19,33.9,2269.47,586.84,458.03,8.18,2026-06-26
Jayshree Chem.,6.15,106.12,18.04,2000.0,47.12,2.19,2026-06-26
Jaysynth Orgo,13.0,11.89,175.38,63.58,13.04,13.45,2026-06-26
JBM Auto,693.1,72.99,16391.42,11.95,12.55,14.78,2026-06-26
JD Cables,235.8,16.76,531.76,69.09,70.11,33.63,2026-06-26
Jeena Sikho,602.25,33.69,7486.01,78.97,54.79,70.74,2026-06-26
Jeevan Scienti.,80.41,139.28,160.17,223.85,111.63,5.01,2026-06-26
Jenburkt Pharma,1128.0,13.23,497.82,61.01,8.72,27.15,2026-06-26
Jet Freight,20.86,14.24,96.8,1711.76,12.87,28.51,2026-06-26
Jet Knitwears,76.55,562.33,33.74,-98.59,-18.58,3.41,2026-06-26
Jet Solar,8.64,256.5,10.26,112.5,253.85,0.25,2026-06-26
Jetking Infotrai,103.5,,65.24,-95.38,-21.32,-1.42,2026-06-26
Jetmall Spices,68.3,,40.93,0.0,-47.37,-4.77,2026-06-26
Jeyyam Global,26.9,9.3,127.77,-77.51,-30.09,10.84,2026-06-26
JFL Life,9.05,9.33,59.72,1975.0,437.51,18.19,2026-06-26
Jhandewala Foods,28.05,7.08,42.79,25.7,147.57,14.27,2026-06-26
Jhaveri Credits,200.45,69.65,190.15,-65.22,-8.52,2.63,2026-06-26
JHS Sven.Lab.,7.73,,67.56,12.93,29.92,-0.78,2026-06-26
JHS Svend.Retail,18.2,,14.93,,,,2026-06-26
Jigar Cables,67.0,33.54,60.38,30.11,-26.9,8.57,2026-06-26
Jindal Capital,32.93,21.01,23.74,254.55,75.32,11.16,2026-06-26
Jindal Drilling,553.3,7.5,1603.46,-32.23,7.29,15.4,2026-06-26
Jindal Hotels,63.52,17.37,44.46,329.27,19.28,11.66,2026-06-26
Jindal Leasefin,93.32,30.52,28.08,195.16,248.5,24.97,2026-06-26
Jindal Photo,1068.2,,1095.79,-119.37,-14.81,-1.38,2026-06-26
Jindal Poly Film,643.35,,2817.0,-453.42,-68.66,5.36,2026-06-26
Jindal Poly Inve,1100.3,1.35,1156.42,-47.25,503.83,63.41,2026-06-26
Jindal Saw,260.72,16.95,16673.26,-52.13,-8.19,10.43,2026-06-26
Jindal Stain.,695.05,17.7,57301.28,47.2,11.17,19.3,2026-06-26
Jindal Steel,1059.5,26.81,108078.33,172.66,23.02,9.7,2026-06-26
Jindal Worldwide,30.84,44.29,3092.02,18.66,5.72,8.94,2026-06-26
Jinkushal Indus.,106.03,33.67,407.01,898.04,146.0,9.74,2026-06-26
Jio Financial,239.43,102.82,158099.02,-13.88,106.49,1.86,2026-06-26
JITF Infra Logis,314.0,,807.1,107.37,14.07,15.39,2026-06-26
Jivial Industrie,,30.81,91.52,,,47.25,2026-06-26
Jiwanram Sheo,5.85,14.34,14.48,-66.97,21.75,2.77,2026-06-26
JK Agri Genetics,302.85,,140.43,-574.07,-16.78,5.35,2026-06-26
JK Lakshmi Cem.,594.6,17.32,7381.63,-29.39,0.21,12.48,2026-06-26
JK Paper,341.9,22.36,6199.29,38.61,17.23,7.64,2026-06-26
JK Tyre & Indust,397.15,12.95,11449.42,111.55,12.37,15.52,2026-06-26
JM Financial,125.81,9.89,12039.51,-21.08,-5.46,11.63,2026-06-26
JMD Ventures,6.38,59.39,18.41,-158.82,-6.25,1.61,2026-06-26
JMG Corporation,5.22,,12.09,-140.0,-81.43,-13.43,2026-06-26
JMJ Fintech,9.99,4.84,36.75,165.15,-12.44,20.24,2026-06-26
JNK,475.5,40.96,2660.61,146.6,77.25,17.35,2026-06-26
Jocil,147.05,15.73,130.58,482.22,48.9,5.62,2026-06-26
John Cockerill,8840.5,,4365.27,331.62,55.96,,2026-06-26
Johnson Pharma,0.5,,27.5,-12058.82,,-104.81,2026-06-26
Joindre Capital,48.79,8.31,67.51,-20.48,1.43,12.09,2026-06-26
JOJO,215.9,132.46,744.44,7883.33,781.12,17.05,2026-06-26
Jolly Plastic,39.02,9513.0,95.13,-222.73,133.33,0.15,2026-06-26
Jonjua Overseas,3.39,1.13,9.25,,,19.64,2026-06-26
Josts Engg. Co.,241.05,71.63,285.08,-100.66,-10.23,7.28,2026-06-26
JP Power Ven.,17.94,27.28,12295.11,-108.59,3.39,6.97,2026-06-26
JPT Securities,19.48,,5.86,59.09,-100.0,-976.81,2026-06-26
JSL Industries,923.9,32.96,108.45,726.32,28.07,9.93,2026-06-26
JSW Cement,133.55,27.94,18207.74,998.1,10.86,11.05,2026-06-26
JSW Dulux,3199.1,40.34,14568.8,15.96,-12.92,22.73,2026-06-26
JSW Energy,573.5,48.2,105150.23,-8.94,41.05,8.16,2026-06-26
JSW Holdings,12150.0,90.84,13486.5,37.24,12.49,0.51,2026-06-26
JSW Infrast,329.9,43.62,69279.05,-6.26,18.64,13.69,2026-06-26
JSW Steel,1231.0,33.07,301035.38,115.02,14.19,10.9,2026-06-26
JTEKT India,134.8,46.02,3739.31,18.62,20.2,9.84,2026-06-26
JTL Defence,437.9,1707.22,460.95,182.93,10060.0,0.68,2026-06-26
JTL Industries,77.42,30.04,2957.77,104.58,47.55,9.57,2026-06-26
Jubilant Agri,2023.0,23.5,3065.35,30.04,21.82,39.86,2026-06-26
Jubilant Food.,423.2,67.16,27924.65,66.39,19.31,14.59,2026-06-26
Jubilant Ingrev.,621.65,34.42,9901.71,16.73,12.12,11.35,2026-06-26
Jubilant Pharmo,964.4,35.17,15362.89,-17.45,18.73,8.99,2026-06-26
Julien Agro,1.42,44.53,16.92,-62.3,119.38,1.07,2026-06-26
Jullundur Motor,91.47,7.03,208.93,-2.94,8.57,15.26,2026-06-26
Jumbo Bag,57.9,6.66,48.46,7.02,-14.79,15.01,2026-06-26
June Industries,5.55,,26.49,-2700.0,400.0,-112.2,2026-06-26
Jungle Camps,50.0,19.13,77.49,,,9.74,2026-06-26
Juniper Hotels,196.7,25.22,4376.62,23.71,8.62,8.05,2026-06-26
Jupiter Info.,57.53,1153.0,57.65,56.02,-123.53,1.5,2026-06-26
Jupiter Life Lin,1375.3,47.61,9017.3,8.66,15.2,14.8,2026-06-26
Jupiter Wagons,262.95,61.36,11237.7,-67.86,-25.31,9.16,2026-06-26
Just Dial,537.7,8.9,4573.09,-36.55,6.24,13.06,2026-06-26
Justo Realfin,85.5,8.3,160.72,66.13,30.78,26.93,2026-06-26
Jyothy Labs,200.4,22.83,7358.98,-15.23,7.73,28.66,2026-06-26
Jyoti,62.59,8.03,144.54,-63.0,-22.93,12.45,2026-06-26
Jyoti CNC Auto.,761.45,51.54,17317.13,-16.89,4.08,21.32,2026-06-26
Jyoti Global,41.0,11.46,81.26,14.01,8.06,19.51,2026-06-26
Jyoti Resins,1010.65,17.33,1212.78,1.52,18.23,36.53,2026-06-26
Jyoti Structures,11.68,24.88,1394.19,52.05,42.25,2.24,2026-06-26
K C P,170.57,10.88,2199.01,130.3,7.71,12.19,2026-06-26
K G Denim,15.75,130.26,40.38,147.49,60.94,9.86,2026-06-26
K K Silk Mills,10.79,5.05,24.21,-39.06,13.15,11.23,2026-06-26
K P R Mill Ltd,1191.3,46.99,40720.3,11.06,0.89,20.16,2026-06-26
K Z Leasing,19.43,,5.91,9.09,-47.06,4.87,2026-06-26
K-Lifestyle,0.2,,20.45,82.4,-65.54,-5.85,2026-06-26
K. V. Toys India,266.05,19.23,167.08,61.62,70.12,25.16,2026-06-26
K.P. Energy,348.95,13.04,2365.81,71.85,57.48,39.22,2026-06-26
K&R Rail Engine.,27.54,,104.95,-113.34,-92.24,8.29,2026-06-26
K2 Infragen,65.85,6.25,83.09,-17.66,-0.99,14.69,2026-06-26
Kaarya Facilit.,25.49,8.54,23.83,67.63,-9.55,39.55,2026-06-26
Kabra Drugs,24.33,11.63,57.68,171.79,,20.8,2026-06-26
Kabra Extrusion,245.02,,856.9,76.81,-13.9,0.65,2026-06-26
Kabra Jewels,103.0,4.36,108.0,126.99,26.38,20.43,2026-06-26
Kabsons Industri,20.6,34.59,35.97,-4600.0,10.41,9.28,2026-06-26
Kachchh Minerals,29.16,,15.46,28.57,,-57.3,2026-06-26
Kahan Packaging,40.0,9.3,10.88,3.45,8.57,13.86,2026-06-26
Kaira Can,1699.4,87.55,156.71,-73.54,5.66,3.68,2026-06-26
Kairosoft AI,75.51,,8.93,96.31,,-1.02,2026-06-26
Kaiser Corporat.,5.2,,27.36,73.08,-40.38,-0.65,2026-06-26
Kaizen Agro,8.91,123.81,45.81,-808.7,883.08,0.44,2026-06-26
Kajaria Ceramics,1196.6,36.65,19058.52,117.94,12.4,23.27,2026-06-26
Kaka Industries,194.0,14.12,265.0,56.22,35.19,19.36,2026-06-26
Kakatiya Cement,120.8,,93.91,43.58,-25.29,-7.54,2026-06-26
Kakatiya Textile,9.54,,5.54,-689.66,2.25,19.03,2026-06-26
Kalana Ispat,21.0,28.23,27.38,92.0,-2.18,3.49,2026-06-26
Kalind,87.56,39.19,1067.27,6718.18,,31.95,2026-06-26
Kallam Textiles,2.77,,14.63,-130.12,12.29,-4.5,2026-06-26
Kalpa Commer.,9.97,16.48,10.22,95.08,243.77,1.38,2026-06-26
Kalpat.,307.55,66.69,6332.88,1326.83,183.76,1.34,2026-06-26
Kalpataru Proj.,1384.2,24.16,23638.34,73.61,10.06,18.28,2026-06-26
Kalyan Capitals,8.38,11.43,44.01,180.95,123.81,10.45,2026-06-26
Kalyan Jewellers,377.8,28.31,39016.93,118.27,66.22,20.52,2026-06-26
Kalyani Cast-Tec,647.5,26.03,464.94,20.87,-16.57,31.04,2026-06-26
Kalyani Forge,601.65,23.5,219.0,163.68,-3.34,12.16,2026-06-26
Kalyani Invest.,5393.5,64.1,2356.96,-24.81,1.68,0.49,2026-06-26
Kalyani Steels,818.7,13.69,3573.88,-9.3,-11.01,14.67,2026-06-26
Kama Holdings,2607.2,8.66,8366.65,12.69,7.07,14.0,2026-06-26
Kamadgiri Fash.,120.15,22.9,70.52,1150.0,4.73,8.09,2026-06-26
Kamanwala Housin,15.94,,22.46,-103.44,-82.59,-2.26,2026-06-26
Kamat Hotels,185.13,12.77,545.76,41.69,19.2,15.83,2026-06-26
Kamdhenu,28.23,10.16,795.76,1.99,4.96,29.39,2026-06-26
Kamdhenu Venture,5.11,840.6,168.12,-241.27,-9.38,2.2,2026-06-26
Kanani Industrie,1.52,11.66,30.08,329.17,-61.7,3.92,2026-06-26
Kanchi Karpooram,372.5,31.36,161.81,-15.58,16.37,3.91,2026-06-26
Kanco Tea,52.71,,27.0,-43.97,-36.07,-2.94,2026-06-26
Kandagiri Spinng,39.71,,15.29,-247.06,-46.74,-11.56,2026-06-26
Kandarp Digi,100.55,48.77,90.22,-15.67,4.01,11.22,2026-06-26
Kanel Indust.,47.3,,74.5,475.0,,-2.2,2026-06-26
Kanishk Alumin.,30.19,9.85,40.58,-19.52,26.1,13.79,2026-06-26
Kanishk Steel,55.25,30.33,157.13,183.23,15.83,9.1,2026-06-26
Kanoria Chem.,132.07,14.44,577.15,388.83,-29.44,5.95,2026-06-26
Kanoria Energy,16.81,367.62,143.37,159.26,12.44,6.82,2026-06-26
Kanpur Plastipa.,189.69,12.16,464.34,21.9,6.37,17.18,2026-06-26
Kansai Nerolac,212.41,29.66,17177.9,15.06,7.54,11.99,2026-06-26
Kapil Raj Financ,2.07,41.18,22.65,0.0,,3.98,2026-06-26
Kapston Services,364.45,39.58,1109.1,24.5,18.02,14.95,2026-06-26
Karbonsteel Eng.,135.75,18.27,191.98,-60.21,-3.55,19.29,2026-06-26
Karma Energy Ltd,43.44,209.42,50.26,-373.33,-6.38,-3.77,2026-06-26
Karnataka Bank,265.6,7.67,10045.08,61.74,-0.05,6.06,2026-06-26
Karnavati Financ,1.46,,14.67,-557.95,900.0,-4.37,2026-06-26
Karnawati Innovation,1.3,1.87,7.02,18600.0,,20.72,2026-06-26
Karnika Industri,127.95,29.73,793.26,26.32,0.8,28.28,2026-06-26
Kartik Invest.,7025.6,33.61,171.42,200.0,,94.69,2026-06-26
Karur Vysya Bank,290.5,11.18,28077.05,41.22,15.41,7.64,2026-06-26
Kasturi Metal,56.0,14.93,58.21,970.59,28.5,19.3,2026-06-26
Katare Spinning,101.0,,28.79,-197.67,-29.5,-1.0,2026-06-26
Kataria Indust.,101.5,18.03,218.54,37.66,-23.14,12.92,2026-06-26
Kati patang Life,15.95,,80.05,-123.49,21.28,-29.11,2026-06-26
Kaushalya,32.95,5.0,61.06,-5.24,61.06,16.95,2026-06-26
Kaushalya Infra.,837.55,87.88,29.0,-152.86,75.0,0.58,2026-06-26
Kaveri Seed Co.,925.6,16.09,4761.2,-21.23,18.68,18.79,2026-06-26
Kavveri Defence,63.8,309.35,383.59,-92.41,-88.78,1.14,2026-06-26
Kay Cee,76.15,4.95,93.09,-20.32,-29.47,22.3,2026-06-26
Kay Power &Paper,10.11,34.97,35.32,10.42,-59.79,1.54,2026-06-26
Kaya Ltd,246.94,,375.04,-182.35,2.03,-45.49,2026-06-26
Kaycee Inds.,890.0,56.71,282.44,-54.01,9.23,21.86,2026-06-26
Kaynes Tech,3264.7,59.84,21884.8,-21.47,26.22,13.24,2026-06-26
Kaytex Fabrics,60.45,5.1,88.86,-0.45,4.35,23.25,2026-06-26
KBS India,1.27,152.67,13.74,-266.67,-111.63,0.39,2026-06-26
KCD Industries,4.04,,10.22,-416.67,-100.0,0.72,2026-06-26
KCK Industries,13.1,198.38,83.32,-21.57,3.24,1.83,2026-06-26
KCL Infra,1.21,12.31,20.44,2100.0,384.76,5.11,2026-06-26
KCP Sugar &Inds.,22.13,22.54,250.92,31.59,7.52,4.13,2026-06-26
KDDL Ltd,3170.4,43.72,3899.36,24.58,37.04,11.2,2026-06-26
KEC International,528.15,21.61,14059.35,-28.12,-7.02,14.5,2026-06-26
Keerthi Indus,38.0,,30.48,-133.82,39.05,-25.32,2026-06-26
KEI Industries,5268.0,54.84,50362.39,25.5,19.27,20.07,2026-06-26
Kellton Tech,15.38,8.92,817.3,1.67,9.63,14.96,2026-06-26
Keltech Energies,7001.6,26.6,700.16,-11.48,2.29,20.51,2026-06-26
Kemistar Corp.,48.86,93.88,52.57,44.83,42.96,3.43,2026-06-26
Kemp & Co.,1189.0,,128.41,-172.97,9.21,-1.46,2026-06-26
Ken Enter.,39.85,6.35,97.89,36.94,34.26,24.99,2026-06-26
Kennametal India,3030.6,48.09,6660.73,110.66,39.19,17.55,2026-06-26
Kenrik Indust.,7.88,,9.85,-193.65,9.67,0.27,2026-06-26
Kenvi Jewels,2.26,33.6,28.56,-221.43,-10.42,7.74,2026-06-26
Kerala Ayurveda,187.1,,243.14,50.06,10.92,-9.77,2026-06-26
Kernex Microsys.,2035.7,38.72,3420.71,109.45,206.46,47.83,2026-06-26
Kesar Enterprise,6.45,,65.01,55.13,163.21,-25.16,2026-06-26
Kesar India,1253.0,126.52,3780.47,808.75,108.61,23.36,2026-06-26
Kesar Petroprod.,18.03,20.8,201.35,-355.56,13.37,7.46,2026-06-26
Kesar Terminals,63.16,30.95,69.01,91.53,9.09,8.17,2026-06-26
Kesoram Inds.,11.13,,345.82,23.71,-0.98,-3.61,2026-06-26
Keto Motors,179.4,,1263.59,800.0,,-0.3,2026-06-26
Kewal Kir.Cloth.,504.55,21.91,3109.3,6.42,12.38,18.08,2026-06-26
Key Corp,62.04,,37.22,-61.14,102.07,-4.07,2026-06-26
Keynote Finan.,243.95,19.65,135.8,-29.0,103.89,6.9,2026-06-26
Keystone Realtor,384.55,61.56,4854.58,-19.1,172.89,4.68,2026-06-26
KFin Technolog.,874.15,42.83,15107.73,-1.11,22.86,30.48,2026-06-26
KG Petrochem,175.05,20.54,91.39,235.14,-34.87,4.37,2026-06-26
Khadim India,108.89,47.88,200.12,-86.1,-10.92,6.87,2026-06-26
Khaitan (India),138.42,10.85,65.75,-14.53,41.42,20.1,2026-06-26
Khaitan Chemical,55.62,7.85,539.45,-37.2,20.1,18.4,2026-06-26
Khandelwal Extra,189.6,76.76,16.12,333.33,7.14,9.59,2026-06-26
Khandwala Sec.,17.67,,26.95,78.54,94.92,-3.47,2026-06-26
Khazanchi Jewell,629.3,17.42,1557.32,104.07,-18.35,34.79,2026-06-26
KHFM Hospitality,63.9,46.95,147.43,-33.55,-1.93,8.2,2026-06-26
Khoobsurat Ltd,0.5,,23.51,-683.33,,-1.63,2026-06-26
Khyati Global,53.0,5.97,36.98,58.37,37.39,16.23,2026-06-26
Kiaasa Retail,33.77,5.51,61.56,,,16.11,2026-06-26
KIC Metaliks,35.99,121.67,127.75,132.5,37.97,4.02,2026-06-26
Kiduja India,16.0,17.22,38.4,103.42,,27.16,2026-06-26
KIFS Financial,119.4,16.17,129.19,-40.63,81.52,8.18,2026-06-26
Kilburn Engg.,485.7,27.5,2645.38,21.8,49.03,23.18,2026-06-26
Kilitch Drugs,185.31,21.47,647.87,39.62,46.33,14.37,2026-06-26
Kimia Bioscien.,32.88,20.94,155.56,-81.41,-28.87,25.09,2026-06-26
Kinetic Engg.,288.4,383.64,686.71,35.48,16.06,3.61,2026-06-26
Kinetic Trust,28.45,63.73,9.56,-103.45,-45.13,5.72,2026-06-26
Kingfa Science,5059.0,37.01,6855.64,41.17,23.2,23.2,2026-06-26
Kings Infra,124.0,18.57,303.87,81.91,46.26,19.75,2026-06-26
KIOCL,391.75,1436.85,23808.65,244.77,-10.6,1.38,2026-06-26
Kiran Print Pack,30.08,125.42,15.05,200.0,41.18,4.81,2026-06-26
Kiran Syntex,16.94,,7.2,-700.0,591.76,0.0,2026-06-26
Kiran Vyapar,195.14,521.98,532.42,18.9,-11.09,1.59,2026-06-26
Kiri Industries,386.9,,2521.35,699.61,22.18,-1.69,2026-06-26
Kirl. Brothers,2018.5,39.66,16028.69,-6.26,10.44,20.81,2026-06-26
Kirl. Electric,113.16,46.42,751.54,83.64,26.67,18.25,2026-06-26
Kirl. Ferrous,489.65,20.8,8078.85,36.04,2.58,13.77,2026-06-26
Kirl.Pneumatic,1899.2,45.87,12337.81,68.58,21.13,30.36,2026-06-26
Kirloskar Indus.,3928.3,25.36,4128.4,1.17,4.55,6.98,2026-06-26
Kirloskar Oil,2484.3,60.85,36116.74,42.9,20.97,14.72,2026-06-26
Kisaan Parivar,15.7,17.28,13.82,-133.96,-69.14,15.1,2026-06-26
Kisan Mouldings,37.01,,442.13,-762.0,-3.29,-1.78,2026-06-26
Kitex Garments,162.43,323.4,3240.48,-111.83,-44.64,1.53,2026-06-26
Kizi Apparels,14.9,11.53,11.65,-2.22,105.21,11.33,2026-06-26
KJMC Corporate,54.6,10.94,21.44,60.47,92.44,5.87,2026-06-26
KJMC Financial,55.7,15.59,26.66,41.67,1640.0,2.56,2026-06-26
KK Shah Hospital,45.4,,30.91,57.14,-7.24,-5.49,2026-06-26
KKalpana Inds.,7.06,84.08,66.42,-91.18,-0.31,2.03,2026-06-26
Kkalpana Plastic,27.54,253.83,15.23,,,1.11,2026-06-26
KKV Agro Powers,553.25,10.55,34.5,-268.29,17.7,16.37,2026-06-26
KM Sugar Mills,26.07,4.49,239.84,-16.46,-30.84,13.35,2026-06-26
KMC Speciality,129.15,45.08,2106.44,223.67,34.99,26.04,2026-06-26
KMF Builders,6.65,,8.1,-117.24,-100.0,-3.47,2026-06-26
KMG Milk Food,50.0,663.0,26.52,73.91,-100.0,9.55,2026-06-26
KN Agri Resource,210.98,16.65,527.43,-20.45,-2.97,13.33,2026-06-26
Knowledge Marine,2240.0,69.49,5475.48,140.68,42.42,16.31,2026-06-26
Knowledge Realty,115.12,135.97,51048.81,,,,2026-06-26
KNR Construct.,134.2,8.63,3774.17,-50.12,-28.67,10.39,2026-06-26
Kobo Biotech,7.52,,17.92,-8.13,,-52.9,2026-06-26
Kody Technolab,1012.65,86.36,1447.43,65.5,52.93,16.77,2026-06-26
Kohinoor Foods,25.84,,95.79,105.93,41.1,-1.08,2026-06-26
Kokuyo Camlin,88.48,35.8,887.49,-34.4,13.1,10.2,2026-06-26
Kolte Patil Dev.,368.35,,3266.53,-124.48,-65.41,-0.06,2026-06-26
Konark Synth,43.95,,25.53,93.55,-24.25,4.99,2026-06-26
Konndor Indust.,23.62,,13.03,-108.33,-100.0,9.37,2026-06-26
Konstelec Engg.,43.85,9.08,66.21,452.88,-3.38,11.01,2026-06-26
Kontor Space,58.5,15.93,36.15,,,15.43,2026-06-26
Kopran,189.63,35.59,915.64,94.94,35.77,6.65,2026-06-26
Kore Digital,115.9,3.8,139.36,-51.61,-36.24,38.1,2026-06-26
Kotak Mah. Bank,409.0,21.39,406820.4,4.53,6.29,6.93,2026-06-26
Kothari Ferment.,43.9,,65.85,20.95,0.9,0.24,2026-06-26
Kothari Indl,163.32,,1764.21,-145.62,68.51,-28.92,2026-06-26
Kothari Petroche,123.86,10.03,728.87,3.01,-0.04,28.6,2026-06-26
Kothari Products,71.09,19.8,424.32,-118.99,42.08,2.63,2026-06-26
Kothari Sugars,24.96,,206.89,191.3,16.39,-5.52,2026-06-26
Kotia Enterprise,24.69,7.37,17.33,5360.0,,4.2,2026-06-26
Kotyark Indust.,45.45,27.38,513.9,543.45,220.54,15.31,2026-06-26
Koura Fine Diamo,34.31,27.25,20.71,300.0,23.47,7.59,2026-06-26
Kovai Medical,6019.0,26.94,6584.79,15.81,15.87,22.19,2026-06-26
Kovil. Lak. Rol.,100.6,19.03,90.96,-17.31,-7.65,10.05,2026-06-26
KP Green Engg.,371.55,13.68,1857.75,66.47,65.06,36.69,2026-06-26
KPI Green Energy,398.7,16.61,7881.18,46.5,39.76,13.85,2026-06-26
KPIT Technologi.,742.6,30.09,20357.92,-33.38,11.95,26.31,2026-06-26
KPT Industries,490.8,13.37,166.87,-5.32,26.15,20.45,2026-06-26
Kranti Industrie,66.18,36.88,84.45,50.0,45.06,7.05,2026-06-26
Kratikal Tech,,24.41,149.86,,,72.58,2026-06-26
KRBL,385.35,13.61,8820.27,0.76,5.77,15.16,2026-06-26
Krebs Biochem,66.24,,142.82,71.7,11.64,-15.37,2026-06-26
Kreon Finnancial,66.39,18.49,134.25,145.57,40.5,18.45,2026-06-26
Kretto Syscon,0.57,19.11,38.61,71.32,-56.33,4.0,2026-06-26
Kridhan Infra,2.96,33.36,33.03,16.46,-82.95,,2026-06-26
Krishana Phosch.,724.6,24.36,4387.64,152.83,59.76,27.24,2026-06-26
Krishanveer Forg,156.05,18.38,170.72,104.83,22.86,26.21,2026-06-26
Krishca Strapp.,175.05,22.45,260.65,-13.81,64.8,12.88,2026-06-26
Krishival Foods,404.6,50.63,1087.52,32.68,38.42,16.21,2026-06-26
Krishna Capital,59.27,,18.72,-233.33,-38.1,-1.92,2026-06-26
Krishna Defence,1275.0,49.97,1904.01,64.44,42.18,31.07,2026-06-26
Krishna Institu.,795.35,134.69,33405.22,-50.66,34.85,9.29,2026-06-26
Krishna Vent.,46.8,168.47,50.54,247.62,3453.85,4.18,2026-06-26
Kriti Industries,70.77,105.65,372.93,257.1,3.11,7.21,2026-06-26
Kriti Nutrients,82.93,12.28,415.51,25.05,27.58,20.15,2026-06-26
Kritika Wires,5.84,20.6,155.51,-39.71,-38.66,8.9,2026-06-26
KRM Ayurveda,262.1,27.7,557.25,148.95,30.58,35.31,2026-06-26
KRN Heat Exchan,1191.0,101.95,7796.11,57.09,36.49,16.06,2026-06-26
Kronox Lab,153.12,20.54,568.14,26.58,0.0,36.0,2026-06-26
Kross Ltd,189.46,22.14,1222.2,30.9,21.89,16.43,2026-06-26
Krsnaa Diagnost.,538.25,17.0,1746.01,105.89,-0.93,12.7,2026-06-26
Krupalu Metals,33.38,7.08,19.6,312.16,157.19,18.85,2026-06-26
Krypton Industri,34.84,19.4,51.21,450.0,14.79,11.22,2026-06-26
Krystal Integrat,600.7,13.04,839.3,11.34,-11.66,15.86,2026-06-26
KS Smart Technlogies,155.45,34.23,2550.47,,,,2026-06-26
KSB,934.35,59.08,16261.35,-22.87,0.99,24.7,2026-06-26
KSE,188.2,7.17,602.24,-110.72,4.43,33.56,2026-06-26
KSH Internationa,844.4,51.37,5721.29,87.16,100.52,21.36,2026-06-26
Kshitij Polyline,4.35,18.9,67.1,144.36,46.33,8.43,2026-06-26
Ksolves India,285.25,20.45,676.62,40.5,25.85,127.4,2026-06-26
KSR Footwear,31.59,,58.06,210.22,9.04,-10.02,2026-06-26
Kuantum Papers,76.42,15.9,666.87,-45.1,8.51,5.19,2026-06-26
Kuber Udyog,18.78,13.44,6.45,725.0,890.0,8.77,2026-06-26
Kuberan Global,28.38,,5.98,17.39,-100.0,-19.76,2026-06-26
Kumbhat Fin.,23.8,15.28,12.68,-29.88,68.0,11.73,2026-06-26
Kundan Edifice,74.3,9.82,76.32,-23.47,0.4,19.09,2026-06-26
Kunststoff Inds.,23.89,9.63,16.46,91.3,4.28,17.11,2026-06-26
Kush Industries,7.06,,10.77,400.0,,-2.61,2026-06-26
Kuwer Industries,11.99,5.44,10.88,2100.0,118.68,8.84,2026-06-26
KVS Castings,62.0,16.49,116.27,-15.79,2.04,15.78,2026-06-26
Kwality Pharma,2439.3,37.24,2531.07,74.6,35.81,24.25,2026-06-26
Kwality Wall's,34.76,,8167.18,,,,2026-06-26
L G Balakrishnan,1587.4,15.98,5062.6,-6.89,21.79,19.82,2026-06-26
L T Foods,385.55,21.41,13388.34,-15.48,30.44,17.74,2026-06-26
L. T. Elevator,262.5,29.56,503.03,497.22,139.72,40.9,2026-06-26
L.K.Mehta Poly.,43.25,26.37,16.61,-5.71,17.37,7.98,2026-06-26
L&T Finance Ltd,299.0,24.95,74914.64,26.79,18.6,8.4,2026-06-26
L&T Technology,3322.4,26.08,35240.23,23.41,8.34,26.71,2026-06-26
La Opala RG,180.18,21.35,2000.0,-37.06,-11.3,15.27,2026-06-26
La Tim Metal & I,9.83,16.32,128.41,143.21,76.53,14.73,2026-06-26
Labelkraft Tech.,61.75,15.29,20.03,-5.06,39.11,13.16,2026-06-26
Lactose (India),104.0,21.61,130.93,193.75,64.82,11.29,2026-06-26
Ladam Affordab.,7.26,,13.29,-2125.0,,-0.38,2026-06-26
Ladderup Finance,50.5,14.67,53.54,334.43,204.96,9.01,2026-06-26
Laddu Gopal,0.41,13.82,5.53,-101.89,,3.31,2026-06-26
Laffans Petroch,30.05,58.63,24.04,-33.61,46.51,0.4,2026-06-26
Lagnam Spintex,80.13,9.84,141.58,-2.22,10.31,10.07,2026-06-26
Lahoti Overseas,44.27,8.99,129.14,-66.12,-28.45,7.95,2026-06-26
Lak. Electrical,814.1,166.89,200.27,-55.93,17.85,0.82,2026-06-26
Lak. Fin. & Indl,145.3,,43.59,-4.92,18.34,-2.1,2026-06-26
Lak. Prec. Screw,4.7,,5.14,30.21,-16.37,0.28,2026-06-26
Lake Shore,68.28,149.38,23.9,-127.27,,1.13,2026-06-26
Lakhotia Poly.,60.17,26.48,63.02,-96.73,-99.12,11.16,2026-06-26
Lakshmi Engg.,2400.0,96.11,160.5,131.82,24.53,11.44,2026-06-26
Lakshmi Mills,7422.8,,516.63,392.42,-6.11,1.96,2026-06-26
Lakshya Powertec,112.0,11.14,112.94,-61.0,-2.32,13.48,2026-06-26
Lambodhara Text.,114.58,10.81,118.91,1322.73,5.26,12.31,2026-06-26
Lamosaic India,34.9,21.6,36.08,86.38,-1.36,4.56,2026-06-26
Lancer Containe.,11.74,73.66,414.73,133.6,17.97,1.95,2026-06-26
Lancor Holdings,24.69,4.47,181.6,143333.33,-65.39,20.52,2026-06-26
Landmarc Leisur.,1.8,,176.4,-92.45,-100.0,-1.55,2026-06-26
Landmark Cars,432.85,45.97,1794.81,1089.82,17.16,9.26,2026-06-26
Landmark Global,16.35,,33.7,-220.15,-86.19,-8.35,2026-06-26
Landmark Prop.,6.55,58.97,87.86,3300.0,,4.86,2026-06-26
Landsmill Green,0.86,129.06,121.32,115.18,-100.0,0.59,2026-06-26
Larsen & Toubro,4216.4,35.35,580062.45,2.11,11.25,14.57,2026-06-26
Lasa Supergeneri,7.6,,38.08,-138.67,-100.33,-18.15,2026-06-26
Last Mile Enter.,8.21,24.42,292.09,-45.86,-30.6,5.48,2026-06-26
Latent View,297.9,31.11,6164.3,-1.36,24.31,16.03,2026-06-26
Latteys Industri,21.72,34.5,124.88,181.63,59.21,16.32,2026-06-26
Laurus Labs,1450.0,87.59,78336.19,19.46,5.31,17.76,2026-06-26
Laxmi Cotspin,15.03,,25.77,-164.13,-23.06,1.87,2026-06-26
Laxmi Dental,224.76,36.94,1235.33,149.5,21.89,14.86,2026-06-26
Laxmi Goldorna,221.97,270.54,1111.9,-1151.67,-3.9,10.08,2026-06-26
Laxmi India Fin.,101.74,10.71,533.05,40.84,25.0,12.72,2026-06-26
Laxmi Organic,155.99,54.49,4324.22,-0.97,3.61,4.69,2026-06-26
Laxmipati Engg,383.9,,220.74,-30.42,64.34,21.84,2026-06-26
LCC Infotech,4.72,,79.58,-1500.0,-100.0,-1.88,2026-06-26
Le Lavoir,158.25,24.5,54.88,81.48,193.75,16.15,2026-06-26
Le Merite Export,24.28,26.2,303.91,-65.96,-40.28,9.95,2026-06-26
Le Travenues,189.83,112.09,8317.91,91.15,8.41,6.8,2026-06-26
Lead Financial S,17.48,57.7,5.77,-400.0,-37.5,3.1,2026-06-26
Lead Reclaim,92.0,19.44,79.49,219.59,-18.25,21.28,2026-06-26
Leading Lea. Fin,1.27,3.84,71.57,-367.17,418.22,6.63,2026-06-26
Leapfrog Engg.,24.25,21.13,343.85,,,46.17,2026-06-26
Lee & Nee Soft.,7.65,137.61,42.66,200.0,30.77,0.98,2026-06-26
Leela Palaces Hotels,483.9,39.57,16160.22,46.17,14.06,8.72,2026-06-26
Lehar Footwears,254.7,21.61,450.28,-17.86,-16.62,18.05,2026-06-26
Lemon Tree Hotel,119.69,38.21,9482.4,9.57,10.01,13.95,2026-06-26
Lenskart Solut.,508.9,175.9,88483.49,-8.5,45.62,8.44,2026-06-26
Leo Dryfruits,53.0,9.0,94.82,,,,2026-06-26
Lerthai Finance,574.0,,40.18,-31.58,,-3.94,2026-06-26
Lesha Industries,0.81,164.64,23.05,-116.67,451.56,0.28,2026-06-26
Lex Nimble Solu.,83.16,32.56,34.84,8.33,-11.63,8.42,2026-06-26
Lexoraa Ind,17.5,344.0,6.88,600.0,302.75,,2026-06-26
Lexus Granito,14.15,28.29,29.42,-225.0,-44.97,6.89,2026-06-26
LG Electronics,1571.3,63.29,106655.51,-8.19,8.12,32.23,2026-06-26
LGB Forge,4.76,,113.38,-15.0,7.23,3.0,2026-06-26
LGT Business,44.35,9.06,41.57,-65.78,43.25,21.08,2026-06-26
Libas Consumer,11.64,12.62,30.67,-141.72,-45.31,3.97,2026-06-26
Liberty Shoes,269.59,41.46,459.38,-10.69,13.0,7.91,2026-06-26
Libord Finance,16.37,40.16,25.7,78.57,22.22,3.94,2026-06-26
Libord Securitie,20.4,,10.2,45.76,,-1.37,2026-06-26
LIC Housing Fin.,549.85,5.4,30245.21,8.68,-1.25,8.59,2026-06-26
Life Insurance,423.35,9.32,535537.56,23.26,13.82,35.14,2026-06-26
Likhami Consult.,320.85,1388.04,319.25,9.52,3.03,0.89,2026-06-26
Likhitha Infra.,257.6,25.92,1016.23,-73.91,-10.93,13.69,2026-06-26
Lime Chemicals,15.35,,9.98,-50.0,39.02,-2.05,2026-06-26
Linc,115.46,18.76,686.86,-7.9,-9.55,19.21,2026-06-26
Lincoln Pharma.,631.55,14.39,1264.98,0.43,11.36,16.27,2026-06-26
Linde India,7021.5,108.7,59879.35,-27.74,3.79,18.25,2026-06-26
Link Pharma Chem,27.0,149.88,11.99,-17.14,2.17,3.48,2026-06-26
Liotech Ind.,231.95,21.75,90.47,,,49.14,2026-06-26
Lippi Systems,226.52,42.06,158.56,-225.0,,20.8,2026-06-26
LKP Finance,166.5,58.64,1278.86,130.19,1992.87,6.77,2026-06-26
LKP Securities,16.66,13.53,137.84,-15.99,24.34,13.53,2026-06-26
Lloyds Engineeri,84.91,65.34,12406.47,156.6,113.41,17.08,2026-06-26
Lloyds Enterpris,73.17,998.06,10997.78,318.23,47.07,3.67,2026-06-26
Lloyds Luxuries,72.55,,175.1,107.53,36.43,-5.75,2026-06-26
Lloyds Metals,1721.4,30.37,96898.8,426.3,311.71,35.86,2026-06-26
LMW,16146.0,123.02,17248.77,33.86,16.12,6.91,2026-06-26
Lodha Developers,947.45,27.61,94655.95,9.35,11.58,16.58,2026-06-26
Logica Infoway,168.15,21.11,299.27,6.74,22.18,13.56,2026-06-26
Logiciel Soluti.,36.2,11.5,27.03,,,8.48,2026-06-26
Lokesh Mach.,272.45,150.32,580.23,1553.85,53.42,6.37,2026-06-26
Longspur Intl,9.17,38.38,20.34,-238.1,-4.55,2.26,2026-06-26
Looks Health,9.54,501.0,10.02,-94.74,-69.23,0.2,2026-06-26
Lords Chloro,133.16,13.39,381.55,68.85,22.39,13.65,2026-06-26
Lords Ishwar,15.24,,11.38,-103.23,-11.39,3.73,2026-06-26
Lorenzini Appar.,9.17,36.41,158.4,113.24,85.06,11.06,2026-06-26
Lotus Chocolate,683.9,8781.3,878.13,-414.79,-19.48,9.71,2026-06-26
Lotus Eye Hospit,125.02,3250.0,260.0,-224.0,18.25,1.16,2026-06-26
Lovable Lingerie,72.84,13.49,107.8,23.75,-21.89,0.57,2026-06-26
Loyal Equipments,167.6,26.87,180.84,-28.43,5.36,15.62,2026-06-26
Loyal Textile,213.31,,102.82,72.05,-41.53,-4.1,2026-06-26
LTM,3762.6,20.65,111606.74,19.36,15.56,29.6,2026-06-26
Ludlow Jute,335.2,22.34,361.01,-45.24,56.29,10.3,2026-06-26
Lumax Auto Tech.,1548.9,36.7,10556.95,50.4,25.07,21.45,2026-06-26
Lumax Industries,5291.5,26.56,4947.55,26.43,29.99,17.7,2026-06-26
Lupin,2343.5,18.59,107152.44,101.49,31.89,30.32,2026-06-26
Lux Industries,1220.0,34.57,3668.75,-16.19,7.58,7.84,2026-06-26
Luxury Time,70.0,10.28,57.78,91.82,29.76,28.3,2026-06-26
LWS Knitwear,17.06,10.49,24.96,-15.04,-33.99,11.25,2026-06-26
Lyka Labs,69.85,,252.53,-529.94,-16.15,-6.1,2026-06-26
Lykis,44.51,13.29,86.24,382.61,136.65,11.54,2026-06-26
Lyons Corporate,21.8,34.0,10.2,260.0,18.18,5.85,2026-06-26
Lypsa Gems,4.83,8.23,14.24,102.29,-73.1,7.18,2026-06-26
M & B Engineer.,303.5,18.55,1734.45,-5.33,15.96,22.96,2026-06-26
M & M,3182.2,22.37,395715.74,48.85,29.07,15.45,2026-06-26
M & M Fin. Serv.,328.55,15.46,45667.5,105.16,13.37,8.72,2026-06-26
M B Agro Prod.,576.7,33.65,5053.45,319.37,32.99,19.4,2026-06-26
M E T S,138.35,10.23,76.23,169.05,49.04,23.47,2026-06-26
M K Exim India,66.71,13.45,269.29,77.59,-0.11,24.67,2026-06-26
M K Proteins,4.81,26.43,180.55,-59.29,6.37,10.13,2026-06-26
M Lakhamsi Ind,11.07,9.17,6.6,-9.68,29.85,7.9,2026-06-26
M M Forgings,461.05,19.65,2226.02,32.8,16.51,9.83,2026-06-26
M M Rubber,60.5,,37.7,146.67,5.83,-3.11,2026-06-26
M P Agro Inds.,9.53,79.0,5.53,300.0,,1.34,2026-06-26
M P K Steels,120.8,20.3,122.99,55.48,68.29,18.96,2026-06-26
M R Maniveni,36.48,18.5,71.4,,,17.35,2026-06-26
M R P L,153.93,14.02,26977.75,-68.43,-2.63,17.69,2026-06-26
M T N L,30.15,,1899.45,62.92,34.53,-2.25,2026-06-26
M Tek Copper,57.24,34.6,155.37,69.19,102.07,12.62,2026-06-26
M.V.K. Agro,389.15,42.15,1965.36,534.85,96.13,14.37,2026-06-26
Maan Aluminium,125.59,57.82,753.35,-56.85,3.54,7.73,2026-06-26
Mac Charles(I),700.7,,917.92,57.98,1567.71,5.41,2026-06-26
Mac Hotels,90.0,173.36,57.21,-533.33,-0.4,4.65,2026-06-26
Macfos,1064.65,42.99,1102.82,101.43,63.4,33.76,2026-06-26
Mach Travel Solutions,140.35,17.8,295.26,57.37,4.87,18.24,2026-06-26
Machhar Industri,311.8,39.15,23.1,100.0,10.47,8.43,2026-06-26
Machino Plastics,270.75,125.94,166.24,-92.86,33.83,6.72,2026-06-26
Macobs Technolo.,227.5,76.84,222.84,92.21,214.59,0.11,2026-06-26
Macpower CNC,1154.3,34.09,1154.78,10.93,25.35,29.11,2026-06-26
Madala Holdings,195.0,106.23,287.89,-441.71,10.8,4.37,2026-06-26
Madhav Infra,8.59,8.45,231.57,-4.85,-17.6,15.63,2026-06-26
Madhav Marbles,36.5,83.77,32.67,7350.0,20.47,1.71,2026-06-26
Madhucon Project,6.1,,45.01,-155.52,-9.39,-34.01,2026-06-26
Madhusudan Inds.,43.09,,23.18,54.09,6.25,-2.03,2026-06-26
Madhusudan Masa,213.3,20.12,325.07,26.63,36.91,16.25,2026-06-26
Madhusudan Sec.,17.7,13.49,37.91,-184.62,5250.0,3.51,2026-06-26
Madhya Prad. Tod,46.0,7.07,21.01,-21.03,-7.84,9.15,2026-06-26
Madras Fertilize,68.77,12.73,1107.89,153.3,26.09,14.82,2026-06-26
Mafatlal Inds.,143.54,11.18,1036.06,-22.59,96.47,12.91,2026-06-26
Magadh Sugar,455.05,10.0,641.24,-32.89,-18.17,7.81,2026-06-26
Magellanic Cloud,27.13,13.84,1598.14,32.06,31.47,19.79,2026-06-26
Magenta Life,9.4,53.83,6.46,160.0,107.14,3.6,2026-06-26
Magna Electrocas,1078.35,24.71,456.37,-44.81,4.61,17.43,2026-06-26
Magnum Ventures,19.56,,133.81,-15.42,8.26,2.55,2026-06-26
Magnus Steel,83.6,97.12,438.02,590.91,385.71,170.7,2026-06-26
Magson Retail,175.0,275.24,233.95,100.0,100.4,3.31,2026-06-26
Mah. Corporation,0.34,,21.11,97.3,,-0.58,2026-06-26
Mah. Scooters,12506.0,46.02,14292.57,-0.25,-9.32,1.06,2026-06-26
Mah. Seamless,628.4,11.97,8420.04,-56.91,-9.71,14.29,2026-06-26
Maha Rashtra Apx,47.04,,132.58,-135.99,-80.0,-1.47,2026-06-26
Mahalaxmi Fab.,22.73,4.6,24.14,170.45,45.79,6.64,2026-06-26
Mahalaxmi Rubtec,131.91,6.43,140.09,17.79,29.2,32.4,2026-06-26
Mahamaya Lifesc.,167.4,23.72,391.8,,,20.0,2026-06-26
Mahamaya Steel,791.45,142.93,1300.7,-24.77,11.41,8.4,2026-06-26
Mahanagar Gas,1174.6,13.7,11602.44,-45.56,4.52,18.28,2026-06-26
Mahaveer Infoway,15.79,13.59,8.7,291.67,104.0,17.43,2026-06-26
Mahendra Realtor,71.35,8.89,157.71,65.61,20.09,20.93,2026-06-26
Maheshwari Logi.,74.08,13.02,219.26,-39.46,13.47,12.17,2026-06-26
Mahickra Chem.,248.0,46.98,242.44,257.14,32.1,12.71,2026-06-26
Mahindra EPC,121.12,23.87,338.54,-23.36,11.59,10.33,2026-06-26
Mahindra Holiday,240.06,64.8,4850.56,-43.13,5.32,7.75,2026-06-26
Mahindra Life.,361.25,28.19,7707.01,5.91,7146.97,7.64,2026-06-26
Mahindra Logis.,368.0,1409.18,3651.39,399.11,14.14,7.36,2026-06-26
Mahip Industries,22.12,28.95,42.56,92.11,-67.99,,2026-06-26
Maiden Forgings,78.0,22.08,110.85,46.5,17.67,9.26,2026-06-26
Maithan Alloys,1012.8,6.8,2948.42,-15.44,28.48,14.83,2026-06-26
Maitreya Medica.,137.85,,93.41,-1720.0,-5.16,-2.18,2026-06-26
Maitri Enterp.,44.34,32.52,19.51,2450.0,136.56,15.04,2026-06-26
Majestic Auto,340.9,15.33,354.54,66.06,-76.66,5.41,2026-06-26
Makers Labs.,147.3,36.98,86.91,2825.0,5.46,9.48,2026-06-26
Maks Energy,23.05,20.49,15.98,26.32,-13.75,9.34,2026-06-26
Mallcom (India),1006.8,20.91,628.24,-29.61,6.63,11.44,2026-06-26
Malpani Pipes,65.62,7.83,70.72,4.89,12.3,20.34,2026-06-26
Malu Paper,30.95,,52.8,4.61,13.98,-8.86,2026-06-26
Mamata Machinery,409.6,57.93,1007.94,-92.48,-33.58,12.74,2026-06-26
Man Industries,569.15,25.04,4269.17,-25.39,-5.02,16.21,2026-06-26
Man Infra,104.38,21.01,4213.47,-44.33,-50.47,13.87,2026-06-26
Manaksia,58.41,7.31,382.78,-9.03,-11.87,10.63,2026-06-26
Manaksia Alumi.,37.71,32.69,247.13,62.0,13.56,10.15,2026-06-26
Manaksia Coated,104.63,27.21,1107.34,6.76,9.41,19.86,2026-06-26
Manaksia Steels,73.87,12.68,484.1,332.1,63.09,13.42,2026-06-26
Manali Petrochem,63.53,15.4,1092.71,11.78,27.04,7.24,2026-06-26
Manappuram Fin.,318.5,29.82,29917.85,311.3,10.71,8.26,2026-06-26
Manas Polymers,47.45,4.33,36.9,80.53,106.15,30.17,2026-06-26
Manav Infra,36.55,11.94,48.1,19.93,77.12,33.22,2026-06-26
Manba Finance,132.4,14.66,665.17,38.78,37.3,12.49,2026-06-26
Manbro Indust.,55.93,108.51,324.45,,,,2026-06-26
Mandeep Auto,19.2,19.1,21.96,-70.4,23.33,4.35,2026-06-26
Mangal Compuso.,45.6,10.25,62.04,85.48,22.12,16.91,2026-06-26
Mangal Credit,232.73,32.1,491.39,92.96,59.31,12.48,2026-06-26
Mangal Electrica,306.3,19.6,846.31,-8.47,17.24,14.73,2026-06-26
Mangalam Alloys,34.0,5.72,83.93,-76.55,-6.31,13.06,2026-06-26
Mangalam Cement,921.8,17.36,2534.7,371.61,-2.49,10.76,2026-06-26
Mangalam Drugs,28.79,,45.57,-8806.67,-7.54,-14.01,2026-06-26
Mangalam Global,16.1,14.57,530.58,160.54,98.23,16.83,2026-06-26
Mangalam Industr,0.61,,86.93,-1860.0,90.22,-1.93,2026-06-26
Mangalam Organic,552.2,16.61,472.93,16.34,2.56,10.46,2026-06-26
MANGALAM SEEDS,119.4,16.01,131.1,-63.02,-26.56,10.02,2026-06-26
Mangalam World.,371.05,22.0,1102.04,131.83,-18.24,17.63,2026-06-26
Manglam Global,15.46,42.94,15.46,34.78,177.32,7.64,2026-06-26
Manglam Infra,13.5,7.57,23.76,1700.0,-21.42,9.52,2026-06-26
Manilam Industries,55.4,58.76,121.04,,,8.48,2026-06-26
Manipal Fin. Cor,22.4,,18.77,,0.0,,2026-06-26
Mankind Pharma,2462.3,50.62,101692.0,34.23,11.81,13.5,2026-06-26
Manoj Ceramic,105.55,12.29,145.73,-5.38,22.14,12.94,2026-06-26
Manoj Jewellers,37.32,3.72,33.53,34.8,29.22,30.19,2026-06-26
Manoj Vaibhav,143.8,6.05,702.43,5.31,7.0,15.63,2026-06-26
Manomay Tex Indi,185.19,17.02,334.24,50.15,13.86,11.41,2026-06-26
Manor Estates,9.29,,7.65,5.56,,,2026-06-26
Manorama Indust.,1573.5,40.28,9395.14,40.81,64.21,35.45,2026-06-26
Mansi Fin.(Chen),57.75,6.24,20.39,-206.38,-64.32,10.7,2026-06-26
Mantra Capital,16.12,,57.68,-20.75,219.43,-9.31,2026-06-26
Manugraph India,15.21,11.2,46.26,-131.91,-10.17,10.62,2026-06-26
Maple Inf. Trust,142.47,,9807.03,-60.44,201.48,5.36,2026-06-26
Mapro Industries,31.31,84.74,26.27,-5.88,316.67,1.56,2026-06-26
Maral Overseas,54.87,59.01,227.77,5886.96,-6.0,7.5,2026-06-26
Marathon Nextgen,405.1,13.35,2731.21,-16.14,-23.58,12.5,2026-06-26
Marble City,132.49,47.41,338.05,-63.6,35.73,13.77,2026-06-26
Marc Loire,41.9,16.81,29.75,-75.62,-25.88,11.38,2026-06-26
Marc Technocrats,87.8,14.39,152.01,,,29.41,2026-06-26
Marco Cables,31.0,13.8,57.97,-51.82,-22.15,14.92,2026-06-26
Mardia Samyoung,48.63,173.28,386.42,2400.0,,7.02,2026-06-26
Marg Techno-Proj,15.11,119.2,118.01,326.32,199.44,8.8,2026-06-26
Margo Finance,65.97,28.18,30.15,438.1,872.73,1.28,2026-06-26
Marico,825.8,60.85,107219.84,13.99,22.09,47.21,2026-06-26
Marine Electric.,268.75,63.44,3761.01,45.55,10.66,18.22,2026-06-26
Marinetrans Indi,13.5,28.63,17.18,11.54,-10.79,5.32,2026-06-26
Maris Spinners,27.64,,22.59,-74.81,2.18,7.58,2026-06-26
Market Creators,15.0,,15.75,-176.19,-25.53,5.58,2026-06-26
Markolines Pavem,173.59,14.63,385.43,-7.57,-19.06,15.7,2026-06-26
Marksans Pharma,256.07,27.77,11604.16,63.59,20.84,18.84,2026-06-26
Marsons,112.44,41.79,1935.09,149.89,65.34,25.39,2026-06-26
Martin Burn,44.8,12.14,23.07,-95.78,-100.0,4.33,2026-06-26
Marushika Tech.,88.0,8.32,75.12,,,33.99,2026-06-26
Maruti Global Industries,38.7,26.88,19.35,147.71,,69.57,2026-06-26
Maruti Infra.,12.25,96.5,114.84,-76.67,-36.56,6.88,2026-06-26
Maruti Interior,64.31,37.24,388.43,133.86,-21.46,21.17,2026-06-26
Maruti Suzuki,13745.0,29.44,432146.34,-6.45,28.21,19.02,2026-06-26
Marvel Decor,75.65,30.36,134.2,43.21,-2.14,7.86,2026-06-26
MAS FINANC SER,311.95,15.11,5660.44,25.04,23.54,11.26,2026-06-26
MASK INVESTMENTS,152.4,775.0,46.5,,800.0,0.1,2026-06-26
Mason Infratech,126.0,13.79,301.64,13.65,5.68,17.27,2026-06-26
Mastek,1575.2,11.5,4882.7,40.53,3.6,18.02,2026-06-26
Master Component,346.05,18.6,138.42,72.84,52.45,26.62,2026-06-26
Master Trust,76.21,7.44,937.5,46.88,48.07,23.85,2026-06-26
Matrimony.com,401.6,24.3,830.24,18.7,7.86,17.41,2026-06-26
Matrix Geo Sol.,60.15,8.72,87.71,116.07,96.97,30.04,2026-06-26
Mauria Udyog,8.86,4.93,118.02,-9.58,-27.29,21.77,2026-06-26
Mawana Sugars,105.59,10.05,413.07,-9.55,9.2,8.35,2026-06-26
Max Estates,443.9,580.15,7257.64,-128.89,24.26,1.79,2026-06-26
Max Financial,1611.4,669.38,55611.79,-184.35,-12.72,2.95,2026-06-26
Max Healthcare,1123.35,73.68,109329.34,7.28,12.21,14.72,2026-06-26
Max Heights,13.0,20.7,20.29,-28.57,21.62,3.96,2026-06-26
Max India Ltd,159.04,,835.32,58.25,58.07,-23.21,2026-06-26
Maxgrow India,50.14,0.62,200.28,101245.45,,,2026-06-26
Maximus Interna.,12.52,18.39,170.32,7.84,24.78,12.61,2026-06-26
Maxposure,36.0,8.64,81.87,25.86,32.1,15.27,2026-06-26
Maxvolt Energy,383.4,17.15,418.06,114.61,148.13,27.12,2026-06-26
Mayank Cattle Fo,221.6,19.88,119.66,18.31,2.91,15.78,2026-06-26
Mayasheel Vent.,43.55,5.98,96.03,18.35,10.65,28.54,2026-06-26
Mayur Floorings,16.01,54.13,8.12,1000.0,75.69,6.58,2026-06-26
Mayur Leather,22.69,24.91,10.96,3.33,,7.49,2026-06-26
Mayur Uniquoters,789.85,17.9,3432.1,43.2,9.1,24.74,2026-06-26
Mazagon Dock,2472.5,38.61,99735.71,108.79,21.29,35.98,2026-06-26
Mazda,235.66,17.15,471.91,13.13,19.94,15.59,2026-06-26
MBL Infrast,25.0,,381.32,82.04,67.4,2.69,2026-06-26
Mcleod Russel,59.97,28.28,626.42,142.46,-21.22,-4.68,2026-06-26
MCON Rasayan,46.0,11.1,33.74,76.47,26.32,11.06,2026-06-26
Medi Assist Ser.,363.15,28.23,2712.8,148.1,28.13,13.95,2026-06-26
Medi Caps,27.27,,34.01,76.74,-50.5,-2.59,2026-06-26
Media Matrix,13.59,263.15,1539.4,805.0,10.63,9.78,2026-06-26
Mediaone Global,13.59,,20.0,-1671.43,-43.21,165.29,2026-06-26
Medicamen Biotec,228.2,32.11,309.5,59.5,104.83,5.43,2026-06-26
Medicamen Organ.,23.75,,28.89,-338.58,-77.85,-10.66,2026-06-26
Medico Intercon.,29.22,,29.22,-155.56,6.29,-1.43,2026-06-26
Medico Remedies,40.28,25.48,334.26,35.02,37.55,23.12,2026-06-26
Medistep Health.,19.9,4.73,28.28,22.36,25.92,27.25,2026-06-26
Medplus Health,835.0,45.67,10031.44,24.62,23.5,12.65,2026-06-26
Meera Industries,46.55,132.56,99.42,-277.78,12.8,4.69,2026-06-26
Meesho,186.45,,85928.48,-55.96,47.13,-35.59,2026-06-26
Mefcom Capital,10.11,,46.2,-21.3,-4.47,-3.65,2026-06-26
Mega Corp.,3.59,78.04,71.8,-7.14,13.95,6.79,2026-06-26
Mega Flex Plast.,126.95,21.18,154.0,74.53,13.18,16.23,2026-06-26
Mega Nirman,34.94,256.03,89.61,,83.61,1.92,2026-06-26
Megamont,162.0,75.22,467.89,5228.57,,23.72,2026-06-26
Megastar Foods,351.85,43.38,397.37,60.74,21.91,11.64,2026-06-26
Megatherm Indu.,216.7,16.83,408.28,2.08,8.47,18.1,2026-06-26
Meghmani Organi.,49.36,43.68,1255.29,-59.49,-14.3,6.67,2026-06-26
Meghna Infracon,730.8,294.54,1587.57,-48.98,52.48,31.33,2026-06-26
Megri Soft,83.0,42.74,26.07,144.44,54.0,3.69,2026-06-26
Mehai Technology,1.24,12.49,91.89,322.67,39.73,6.69,2026-06-26
Mehta Integrat.,29.0,161.11,14.5,-94.44,-55.56,0.5,2026-06-26
Mehta Securities,22.8,,7.05,-77.78,,0.15,2026-06-26
Mehul Colours,68.0,13.74,71.73,-34.58,34.8,23.42,2026-06-26
Mehul Telecom,88.5,9.29,92.5,83.39,64.46,57.22,2026-06-26
Mena Mani Inds.,7.34,355.42,85.3,110.2,-53.82,1.22,2026-06-26
Menon Bearings,161.7,23.69,906.17,108.47,36.6,25.49,2026-06-26
Menon Pistons,67.92,13.42,346.39,4.94,31.31,21.51,2026-06-26
MEP Infrast.,0.74,,13.58,-767.36,1.84,-401.21,2026-06-26
Mercantile Vent.,25.25,40.96,282.59,-61.39,22.9,0.82,2026-06-26
Mercury EV-Tech,34.61,157.3,657.5,-80.65,-34.13,2.64,2026-06-26
Mercury Labs,813.0,19.05,97.56,10.81,-1.06,12.06,2026-06-26
Mercury Trade Li,5.22,711.0,7.11,1464.1,12.59,0.58,2026-06-26
Merritronix,455.7,49.49,796.78,,,41.14,2026-06-26
Meta Infotech,81.0,14.06,152.94,-85.62,72.0,23.16,2026-06-26
Metal Coatings,54.27,16.57,39.76,-90.23,-9.88,7.01,2026-06-26
Methodhub Software,78.75,4.66,148.47,106.96,191.09,36.86,2026-06-26
Metro Brands,1031.3,68.36,28109.26,23.07,20.26,20.18,2026-06-26
Metroglobal,133.2,10.23,164.29,-79.1,-15.63,7.18,2026-06-26
Metropolis Healt,543.35,57.36,11265.38,74.43,22.99,17.77,2026-06-26
Mewar Hi-Tech,65.2,28.92,25.45,-78.17,-5.89,10.94,2026-06-26
Meyer Apparel,2.43,,19.56,-4.35,-100.0,,2026-06-26
MFL India,0.38,8.66,13.69,51.81,-65.12,-9.96,2026-06-26
MFS Intercorp,14.3,,6.18,2000.0,271.43,-0.64,2026-06-26
MIC Electronics,40.42,,974.17,-614.01,13.24,8.55,2026-06-26
Micropro Softwar,19.25,,27.53,249.09,-36.04,-1.42,2026-06-26
Mid East Port.,43.93,25.7,22.1,-350.0,,22.66,2026-06-26
Mid India Inds.,6.51,35.37,10.61,975.0,405.84,,2026-06-26
Midwest,1289.8,44.48,4664.02,-24.63,-6.25,15.4,2026-06-26
Midwest Gold,4444.4,,5765.36,,,-2.55,2026-06-26
Mihika Industrie,14.92,165.78,14.92,101.37,-98.38,0.41,2026-06-26
Milestone Furn.,25.64,,23.84,39.29,,-1.91,2026-06-26
Milestone Global,17.21,11.52,8.64,416.67,-3.99,9.49,2026-06-26
MILGREY FIN.&INV,47.0,,101.24,-23100.0,,-1.62,2026-06-26
Milkfood,71.18,4.11,182.19,2024.38,13.23,22.53,2026-06-26
Millen. Online,1.75,875.0,8.75,150.0,62.5,0.89,2026-06-26
Milton Industri.,40.0,37.77,67.98,55.56,11.31,5.98,2026-06-26
Minal Industries,2.5,68.54,47.98,-58.62,-20.77,1.42,2026-06-26
Minaxi Textiles,1.6,4.42,7.91,-47.89,0.32,21.59,2026-06-26
Minda Corp,670.45,44.37,16029.08,135.63,28.95,12.76,2026-06-26
Mindspace Busine,463.16,45.31,30660.89,127.77,30.67,7.64,2026-06-26
Mindteck (India),205.49,19.24,656.63,49.41,-0.11,15.11,2026-06-26
Mini Diamonds(I),6.04,102.42,142.36,-107.97,54.89,2.62,2026-06-26
Minolta Finance,1.46,,14.6,-75.0,1482.35,6.31,2026-06-26
Mipco Seaml Ring,24.0,95.56,8.6,500.0,,37.04,2026-06-26
Mirza Internatio,35.49,,490.48,-200.45,-15.9,-1.84,2026-06-26
Mish Designs,33.0,,10.5,-292.06,-80.52,-3.46,2026-06-26
Mishka Exim,42.0,30.65,60.69,475.0,129.53,11.34,2026-06-26
Mishra Dhatu Nig,413.05,59.16,7738.08,38.49,34.63,11.3,2026-06-26
Mishtann Foods,3.89,1.59,419.19,-99.95,-90.7,22.5,2026-06-26
Misquita Engg.,81.95,167.04,38.42,300.0,41.42,3.07,2026-06-26
Mitcon Consult.,82.6,17.78,143.88,179.29,18.62,8.83,2026-06-26
Mitshi India,14.29,96.77,12.58,233.33,25.24,4.34,2026-06-26
Mitsu Chem Plast,145.2,12.55,197.15,118.08,-4.42,16.26,2026-06-26
Mittal Life Styl,0.98,25.9,43.51,-81.03,9.69,6.2,2026-06-26
Mittal Sections,30.0,10.03,34.7,9.8,14.53,12.8,2026-06-26
Miven Mach. Tool,90.22,,27.1,118.75,,,2026-06-26
Mizzen Ventures,131.1,285.5,288.35,-56.25,225.0,3.64,2026-06-26
MKP Mobility,109.95,21.43,37.5,-42.65,15.14,25.8,2026-06-26
MKVentures Cap.,1205.1,43.65,463.17,108.87,-20.83,13.23,2026-06-26
MMP Industries,279.8,18.44,710.77,14.36,11.9,12.49,2026-06-26
MMTC,68.63,102.91,10294.5,1461.46,190.48,8.66,2026-06-26
Mobavenue AI Tech,288.45,75.97,2229.65,752.53,1285.4,75.89,2026-06-26
Mobilise App,97.0,16.51,92.27,-23.39,-4.06,39.37,2026-06-26
Modella Woollens,56.7,,5.16,20.0,,,2026-06-26
Modern Dairies,33.74,19.65,95.89,-98.21,1.23,13.72,2026-06-26
Modern Diagnost.,52.0,14.96,78.52,,,12.18,2026-06-26
Modern Engineer.,30.48,5.55,47.09,-96.05,12.84,15.09,2026-06-26
Modern Insulator,549.75,32.49,2591.74,186.54,26.6,19.4,2026-06-26
Modern Malleable,64.69,38.98,753.8,-18.76,104.24,15.06,2026-06-26
Modern Shares,35.61,52.2,10.44,-20.0,-6.41,2.62,2026-06-26
Modern Steels,13.51,17.54,18.59,-85.43,,5.71,2026-06-26
Modern Threads,45.98,12.26,159.9,46.03,15.92,12.81,2026-06-26
Modi Naturals,399.85,11.46,532.06,96.2,28.0,22.02,2026-06-26
Modi Rubber,131.31,513.75,328.8,-1276.27,70.88,0.63,2026-06-26
Modi's Navnirman,335.0,22.49,656.31,192.05,158.22,29.57,2026-06-26
Modipon,46.0,,53.25,-45.45,,,2026-06-26
Modison,321.15,13.24,1042.13,442.75,120.9,30.86,2026-06-26
Modulex Const.,13.28,,139.39,-51.98,,-3.96,2026-06-26
Mohini Health,35.35,,64.46,-143.48,-7.09,-2.69,2026-06-26
Mohit Industries,24.74,,35.03,126.19,2.5,1.65,2026-06-26
Mohit Paper Mill,26.31,5.56,36.83,231.82,13.66,11.83,2026-06-26
Mohite Industrie,3.31,18.38,66.53,175.0,-13.72,6.89,2026-06-26
MOIL,279.55,21.27,5688.43,-19.92,2.56,12.64,2026-06-26
Moksh Ornaments,12.14,10.88,107.13,42.31,56.21,11.43,2026-06-26
Mold-Tek Pack.,689.5,31.71,2291.13,26.86,17.4,13.32,2026-06-26
Mold-Tek Technol,133.1,38.0,383.4,246.15,85.71,10.61,2026-06-26
Monarch Networth,337.75,14.78,2678.64,84.16,63.8,27.68,2026-06-26
Monarch Surve.,214.5,8.16,303.65,-10.02,-13.92,28.52,2026-06-26
Money Masters,0.7,19.53,7.03,-38.1,-26.32,1.64,2026-06-26
Moneyboxx Fin.,66.78,347.9,466.19,108.88,21.22,9.05,2026-06-26
Monika Alcobev,228.0,15.22,489.06,29.35,21.36,14.67,2026-06-26
Monind,22.99,,8.46,303.03,,,2026-06-26
Mono Pharmacare,10.9,23.2,19.26,-99.13,-23.94,11.0,2026-06-26
Monolithisch Ind,750.85,70.87,1632.05,80.62,34.87,34.79,2026-06-26
Monotype India,0.38,,26.72,-103.32,-100.0,-4.91,2026-06-26
Monte Carlo Fas.,556.95,10.33,1154.67,149.03,36.11,13.9,2026-06-26
Moongipa Capital,16.5,20.71,15.12,-90.57,95.45,4.94,2026-06-26
Morarjee Text.,8.83,,32.08,-201.43,-74.2,-26.12,2026-06-26
Morarka Finance,62.97,19.82,28.34,-80.77,-82.35,1.58,2026-06-26
Morepen Labs.,53.16,39.13,2912.92,-22.54,4.05,8.05,2026-06-26
Morgan Ventures,48.9,11.69,48.41,-59.55,1.93,8.83,2026-06-26
MOS Utility,11.85,16.95,305.07,11.5,-12.46,19.5,2026-06-26
Moschip Tech.,204.46,97.84,3976.13,-8.73,13.75,10.97,2026-06-26
Mother Nutri,151.0,16.26,189.28,453.51,50.14,21.17,2026-06-26
Motherson Wiring,41.26,43.77,27362.24,1.44,32.88,38.88,2026-06-26
Motil.Oswal.Fin.,946.15,30.48,56972.11,-241.64,124.84,12.65,2026-06-26
Motisons Jewel,14.12,25.12,1606.16,-23.52,15.76,17.86,2026-06-26
Motor & Gen Fin,30.0,,116.18,-15800.0,0.0,-0.02,2026-06-26
Moving Media,34.95,5.21,65.73,51.61,41.61,19.03,2026-06-26
Moxsh Overseas,114.0,49.3,106.49,3909.09,137.12,23.68,2026-06-26
MPDL Ltd,31.95,,23.67,-53.92,472.34,-6.14,2026-06-26
Mphasis,2263.4,22.87,43202.07,14.14,14.36,22.8,2026-06-26
MPIL Corporation,548.75,,31.28,-54.66,0.0,-21.6,2026-06-26
MPL Plastics,6.15,,7.69,223.08,,-242.86,2026-06-26
MPS,1815.1,18.54,3104.88,9.86,12.66,39.27,2026-06-26
MRC Agrotech,36.53,86.7,114.44,73.68,220.59,3.83,2026-06-26
MRF,129550.0,22.21,54944.01,35.5,13.7,15.73,2026-06-26
MRP Agro,90.0,25.75,103.5,-72.12,-41.16,13.69,2026-06-26
Mrs Bectors,182.67,47.21,5607.8,3.74,9.17,12.94,2026-06-26
Mrugesh Trading,53.65,,3875.94,-61.29,-16.32,-0.49,2026-06-26
Msafe Equipments,188.0,17.11,383.52,91.95,38.86,34.11,2026-06-26
MSP Steel & Pow.,41.9,17.54,2374.88,351.85,7.4,9.69,2026-06-26
MSR India,4.29,,26.98,57.14,,,2026-06-26
MSTC,647.4,20.87,4557.7,-10.06,33.71,30.27,2026-06-26
MT Educare,2.3,,16.61,112.77,-23.41,2.1,2026-06-26
MTAR Technologie,7976.5,250.0,24535.39,212.25,67.14,15.2,2026-06-26
Mudunuru,10.06,,31.79,-4800.0,-76.72,-41.6,2026-06-26
Mufin Green,128.1,89.79,2538.46,184.36,59.5,10.73,2026-06-26
Mukand,133.06,3.18,1922.66,4991.56,14.65,23.13,2026-06-26
Mukat Pipes,15.51,367.0,18.35,220.0,147.87,,2026-06-26
Mukesh Babu Fin.,122.25,16.19,85.22,17.73,245.37,3.33,2026-06-26
Mukka Proteins,24.32,14.01,729.6,51.73,-0.25,11.61,2026-06-26
Mukta Agricultur,3.08,24.74,6.68,141.67,,1.21,2026-06-26
Mukta Arts,60.99,,137.75,124.32,19.1,11.17,2026-06-26
Muller & Phipps,212.9,,13.31,29.79,-11.76,,2026-06-26
Multi Comm. Exc.,2831.7,54.23,72206.04,291.09,205.13,71.37,2026-06-26
Multibase India,183.05,22.15,231.01,-51.11,11.35,16.66,2026-06-26
Multipurpose Trd,11.85,,5.87,-20.0,-11.11,4.0,2026-06-26
Munish Forge,69.0,15.77,166.08,-57.05,10.61,11.98,2026-06-26
Munjal Auto Inds,94.16,26.62,941.6,-103.56,20.0,11.12,2026-06-26
Munjal Showa,128.25,21.83,512.94,-100.56,14.59,4.72,2026-06-26
Munoth Capital,103.8,,95.14,-422.22,83.33,-3.08,2026-06-26
Munoth Commun.,5.5,,5.31,58.62,,-2.31,2026-06-26
Munoth Fin.Serv.,30.0,,15.41,-195.35,-100.0,-7.06,2026-06-26
Murudesh.Ceramic,32.12,17.27,194.47,-57.8,-5.66,5.21,2026-06-26
Music Broadcast,6.16,,212.94,-26.11,-25.39,-8.28,2026-06-26
Muthoot Cap.Serv,202.68,26.95,333.36,1.87,21.33,8.87,2026-06-26
Muthoot Finance,3025.6,11.47,121468.3,126.67,65.23,15.77,2026-06-26
Muthoot Microfin,210.55,21.08,3589.71,117.73,13.83,9.3,2026-06-26
My Money Sec.,38.56,15.39,64.78,226.55,-15.79,14.69,2026-06-26
My Mudra Fin.,76.0,7.22,86.58,7.98,26.29,26.18,2026-06-26
Mysore Petro,96.1,78.11,63.27,33.63,190.19,0.38,2026-06-26
Mystic Electron.,3.29,23.21,6.5,-63.95,,0.87,2026-06-26
N D Metal Inds.,75.81,125.33,18.8,-63.64,100.0,4.49,2026-06-26
N G Industries,115.1,22.29,38.56,128.4,-2.46,5.88,2026-06-26
N K Industries,62.11,,37.33,96.62,-39.52,,2026-06-26
N R Agarwal Inds,455.4,16.23,775.05,308.21,29.98,8.47,2026-06-26
N R Vandana,69.15,15.4,161.08,10.23,20.73,17.67,2026-06-26
N S D L,880.7,46.38,17614.0,8.18,26.01,23.22,2026-06-26
N2N Technologies,38.0,8.07,12.27,120.0,47.06,-4.04,2026-06-26
Naapbooks,145.68,20.79,172.53,54.15,-6.79,27.25,2026-06-26
Nacdac Infra.,22.4,5.32,23.58,-29.13,-4.35,20.53,2026-06-26
NACL Industries,205.0,282.14,4801.99,98.91,79.19,8.08,2026-06-26
Nag. Agri Tech.,46.9,107.29,143.77,2480.0,,,2026-06-26
Naga Dhunseri,2595.3,,259.53,-448.2,-32.84,0.14,2026-06-26
Nagarjuna Fert.,3.35,,200.35,-118.63,105.01,,2026-06-26
Nagpur Power,139.8,,183.14,-202.58,86.61,0.91,2026-06-26
Nagreeka Cap.,24.84,4.23,31.34,-131.08,-53.48,14.46,2026-06-26
Nagreeka Exports,26.55,27.11,82.97,304.76,47.23,5.31,2026-06-26
Nahar Capital,252.5,6.7,422.84,-14.24,135.14,5.03,2026-06-26
Nahar Indl. Ent.,119.7,9.96,517.17,54.39,-12.99,6.63,2026-06-26
Nahar Poly,253.35,7.9,622.94,44.98,7.05,10.69,2026-06-26
Nahar Spinning,252.1,40.27,909.21,1.2,4.71,3.2,2026-06-26
Nakoda Group,37.24,43.54,65.31,130.33,-20.6,8.42,2026-06-26
Naksh Precious,4.79,,5.04,-1280.0,-33.33,-8.51,2026-06-26
Nalin Lease Fin.,36.54,7.53,23.96,29.82,-19.67,10.96,2026-06-26
Nalwa Sons Invst,5503.0,51.88,2828.54,121.44,122.96,0.48,2026-06-26
Nam Securities,72.53,279.36,39.11,-31.58,84.8,1.75,2026-06-26
Naman Industries Proxima,48.9,,63.89,-277.55,-17.44,-0.35,2026-06-26
Namo eWaste,287.05,45.74,656.41,135.9,29.25,21.33,2026-06-26
Nanavati Venture,107.35,716.14,50.13,-85.0,-65.51,0.71,2026-06-26
Nandan Denim,2.46,10.7,354.6,-10.37,-48.51,7.32,2026-06-26
Nandani Creation,27.86,28.91,53.19,42.55,49.7,7.09,2026-06-26
Nanta Tech,620.4,38.96,318.28,123.97,52.19,32.27,2026-06-26
Naperol Invest.,649.7,34.93,373.38,14.37,20.78,1.07,2026-06-26
NAPS Global,38.0,10.58,16.83,,,,2026-06-26
Narayana Hrudaya,1956.8,46.95,39989.32,12.47,75.8,15.36,2026-06-26
Narendra Prop.,37.68,13.59,26.78,-97.14,-100.0,6.93,2026-06-26
Narmada Agrobase,42.73,41.99,162.1,2.56,16.04,8.95,2026-06-26
Narmada Gelatine,473.4,10.07,286.39,78.73,23.97,27.87,2026-06-26
Narmada Macplast,24.32,52.45,88.11,4.65,51.42,26.46,2026-06-26
Narmadesh Brass,310.5,27.12,96.28,,,10.67,2026-06-26
Natco Pharma,903.7,11.41,16186.16,-34.11,-39.47,17.14,2026-06-26
Nath Bio-Genes,168.4,8.83,320.03,-101.06,-0.73,7.1,2026-06-26
Nath Industries,48.99,13.93,93.08,-155.32,2.76,5.44,2026-06-26
National Fitting,157.15,15.67,142.74,-51.55,0.21,14.56,2026-06-26
National High,167.95,47.45,32529.41,45.58,77.05,4.42,2026-06-26
National Perox.,576.55,28.86,331.34,222.19,16.26,4.42,2026-06-26
National Plastic,212.85,13.87,129.38,-30.05,17.68,16.81,2026-06-26
National Standar,1223.2,253.25,2446.4,-67.78,-100.0,4.79,2026-06-26
Natl. Aluminium,332.15,10.52,61003.72,-16.68,-4.84,39.59,2026-06-26
Natl. Gen. Inds.,58.53,,32.37,-154.84,-9.42,-1.02,2026-06-26
Natl. Oxygen,47.62,,24.01,31.27,-53.94,-21.54,2026-06-26
Natl. Plastic,43.38,11.45,39.61,-202.94,12.55,12.38,2026-06-26
Natl. Plywood,2.49,,6.14,-184.62,-79.37,,2026-06-26
Natl.Fertilizer,75.18,17.44,3688.18,12.43,-2.45,9.09,2026-06-26
Natraj Proteins,36.47,12.0,13.68,-11.9,-18.17,5.63,2026-06-26
Natura Hue Chem,35.3,,14.63,-2180.0,,-11.34,2026-06-26
Natural Biocon,3.67,,9.46,81.63,-34.81,-0.13,2026-06-26
Natural Capsules,157.07,,163.53,-1058.33,29.98,-4.76,2026-06-26
Naturewings Hol.,80.49,18.48,28.64,-16.67,39.22,18.38,2026-06-26
Naturite Agro,193.2,,102.32,-149.25,65.98,2.08,2026-06-26
Nava,607.15,21.83,17197.83,-45.71,12.24,13.0,2026-06-26
Navigant Corp.,72.92,25.26,22.99,-52.38,-37.84,10.23,2026-06-26
Navin Fluo.Intl.,7609.0,58.37,39032.39,113.03,33.78,21.37,2026-06-26
Navkar Corporat.,110.23,55.03,1659.17,175.45,92.55,3.05,2026-06-26
Navkar Urban.,1.1,41.98,123.43,95.09,314.08,2.72,2026-06-26
Navneet Educat.,141.46,20.11,3129.28,-47.07,-0.92,10.23,2026-06-26
Nazara Technolo.,300.65,11.53,11138.03,196.09,-23.53,27.23,2026-06-26
NB Footwear,8.19,,11.06,71.43,,,2026-06-26
NBCC,107.17,43.72,28935.9,-0.95,-1.81,30.95,2026-06-26
NBI Indl. Fin.,1911.8,45.45,564.91,-93.52,-78.09,0.56,2026-06-26
NCC,153.59,13.79,9643.1,-18.83,1.66,16.82,2026-06-26
NCC Blue Water,19.5,47.22,15.11,135.29,,2.88,2026-06-26
NCL Industries,192.85,6.65,872.31,625.08,6.5,14.49,2026-06-26
NCL Res. & Finl.,0.5,,53.52,-5690.0,-86.14,-2.53,2026-06-26
NDA Securities,30.68,,18.25,-46.24,288.89,0.0,2026-06-26
NDL Ventures,130.05,481.21,437.9,7.14,,2.04,2026-06-26
NDR Auto Compon.,819.8,31.23,1949.92,12.57,19.28,22.16,2026-06-26
NDR INVIT Trust,140.0,59.82,6412.55,-118.35,15.49,5.14,2026-06-26
NDTV,81.08,,914.78,-60.71,16.46,-72.58,2026-06-26
Nectar Lifesci.,11.42,,221.85,-33727.27,12800.0,-4.88,2026-06-26
Neelam Linens,10.85,14.15,21.94,-93.18,-12.27,7.82,2026-06-26
Neelamalai Agro,3199.0,6.83,199.0,58.37,53.07,9.63,2026-06-26
Neelkanth,42.28,73.72,18.43,-173.91,-100.0,5.05,2026-06-26
Neelkanth Rock,47.26,103.57,23.82,-35.14,,3.92,2026-06-26
Neeraj Paper Mkt,20.9,45.08,22.99,275.0,-2.18,3.72,2026-06-26
Neetu Yoshi,150.25,23.31,583.16,58.96,53.19,31.78,2026-06-26
Neil Industries,6.45,8.52,12.61,128.57,12.5,4.39,2026-06-26
Nelcast,132.57,23.82,1153.37,12.78,11.65,11.42,2026-06-26
NELCO,863.05,3338.1,1969.48,126.72,17.27,7.21,2026-06-26
Neo Infracon,42.65,25.17,22.65,-38.76,-59.53,9.61,2026-06-26
Neochem Bio,104.0,14.29,178.06,31.35,37.35,28.05,2026-06-26
Neogen Chemicals,1874.8,178.56,5133.52,23.67,21.57,6.46,2026-06-26
Neopolitan Pizza,7.38,62.75,12.55,135.71,-52.42,1.21,2026-06-26
Nephro Care,67.35,32.95,111.04,,,8.7,2026-06-26
Nephrocare Health Services,657.95,85.92,6601.92,22.11,21.18,15.48,2026-06-26
Neptune Logitek,37.8,8.34,51.79,-49.55,-20.19,15.38,2026-06-26
Neptune Pet.,185.0,13.81,419.09,29.32,6.32,31.57,2026-06-26
NESCO,1087.8,18.57,7664.63,5.0,31.05,18.34,2026-06-26
Nestle India,1402.6,78.43,270465.37,28.84,22.6,84.14,2026-06-26
Net Avenue,4.9,,10.51,65.64,5.18,-32.63,2026-06-26
Net Pix Shorts,33.6,,10.75,200.0,125.0,0.39,2026-06-26
Netlink Solns(I),190.4,23.72,48.16,98.97,0.0,6.09,2026-06-26
Nettlinx,16.47,,39.82,700.0,-41.03,0.66,2026-06-26
Netweb Technol.,4943.8,136.77,28150.34,65.67,86.59,37.5,2026-06-26
Network People,1584.9,80.99,3306.66,134.87,135.22,19.67,2026-06-26
Netwrk.18 Media,32.63,137.1,5031.55,9.14,9.7,3.02,2026-06-26
Neueon Corporation,19.78,,1118.45,-349.25,15.33,-40.43,2026-06-26
Neuland Labs.,17961.0,63.31,23043.76,664.72,136.4,26.59,2026-06-26
New India Assura,184.63,21.54,30427.02,61.19,7.54,3.87,2026-06-26
New Light Industries,1.35,28.17,11.83,-59.09,-63.5,3.89,2026-06-26
New Markets Advi,35.79,,17.68,-200.0,-100.0,-9.04,2026-06-26
New Swan,47.9,9.49,91.09,-23.99,24.41,13.44,2026-06-26
Newgen Software,473.1,20.32,6742.15,3.61,5.3,25.76,2026-06-26
Newjaisa Tech,17.35,,62.07,-168.67,-46.01,-24.48,2026-06-26
Newmalayalam St.,23.3,5.69,40.28,466.67,5.16,12.4,2026-06-26
Newtime Infra.,2.15,,112.84,-1267.74,0.0,-2.58,2026-06-26
Newtrac Foods,4.61,,30.98,-3729.41,-84.11,-69.48,2026-06-26
Nexome Cap. Mkt.,128.85,11.52,138.33,3412.9,122.21,10.26,2026-06-26
Next Mediaworks,4.04,,27.02,6.2,,-0.62,2026-06-26
Nexus Select,161.44,60.62,24458.16,-89.34,12.41,6.18,2026-06-26
Nexus Surgical,19.65,14.53,10.75,166.67,38.51,69.23,2026-06-26
Nexxus Petro,73.0,8.05,50.74,-10.74,-44.59,19.47,2026-06-26
NFP Sampoorna,23.7,6.61,29.94,119.83,40.76,24.14,2026-06-26
NGL Fine Chem,2989.9,44.39,1847.76,2282.69,55.61,15.07,2026-06-26
NHC Foods,1.11,7.14,84.57,644.19,92.08,11.52,2026-06-26
NHPC Ltd,79.4,21.18,79757.58,71.05,19.96,5.73,2026-06-26
NIBE,1656.2,448.95,2527.57,282.59,130.48,4.79,2026-06-26
Nicco Parks,77.15,,361.06,-124.74,-12.73,13.52,2026-06-26
Nidan Laborator.,13.6,10.74,18.9,-86.36,-11.22,5.99,2026-06-26
Nidhi Granites,360.0,37.5,288.0,320.45,58.97,51.01,2026-06-26
Nihar Info Glob.,6.14,9.26,6.39,100.88,-10.55,10.05,2026-06-26
NIIT,100.38,141.21,1371.73,-136.77,15.59,2.23,2026-06-26
NIIT Learning,227.43,13.76,3134.31,10.03,22.23,20.59,2026-06-26
Nikhil Adhesives,77.9,20.3,357.9,50.24,11.3,15.06,2026-06-26
Nikita Greentech Recycling,95.05,21.05,234.47,-62.64,-13.47,9.29,2026-06-26
Nikki Glob.Fin.,21.49,35.0,7.35,720.0,,13.05,2026-06-26
Niks Technology,291.75,72.95,14.59,-58.82,-60.84,4.42,2026-06-26
Nila Infrastruct,7.68,12.99,302.51,9.14,-28.55,22.54,2026-06-26
Nila Spaces,12.86,17.75,506.54,94.92,25.25,31.32,2026-06-26
Nilachal Carbo,92.0,21.76,229.33,,,14.54,2026-06-26
Nilachal Refract,41.89,,85.29,98.19,36.11,-30.63,2026-06-26
NILE,1744.4,9.47,523.32,41.3,20.95,25.28,2026-06-26
Nilkamal Ltd,1276.6,15.11,1904.69,21.65,7.96,10.61,2026-06-26
Nimbus Projects,209.99,,405.67,86.0,26192.77,-13.46,2026-06-26
NINtec Systems,773.0,44.86,1435.92,18.91,22.51,54.95,2026-06-26
Nippon Life Ind.,1139.0,47.61,72815.8,28.84,30.39,43.8,2026-06-26
Niraj Cement,30.03,8.3,179.26,-30.64,-19.19,11.05,2026-06-26
Niraj Ispat Ind.,203.0,7.52,12.18,30.0,-11.0,11.28,2026-06-26
Nirav Commercial,734.25,318.22,28.64,80.0,67.82,0.93,2026-06-26
Nirlon,620.1,16.15,5588.34,31.85,8.18,30.77,2026-06-26
Nirman Agri,43.25,1.97,34.64,-77.8,-59.43,15.24,2026-06-26
Nirmitee Robotic,115.0,51.12,41.41,-75.0,-61.83,15.62,2026-06-26
NIS Management,44.66,3.63,88.43,115.97,13.19,12.05,2026-06-26
Nisus Finance,203.65,6.67,486.28,210.17,1222.29,32.0,2026-06-26
Nitco,108.25,79.14,2603.59,-171.23,62.85,7.07,2026-06-26
Nitin Castings,560.0,25.96,287.91,-28.57,-10.24,15.52,2026-06-26
Nitin Spinners,550.4,17.43,3094.35,23.7,2.2,12.21,2026-06-26
Nitiraj Engineer,186.04,179.92,190.71,-966.67,-63.82,1.79,2026-06-26
Nitta Gelatin,1719.8,15.89,1561.58,104.57,25.24,27.39,2026-06-26
Niva Bupa Health,84.79,119.89,15679.65,67.47,28.0,3.45,2026-06-26
Nivaka Fashions,1.0,,10.27,-1604.17,-97.01,-59.2,2026-06-26
Niyogin Fintech,41.88,,465.9,315.15,3.04,5.57,2026-06-26
NLC India,320.1,12.6,44386.24,189.12,31.45,10.45,2026-06-26
NMDC,84.94,10.02,74677.7,37.19,61.94,27.58,2026-06-26
NMDC Steel,43.68,218.0,12800.89,182.79,36.67,3.06,2026-06-26
NMS Global,79.0,33.03,23.78,-23.81,829.58,24.35,2026-06-26
NOCIL,181.86,50.99,3037.52,-18.23,-2.75,4.66,2026-06-26
Noida Tollbridg.,4.82,3.3,89.75,-4.9,7.66,162.47,2026-06-26
Norben Tea,71.97,,111.87,23.3,32.41,2.96,2026-06-26
Norris Medicines,13.54,,13.54,121.74,-48.16,3.36,2026-06-26
North Eastn.Car.,16.05,21.64,167.72,-60.23,9.23,5.91,2026-06-26
Northern Arc,288.1,11.47,4656.05,250.9,23.09,9.71,2026-06-26
Northern Spirits,126.15,7.46,202.49,138.28,32.04,15.71,2026-06-26
Northlink Fiscal,22.14,96.83,11.62,302.63,485.71,3.76,2026-06-26
Nouveau Global,0.29,,5.38,-9.09,,-2.28,2026-06-26
Nova Agritech,24.87,17.92,230.1,-96.21,-31.26,8.09,2026-06-26
Nova Iron &Steel,13.46,,48.64,-10.97,8.71,-2.76,2026-06-26
Novartis India,1434.9,38.02,3542.88,-13.82,7.95,16.25,2026-06-26
Novelix Pharma.,80.0,74.67,191.16,405.56,20.76,9.98,2026-06-26
Novus Loyalty,141.0,23.63,219.26,,,33.39,2026-06-26
NPR Finance,21.2,60.48,12.7,0.0,-48.72,0.58,2026-06-26
NRB Bearings,429.2,28.14,4159.92,-4.74,12.96,18.56,2026-06-26
NRB Indl Bearing,30.03,,72.82,2.29,27.75,-16.17,2026-06-26
NSB BPO,64.75,10.1,129.32,20.03,29.95,8.15,2026-06-26
NTC Industries,152.15,11.29,220.91,3.07,33.69,11.14,2026-06-26
NTPC,352.05,12.62,341371.13,37.78,-0.29,8.33,2026-06-26
NTPC Green Ene.,95.72,154.34,80656.83,-15.51,46.66,3.53,2026-06-26
Nucleus Soft.,758.05,14.97,1995.59,-43.21,-1.83,20.0,2026-06-26
Nukleus Office,212.0,39.94,85.48,-14.91,29.16,7.08,2026-06-26
Nupur Recyclers,83.01,40.32,573.34,34.47,54.0,15.12,2026-06-26
Nureca,240.3,110.24,229.29,-346.56,11.56,3.28,2026-06-26
Nurture Well Industries,27.65,9.59,643.8,-105.39,-16.81,22.92,2026-06-26
Nutech Global,29.0,58.06,9.29,-90.91,-7.14,8.36,2026-06-26
Nutricircle,290.8,1075.97,322.79,-97.44,289.6,4.23,2026-06-26
Nuvama Wealth,1748.6,30.65,31909.35,5.38,13.34,17.49,2026-06-26
Nuvoco Vistas,306.2,28.05,10936.12,2.54,8.69,7.07,2026-06-26
Nxt-Infra Trust,97.98,27.69,2792.43,-101.27,-26.91,6.35,2026-06-26
Nyssa Corp.,2.45,,7.35,-326.74,100.0,-45.8,2026-06-26
O N G C,233.1,7.03,293246.31,47.8,3.61,14.15,2026-06-26
Oasis Securities,11.65,52.82,53.88,-75.76,58.33,8.81,2026-06-26
Oberoi Realty,1749.2,26.0,63601.3,62.36,52.14,17.28,2026-06-26
Objectone Inform,6.81,79.56,7.16,116.67,-13.55,2.99,2026-06-26
OBSC Perfection,536.75,51.36,1387.26,70.14,77.38,19.52,2026-06-26
OCCL,126.66,12.8,632.67,112.41,38.63,12.85,2026-06-26
Oceanic Foods,61.55,10.27,69.24,23.84,-11.4,15.97,2026-06-26
Octal Credit Cap,18.83,,9.42,-91.15,-50.0,-6.72,2026-06-26
Octavius Plant.,44.8,16.0,13.44,-33.33,714.96,7.38,2026-06-26
Octaware Tech.,63.6,,22.84,-3213.33,33.08,-28.77,2026-06-26
Odigma Consultan,24.84,,77.65,44.44,-9.48,-2.2,2026-06-26
Odyssey Corpn.,7.19,12.39,58.71,946.67,63.44,6.57,2026-06-26
Odyssey Tech.,41.38,16.41,65.97,0.0,2.82,9.35,2026-06-26
Oil Country,59.13,,307.41,-29.41,-13.02,-25.38,2026-06-26
Oil India,406.8,10.0,66170.4,60.26,5.51,11.56,2026-06-26
OK Play India,4.21,37.18,152.79,257.95,15.1,4.9,2026-06-26
Ola Electric,41.8,,19346.75,42.53,-56.63,-19.56,2026-06-26
Olatech Solution,82.89,21.83,36.89,-175.79,7.28,14.39,2026-06-26
Olectra Greentec,1493.4,69.06,12257.94,164.38,43.62,21.05,2026-06-26
Olympia Industri,29.06,9.11,17.5,33.33,10.64,6.73,2026-06-26
Olympic Oil Ind.,22.57,,6.43,14.29,,-0.26,2026-06-26
Om Freight Forwa,91.24,19.98,307.25,-42.96,21.2,10.05,2026-06-26
Om Infra,87.05,40.77,838.32,-56.32,-6.89,4.7,2026-06-26
Om Metallogic,33.54,5.6,26.37,69.82,57.66,22.46,2026-06-26
Om Power Transmission,182.46,15.61,624.83,36.48,67.2,42.7,2026-06-26
Omansh Enterpri.,179.75,,315.07,-1280.0,,-38.74,2026-06-26
Omax Autos,223.53,12.41,478.13,2942.11,52.72,17.15,2026-06-26
Omaxe,77.48,,1417.11,-28.98,-35.61,-109.77,2026-06-26
Omega Ag Seeds,8.79,19.86,6.95,-44.83,,92.11,2026-06-26
Omega Interactiv,53.65,46.96,424.06,480.65,,24.64,2026-06-26
Omfurn India,54.05,10.1,63.64,36.63,22.07,14.06,2026-06-26
Omkar Overseas,10.22,,5.11,-150.0,,-3000.0,2026-06-26
Omkar Pharmachem,18.9,158.83,19.06,200.0,-35.71,0.74,2026-06-26
Omni Ax's,3.68,,6.34,-200.0,,-0.52,2026-06-26
Omnitech Engg.,489.95,76.28,6059.02,43.19,38.46,17.56,2026-06-26
Omnitex Industri,839.85,243.27,352.74,99.85,2607.14,1.06,2026-06-26
On Door Concepts,201.45,10.56,113.79,45.65,21.36,10.1,2026-06-26
One 97,1124.8,98.74,72025.11,766.66,18.41,5.01,2026-06-26
One Global Serv,743.15,20.9,1452.34,68.58,141.27,87.02,2026-06-26
One Mobikwik,200.65,,1580.06,114.4,7.82,-2.24,2026-06-26
One Point One,57.9,38.77,1522.4,18.08,43.48,10.88,2026-06-26
OneClick Logisti,436.0,103.04,292.63,0.47,105.86,8.61,2026-06-26
Onelife Capital,32.33,22.53,120.78,224.13,217.07,11.41,2026-06-26
Onemi Technology,275.1,16.47,4634.97,51.71,67.76,22.59,2026-06-26
Onesource Indus.,5.88,6.82,18.08,-2387.5,2.2,43.89,2026-06-26
OneSource Speci.,1556.0,,17838.89,-95.34,0.53,0.57,2026-06-26
Onida Electronics,42.06,,1553.66,-1382.86,-28.35,-16.44,2026-06-26
Onix Solar,668.8,61.35,2465.73,3910.94,202.11,10.21,2026-06-26
OnMobile Global,57.08,,606.88,-360.91,-18.28,-0.2,2026-06-26
Ontic Finserve,1.77,29.5,15.93,-440.0,,19.26,2026-06-26
Onward Technolog,284.7,13.57,633.26,-8.26,7.72,22.94,2026-06-26
Onyx Biotec,37.05,,67.18,-64.97,9.69,1.14,2026-06-26
Optiemus Infra.,469.3,63.05,4162.16,0.04,7.95,10.91,2026-06-26
Optimus Finance,14.68,18.91,109.69,15.7,24.45,11.62,2026-06-26
Optivalue Tek,72.05,12.26,168.68,12.37,80.12,27.18,2026-06-26
Oracle Fin.Serv.,10974.5,36.21,95557.32,30.72,20.33,45.28,2026-06-26
Orbit Exports,235.98,19.18,625.61,-84.87,-2.95,14.62,2026-06-26
Orchasp Ltd,1.98,65.32,68.59,-96.36,-77.03,0.84,2026-06-26
Orchid Pharma,963.3,180.15,4885.77,4.26,0.05,2.64,2026-06-26
Organic Coatings,21.99,,21.93,-8.97,51.5,-24.06,2026-06-26
Organic Recyclin,243.0,10.08,252.7,46.01,141.73,15.86,2026-06-26
Oriana Power Ltd,1595.45,12.85,3241.82,19.02,64.51,39.61,2026-06-26
Oricon Enterpris,55.53,56.63,872.09,-619.62,104.57,2.08,2026-06-26
Orient Bell,319.0,38.72,469.26,192.15,11.46,5.61,2026-06-26
Orient Beverages,188.65,10.61,40.75,-1183.33,8.91,12.17,2026-06-26
Orient Cement,133.92,8.06,2751.52,31.59,-21.57,16.46,2026-06-26
Orient Ceratech,39.77,24.04,475.81,81.12,10.94,9.16,2026-06-26
Orient Electric,177.95,36.98,3796.85,32.15,10.02,19.83,2026-06-26
Orient Green,10.74,21.08,1259.84,-17.37,-7.59,7.22,2026-06-26
Orient Paper,17.11,,363.05,39.46,5.56,-4.27,2026-06-26
Orient Press,71.31,,71.31,157.69,-7.42,3.48,2026-06-26
Orient Tech.,248.95,45.47,1140.34,,,,2026-06-26
Orient Tradelink,6.22,17.69,24.06,107.21,-15.26,4.25,2026-06-26
Oriental Aromat.,323.95,329.37,1090.21,180.99,11.54,4.47,2026-06-26
Oriental Hotels,139.32,36.29,2488.24,66.98,2.97,12.13,2026-06-26
Oriental Rail,130.75,20.76,876.8,121.23,9.46,12.17,2026-06-26
Oriental Trimex,6.0,19.09,44.1,-70.9,-16.33,3.83,2026-06-26
Orissa Bengal,56.5,,119.12,-288.6,19.57,-2.08,2026-06-26
Orissa Minerals,3929.8,,2357.88,157.94,-0.05,-38.52,2026-06-26
Orkla India,621.3,28.55,8511.14,33.93,4.97,15.24,2026-06-26
Orosil Smiths,6.39,1.15,26.4,2704.94,-79.1,193.46,2026-06-26
Ortel Commu.,1.52,,5.01,-278.46,-42.41,-13.42,2026-06-26
Ortin Global,17.44,,14.18,93.75,233.33,-32.14,2026-06-26
Oscar Global,19.6,,6.47,42.86,,-3.76,2026-06-26
OSEL Devices,465.8,28.34,828.87,16.78,47.1,24.4,2026-06-26
Osia Hyper Reta.,3.31,3.26,58.57,-52.05,-5.89,14.72,2026-06-26
Osiajee Texfab,403.85,39.29,218.08,-29.28,-42.8,27.49,2026-06-26
Oswal Agro Mills,43.4,,582.56,-163.2,-99.98,2.03,2026-06-26
Oswal Green Tech,22.6,16.3,580.39,2768.85,-45.74,1.75,2026-06-26
Oswal Overseas,120.95,,156.29,-36.19,-92.3,-38.58,2026-06-26
Oswal Pumps,431.85,13.05,4923.3,43.9,39.79,38.24,2026-06-26
Oswal Yarns,15.0,,6.02,20.0,-59.32,-3.42,2026-06-26
OTCO Intl,7.37,318.67,9.56,1100.0,-100.0,0.4,2026-06-26
Oval Projects,60.5,9.16,125.65,,,19.91,2026-06-26
Ovobel Foods,185.65,7.24,176.38,142.56,35.83,28.21,2026-06-26
Owais Metal,119.5,131.68,217.28,-193.42,-99.72,4.3,2026-06-26
Oxford Industrie,14.56,16.63,8.65,0.0,-100.0,,2026-06-26
Oxygenta Pharma,50.49,,186.73,10.05,0.28,-33.44,2026-06-26
P & G Health Ltd,6232.5,31.65,10345.56,54.63,19.12,83.53,2026-06-26
P & G Hygiene,9020.5,34.19,29281.21,-1.9,-5.07,157.48,2026-06-26
P B A Infra.,14.02,,18.93,-1997.68,-37.92,-23.43,2026-06-26
P I Industries,2684.9,32.84,40734.8,-39.02,-12.42,14.69,2026-06-26
P N Gadgil Jewe.,532.65,17.53,7228.5,45.6,123.16,20.92,2026-06-26
P S Raj Steels,420.0,36.9,316.61,30.51,7.29,16.13,2026-06-26
P. H. Capital,974.85,90.27,292.46,76.15,-33.73,8.47,2026-06-26
P.E. Analytics,225.0,15.03,235.85,29.3,16.49,21.29,2026-06-26
P.M. Telelinnks,13.45,,13.56,-450.0,-100.0,-1.94,2026-06-26
Pace Digitek,200.03,14.51,4317.67,73.27,60.52,21.26,2026-06-26
Pace E-Commerce,16.0,9.56,36.05,-13.66,26.88,7.53,2026-06-26
Pacific Inds,132.3,45.82,91.19,-83.98,-35.36,1.09,2026-06-26
Padam Cotton,0.95,1.91,20.85,91.59,86.19,47.07,2026-06-26
Padmalaya Tele.,4.28,,7.28,-154.55,,-3.36,2026-06-26
Padmanabh Alloys,17.24,62.2,9.33,52.17,33.19,4.52,2026-06-26
Padmanabh Inds.,8.83,22.38,5.37,228.57,500.41,17.39,2026-06-26
Page Industries,40950.0,57.83,45675.11,8.98,14.07,64.38,2026-06-26
Paisalo Digital,59.34,22.7,5397.1,57.98,34.65,12.33,2026-06-26
Pajson Agro,172.75,16.6,411.31,8.97,36.21,31.35,2026-06-26
Pakka,80.97,21.27,385.97,-69.45,10.18,4.42,2026-06-26
Palash Securi.,91.62,5.7,91.65,44.87,-99.13,2.65,2026-06-26
Palco Metals Ltd,133.55,8.37,53.42,198.04,13.59,25.6,2026-06-26
Palm Jewels,14.76,14.82,14.82,114.29,30.99,7.63,2026-06-26
Palred Technolog,58.0,,70.95,78.87,24.8,-1.49,2026-06-26
Pan Electronics,26.72,,10.69,-239.13,-78.54,-17.1,2026-06-26
PAN HR Solution,56.86,5.47,41.0,157.14,27.88,29.61,2026-06-26
Pan India Corpor,1.84,,39.42,97.8,,-6.28,2026-06-26
Panabyte Tech,19.93,78.41,13.33,-100.0,37.2,7.39,2026-06-26
Panacea Biotec,557.2,,3412.89,93.02,25.82,-2.44,2026-06-26
Panache Digilife,434.35,38.73,695.57,402.27,57.53,23.67,2026-06-26
Panafic Industri,1.32,,65.04,-13150.0,-80.0,-17.07,2026-06-26
Panama Petrochem,404.85,11.53,2449.08,60.56,18.35,19.15,2026-06-26
Panasonic Carbon,465.3,10.52,223.34,-6.56,-19.78,16.79,2026-06-26
Panasonic Energy,271.05,37.93,203.29,47.86,13.01,9.21,2026-06-26
Panch.Organics,118.25,14.38,155.76,-46.37,9.52,10.29,2026-06-26
Panchmahal Steel,291.8,,556.75,-4.43,16.17,3.11,2026-06-26
Panjon,17.73,42.26,30.43,-17.39,-12.36,4.97,2026-06-26
Pankaj Polymers,68.5,17.26,37.98,1100.0,-33.72,19.12,2026-06-26
Panorama Studios,46.68,77.61,1216.18,-70.43,-69.5,8.7,2026-06-26
Pansari Develop.,286.25,25.11,499.41,53.06,-27.3,12.48,2026-06-26
Panth Infinity,11.03,1.56,60.84,12386.67,294.01,,2026-06-26
Panther Indl. Pr,81.0,,11.34,90.0,,-5.21,2026-06-26
Panyam Cement,93.25,,74.8,-14.21,-0.95,-30.06,2026-06-26
Paos Industries,50.35,,30.73,48.28,14.53,1.87,2026-06-26
Par Drugs & Che.,91.0,8.54,111.97,-48.48,-12.18,16.53,2026-06-26
Paradeep Pari.,216.55,11.2,344.7,-24.32,4.89,22.05,2026-06-26
Paradeep Phosph.,136.14,13.78,14133.65,-10.48,12.11,17.13,2026-06-26
Parag Milk Foods,233.81,20.96,2936.88,23.01,2.95,13.52,2026-06-26
Paragon Finance,48.0,,20.4,-495.12,-446.15,-3.78,2026-06-26
Paragon Fine,48.4,10.46,94.7,67.7,7.41,12.79,2026-06-26
Paramatrix Tech.,62.0,27.34,71.35,-109.68,0.14,4.18,2026-06-26
Paramount Comm.,70.34,35.94,2146.85,9.5,13.07,12.35,2026-06-26
Paramount Cosmet,34.1,331.2,16.56,-150.0,-53.34,7.94,2026-06-26
Paramount Dye,37.05,3.96,25.72,-2.7,-4.75,9.54,2026-06-26
Paramount Specia,34.25,15.82,67.41,-27.87,-1.57,9.41,2026-06-26
Parampara Dairy,11.35,7.36,11.92,1100.0,63.48,8.95,2026-06-26
Paras Defence,1233.75,115.67,9942.46,64.34,58.28,16.9,2026-06-26
Paras Petrofils,2.04,,68.18,-59.26,,-1.74,2026-06-26
Parin Enterpris.,720.55,123.16,801.11,-32.39,6.46,10.82,2026-06-26
Park Medi World,285.5,47.77,12331.63,58.03,30.09,19.34,2026-06-26
Parker Agrochem,14.3,7.95,6.84,120.0,-88.03,23.07,2026-06-26
Parle Industries,10.87,,53.09,25.0,-95.95,0.09,2026-06-26
Parmax Pharma,75.08,,28.09,-38.1,-31.47,-82.96,2026-06-26
Parmeshwar Metal,190.0,8.95,290.81,250.15,50.08,43.5,2026-06-26
Parmeshwari Silk,276.4,8.95,82.95,17.7,9.03,11.33,2026-06-26
Parnax Lab,136.0,12.2,156.2,-20.23,41.99,13.89,2026-06-26
Parshva Enterpr.,188.0,660.59,191.57,250.0,-6.56,3.41,2026-06-26
Parshwanath Corp,60.08,,18.82,-3700.0,0.0,0.33,2026-06-26
Parsvnath Devl.,2.81,,122.29,-54.84,4.81,-0.98,2026-06-26
Parth Electrical,432.0,41.46,590.46,35.73,12.26,21.05,2026-06-26
Party Cruisers,92.0,8.91,109.85,33.02,11.58,39.65,2026-06-26
Parvati Sweetner,7.04,,105.0,-234.78,31.99,-9.97,2026-06-26
Pasari Spinning,6.89,33.96,9.51,-166.67,-64.71,16.28,2026-06-26
Pashupati Cotsp.,86.95,132.09,1372.42,-77.47,25.74,10.07,2026-06-26
Pasupati Acrylon,63.58,8.06,566.69,133.19,45.34,21.15,2026-06-26
Pasupati Fincap,10.98,,5.16,-75.0,,,2026-06-26
Pasupati Spinng.,27.45,11.55,25.64,261.22,1.26,8.83,2026-06-26
Patanjali Foods,412.55,22.29,44889.92,93.24,15.1,12.0,2026-06-26
Patel Chem,93.83,18.59,233.36,20.22,38.51,21.77,2026-06-26
Patel Engineerin,33.87,8.44,3360.38,-6.06,-11.81,13.5,2026-06-26
Patel Integrated,15.96,11.57,111.06,60.75,11.54,8.06,2026-06-26
Patel Retail,212.55,18.18,709.93,39.0,52.12,15.33,2026-06-26
Patels Airtemp,390.15,20.78,213.42,-7.57,-13.97,9.51,2026-06-26
Patil Automation,209.45,25.71,457.04,,,,2026-06-26
Patron Exim,2.19,,5.08,-443.75,-97.99,-2.71,2026-06-26
Patspin India,7.35,,22.73,-12.45,-6.62,-8.85,2026-06-26
Pattech Fitwell,114.85,57.41,107.93,284.62,2.06,7.65,2026-06-26
Paul Merchants,499.95,16.89,154.18,225.07,-17.23,2.54,2026-06-26
Paushak,493.4,30.93,1216.57,30.31,5.31,9.73,2026-06-26
Pavna Industries,17.64,40.35,246.13,43.53,-17.79,5.93,2026-06-26
PB Fintech.,1615.2,111.55,74734.48,53.87,36.7,10.31,2026-06-26
PBM Polytex,53.71,,36.95,-226.19,-3.62,-1.35,2026-06-26
PC Jeweller,8.57,11.64,8321.93,61.26,32.66,9.58,2026-06-26
PCBL Chemical,317.4,58.15,12488.5,-56.62,-1.03,7.75,2026-06-26
PCS Technology,19.39,23.48,40.62,4.88,33.33,4.98,2026-06-26
PDP Shipping,58.99,13.93,17.55,-81.82,25.23,9.51,2026-06-26
PDS,360.15,45.61,5094.04,21.71,-0.19,11.59,2026-06-26
Pearl Global Ind,2071.0,34.32,9564.73,27.4,6.88,19.24,2026-06-26
Pearl Green Club,122.0,40.32,32.66,525.0,91.34,4.18,2026-06-26
Pearl Polymers,18.79,,31.62,7.9,-10.27,-15.61,2026-06-26
Pee Cee Cosma,295.65,9.39,78.35,29.23,22.21,21.13,2026-06-26
Peeti Securities,19.25,90.25,7.22,175.0,-1.26,0.95,2026-06-26
Pelatro,275.0,14.85,291.43,65.58,58.75,19.05,2026-06-26
Peninsula Land,15.7,,520.81,74.32,-35.2,5.34,2026-06-26
Pennar Industrie,162.3,15.78,2190.18,15.38,2.1,15.33,2026-06-26
Pentagon Rubber,58.95,24.7,45.45,-31.25,-3.64,7.4,2026-06-26
Pentokey Organy,36.17,113.4,22.68,-316.67,-404.92,2.09,2026-06-26
Perfect-Octave,4.09,,14.19,-972.41,-85.11,-11.67,2026-06-26
Perfectpac,70.43,14.48,46.9,13.24,-6.2,11.17,2026-06-26
Permanent Magnet,920.45,49.91,791.59,134.18,46.95,14.07,2026-06-26
Persistent Systems,4841.5,39.53,76374.66,33.73,25.1,34.43,2026-06-26
Pervasive Comm.,3.39,,305.42,2553.33,151.76,0.03,2026-06-26
Petro Carbon,247.95,24.11,612.44,1788.24,164.6,14.21,2026-06-26
Petronet LNG,282.25,10.82,42337.5,25.19,-23.33,22.74,2026-06-26
Pfizer,4460.7,26.9,20406.69,-2.64,6.31,24.25,2026-06-26
PG Electroplast,545.9,79.31,15590.19,-55.34,-10.11,10.31,2026-06-26
PG Foils,206.15,,243.15,-101.45,-18.32,0.87,2026-06-26
Phaarmasia,101.24,35.1,69.15,-32.08,42.36,16.39,2026-06-26
Phantom Digital,184.05,8.98,293.06,150.18,139.11,17.61,2026-06-26
Pharmaids Pharma,37.88,,133.59,56.88,50.52,-18.52,2026-06-26
Phoenix Intl.,28.04,18.83,47.08,-100.0,20.81,2.62,2026-06-26
Phoenix Mills,1904.6,54.88,68116.2,50.04,21.34,12.83,2026-06-26
Phoenix Overseas,17.5,9.87,33.86,36.87,29.69,6.38,2026-06-26
Phosphate Co,140.1,11.18,50.54,-11.95,12.59,8.79,2026-06-26
Photon Capital,161.1,49.18,43.77,487.1,2516.67,6.18,2026-06-26
Photoquip India,11.7,,7.02,-1122.22,5.22,1.57,2026-06-26
Physicswallah,125.34,,36359.71,80.56,50.72,4.02,2026-06-26
Phyto Chem (I),23.8,,10.23,75.86,-84.25,-1.57,2026-06-26
Piccadily Agro,564.75,40.49,5566.86,12.14,31.44,18.01,2026-06-26
Piccadily Sugar,34.14,233.47,79.38,-956.25,1114.29,1.33,2026-06-26
Picturehouse,8.04,79.26,42.01,-96.95,100.0,11.0,2026-06-26
Picturepost Stu.,3.9,13.61,11.43,-76.83,-58.08,4.27,2026-06-26
Pidilite Inds.,1597.0,66.1,162538.72,32.82,14.08,30.97,2026-06-26
Pil Italica Life,8.43,47.62,198.11,0.93,-0.3,7.67,2026-06-26
Pilani Invest.,4397.6,156.77,4869.13,118.93,-22.13,1.41,2026-06-26
Pine Labs,160.07,160.01,18380.46,284.05,17.02,4.16,2026-06-26
Pion. Agro Extr.,26.5,,11.47,-2400.0,-0.97,-18.42,2026-06-26
Pion. Embroider.,22.6,,69.64,199.28,-3.08,2.24,2026-06-26
Pioneer Invest,91.48,7.07,112.49,-40.49,-60.65,10.95,2026-06-26
Piotex Indus.,31.0,23.97,15.82,-66.47,-65.73,4.23,2026-06-26
Piramal Finance.,2131.0,203.35,48305.02,-901.31,19.99,6.47,2026-06-26
Piramal Pharma,167.69,,22325.38,-25.01,-0.08,2.69,2026-06-26
Pitti Engg.,978.8,31.28,3685.53,-26.37,6.89,14.83,2026-06-26
Pix Transmission,1796.1,22.9,2448.08,-10.73,4.91,21.76,2026-06-26
Plada Infotech S,11.45,5.68,9.82,-22.22,9.85,12.1,2026-06-26
Plastiblends (I),176.34,12.49,458.29,44.83,5.75,11.28,2026-06-26
Platinum Industr,221.14,23.2,1214.61,166.43,36.78,15.74,2026-06-26
Platinumone Bus.,165.0,7.29,26.11,1833.33,12.51,24.52,2026-06-26
Plaza Wires,47.05,28.2,205.85,113.66,51.8,8.44,2026-06-26
PMC Fincorp,1.86,21.54,132.45,-148.24,14.55,6.07,2026-06-26
PNB Gilts,91.09,9.09,1639.71,-82.51,1.28,6.14,2026-06-26
PNB Housing,1044.8,11.88,27226.44,19.15,7.9,9.4,2026-06-26
PNC Infratech,232.3,13.3,5959.4,35.08,-5.11,8.46,2026-06-26
PNGS Gargi FJ,816.8,27.22,855.21,25.06,30.41,33.76,2026-06-26
PNGS Reva Diamo.,388.65,19.05,1231.96,350.74,138.94,22.0,2026-06-26
POCL Enterprises,171.45,12.66,527.48,21.67,-10.76,26.4,2026-06-26
Poddar Pigments,253.55,18.23,269.02,-7.78,15.23,5.79,2026-06-26
Pokarna,1086.05,41.77,3367.19,-56.56,-43.95,11.57,2026-06-26
Polo Queen Ind.,14.86,194.13,498.92,-46.03,49.75,2.48,2026-06-26
Polson,11229.15,28.43,134.75,-22.86,-3.66,6.1,2026-06-26
Poly Medicure,1650.2,51.11,16726.34,-27.81,21.25,14.04,2026-06-26
Polycab India,9531.0,57.04,143570.27,6.34,26.89,33.2,2026-06-26
Polychem,1938.0,4.75,77.52,-261.11,12.75,56.44,2026-06-26
Polycon Intl.,24.49,,11.98,-178.79,-6.35,-2.69,2026-06-26
Polylink Poly.,22.62,41.0,50.02,710.0,-10.11,5.33,2026-06-26
Polymac Thermof.,11.0,526.0,5.26,67.0,85.11,1.89,2026-06-26
Polymechplast Ma,51.45,10.01,28.82,1388.24,13.4,13.33,2026-06-26
Polyplex Corpn,984.3,68.74,3089.96,145.3,7.54,0.98,2026-06-26
Polysil Irrigati,139.0,111.32,312.82,-61.47,-40.08,8.63,2026-06-26
Polyspin Exports,28.83,5.19,28.83,-39.51,-7.66,7.27,2026-06-26
Polytex India,4.33,,5.85,-50.0,,-5.26,2026-06-26
Pondy Oxides,1317.3,28.84,4019.25,114.1,80.34,23.87,2026-06-26
Ponni Sug.Erode,314.4,,270.33,85.87,-5.2,7.27,2026-06-26
Poojawes. Metal.,16.65,10.56,16.89,-141.82,52.84,10.72,2026-06-26
Poona Dal & Oil,62.49,24.11,35.68,5.56,5.99,3.52,2026-06-26
Poonawalla Fin,440.3,71.55,38767.53,308.78,81.39,7.5,2026-06-26
Popees Baby Care India,147.0,1392.44,125.32,466.67,,1.72,2026-06-26
Popees Cares,11.5,,6.98,16.67,,,2026-06-26
Popular Estate,18.1,,25.34,-120.0,,-0.58,2026-06-26
Popular Found.,27.5,55.49,56.04,-93.53,-19.9,4.07,2026-06-26
Popular Vehicles,92.79,,660.65,63.34,27.84,4.23,2026-06-26
Porwal Auto Comp,48.07,7.31,72.59,-95.0,-7.14,18.01,2026-06-26
Positron Energy,177.7,6.74,135.06,15.34,6.83,29.76,2026-06-26
Power & Instrum.,112.7,16.48,238.57,29.51,6.24,15.47,2026-06-26
Power Fin.Corpn.,432.65,5.51,142778.9,10.81,-1.18,9.71,2026-06-26
Power Grid Corpn,283.9,16.58,264044.14,9.74,-4.97,9.74,2026-06-26
Power Mech Proj.,2760.1,23.97,8726.41,21.59,13.89,21.82,2026-06-26
Powergrid Infra.,93.79,9.36,8534.88,-64.48,0.02,11.66,2026-06-26
Powerica Ltd,660.25,31.26,8355.59,15.89,10.93,15.69,2026-06-26
PPAP Automotive,231.17,173.11,327.17,31.4,18.58,3.53,2026-06-26
Prabha Energy,153.39,3684.19,2099.99,111.24,41.18,0.1,2026-06-26
Prabhhans Inds,38.16,14.54,23.84,-36.54,1.28,14.05,2026-06-26
Pradeep Metals,561.95,31.99,970.49,45.56,4.52,21.03,2026-06-26
Prag Bosimi Syn.,1.82,,13.54,3.52,49.49,-3.41,2026-06-26
Praj Industries,348.65,330.65,6408.64,-74.38,-1.76,6.31,2026-06-26
Prajay Engineers,21.05,,147.22,42.55,-54.43,-2.62,2026-06-26
Prakash Industri,142.97,7.69,2560.33,2.74,8.91,9.55,2026-06-26
Prakash Pipes,262.74,14.53,628.43,31.0,21.97,12.48,2026-06-26
Prakash Steelage,4.22,87.92,73.85,-84.62,16.42,10.45,2026-06-26
Prakash Woollen,22.36,176.46,22.94,176.32,98.99,2.29,2026-06-26
Pramara Promotio,132.95,18.47,185.39,5.96,6.49,14.95,2026-06-26
Pranik Logistics,51.0,7.98,56.15,0.5,51.61,16.88,2026-06-26
Praruh Tech,50.0,7.4,69.65,88.37,148.84,31.93,2026-06-26
Prashant India,18.43,,7.81,-3033.33,-37.5,-30.15,2026-06-26
Prataap Snacks,1130.2,251.85,2702.37,109.55,4.89,3.08,2026-06-26
Pratham EPC,107.0,31.63,194.87,-80.5,26.91,10.41,2026-06-26
Pratik Panels,6.25,23.63,39.94,72.73,755.56,33.15,2026-06-26
Pratiksha Chem.,19.07,,10.62,105.42,151.06,-791.84,2026-06-26
Praveg,250.55,,654.96,-242.36,26.77,1.72,2026-06-26
Praxis Home,8.48,,157.57,0.63,-9.04,-26.18,2026-06-26
Prec. Electronic,253.55,575.69,351.17,-19.44,26.08,7.43,2026-06-26
Prec. Wires (I),420.35,49.49,7684.33,85.5,67.19,33.09,2026-06-26
Precision Camshf,150.79,32.29,1432.29,-39.97,5.56,8.3,2026-06-26
Precision Metal.,6.95,,15.96,-802.7,-100.0,-5.68,2026-06-26
Precot,736.2,24.64,883.44,-25.37,13.13,10.85,2026-06-26
Prem. Explosives,741.45,80.28,3986.12,75.94,20.42,22.63,2026-06-26
Prem. Synthetic,16.25,,7.46,-77.12,-40.86,-4.57,2026-06-26
Premco Global,362.5,17.7,119.8,-137.63,-24.45,8.99,2026-06-26
Premier,2.98,,9.05,24.46,,,2026-06-26
Premier Cap Serv,4.87,69.42,18.05,800.0,-37.5,3.42,2026-06-26
Premier Energies,1050.6,31.59,47692.15,64.44,37.6,33.32,2026-06-26
Premier Energy,6.79,,28.08,-120.55,,-1.74,2026-06-26
Premier Polyfilm,62.69,20.6,656.63,53.49,12.26,30.79,2026-06-26
Premier Roadline,49.0,8.18,112.03,-39.2,8.16,14.71,2026-06-26
Premium Capital,9.1,298.0,5.96,84.75,-76.42,33.77,2026-06-26
Premium Plast,44.15,12.27,84.31,-23.64,9.24,17.01,2026-06-26
Prerna Infra.,28.72,32.02,103.76,1350.0,-96.78,3.84,2026-06-26
Presstonic Engi.,29.4,17.43,45.32,-57.09,13.2,9.8,2026-06-26
Prestige Estates,1556.3,56.07,67034.55,900.4,166.54,10.38,2026-06-26
Prevest Denpro,380.9,21.34,457.19,15.43,1.94,24.67,2026-06-26
Pricol Ltd,586.7,28.51,7150.79,109.53,42.87,25.93,2026-06-26
Prima Agro,16.0,,8.3,-117.32,16.74,0.09,2026-06-26
Prima Industries,16.76,180.9,18.09,-163.33,-17.19,1.01,2026-06-26
Prima Plastics,131.0,6.61,144.11,18.62,-19.23,14.28,2026-06-26
Prime Cable Ind.,117.2,15.65,214.76,66.94,69.73,27.78,2026-06-26
Prime Capital Ma,8.4,,8.4,-392.0,355.42,-4.73,2026-06-26
Prime Focus,209.94,69.37,16291.15,-24.77,41.42,11.5,2026-06-26
Prime Fresh,217.0,22.8,301.19,47.67,49.98,21.39,2026-06-26
Prime Industries,44.8,11.19,94.1,,,26.87,2026-06-26
Prime Property,32.98,2.26,55.97,2215.89,,35.02,2026-06-26
Prime Securities,299.2,107.23,1015.49,-287.01,144.93,8.25,2026-06-26
Prime Urban,8.51,,22.67,-119.37,-100.0,,2026-06-26
Primo Chemicals,24.11,37.72,584.29,1580.49,-6.79,6.48,2026-06-26
Prince Pipes,280.55,41.23,3101.79,132.05,18.12,6.12,2026-06-26
Prism Johnson,117.92,79.08,5935.62,60.67,7.65,6.03,2026-06-26
Prism Medico,28.7,121.66,38.93,-700.0,300.0,2.82,2026-06-26
Prismx Global,0.59,4.23,25.91,204.25,-37.29,4.38,2026-06-26
Prit Nandy Comm.,22.63,6.59,32.74,-379.07,-68.04,-0.13,2026-06-26
Prithvi Exchange,108.8,26.95,89.76,366.67,30.42,8.18,2026-06-26
Priti Internati.,42.03,62.36,56.12,-79.76,-62.0,1.76,2026-06-26
Pritika Auto,17.15,13.56,285.57,39.17,36.2,11.87,2026-06-26
Pritika Engineer,63.7,25.64,167.95,-8.5,60.84,11.53,2026-06-26
Privi Speci.,3550.5,42.34,13869.21,40.86,17.6,22.09,2026-06-26
Priya,21.3,,6.39,1.1,,,2026-06-26
Prizor Viztech,906.5,47.14,978.68,152.81,164.43,37.7,2026-06-26
Pro CLB,31.49,16.07,16.07,202.86,50.91,9.56,2026-06-26
Pro Fin Capital,2.95,,174.82,-145.71,89.72,-0.08,2026-06-26
Pro FX,70.6,8.15,123.58,253.76,4.26,31.88,2026-06-26
Prodocs Solution,175.75,13.1,123.9,,,,2026-06-26
Progrex Ventures,31.05,,11.19,44.44,,-1.93,2026-06-26
Prolife Indust.,75.8,7.3,31.03,200.0,-10.49,12.17,2026-06-26
Promact Plastics,10.15,,6.61,-256.25,-100.0,-207.14,2026-06-26
Promax Power,13.99,40.67,34.98,-187.85,-7.23,6.51,2026-06-26
PropsharePlatina,1052000.0,15.03,353.58,-19.84,0.92,,2026-06-26
PropshareTitania,1090000.0,,486.36,-59450.0,,5.09,2026-06-26
Prospect Consum.,44.22,11.03,27.13,-61.54,56.39,13.27,2026-06-26
Prostarm Info,138.64,23.5,816.24,28.07,32.04,17.71,2026-06-26
Protean eGov,597.1,23.35,2425.49,51.37,38.44,12.69,2026-06-26
Proventus Agro.,1530.0,37.37,528.37,196.84,85.81,11.48,2026-06-26
Prozone Realty,46.18,65.92,704.71,120.3,-0.49,6.1,2026-06-26
Pruden. Sugar,16.0,8.38,51.6,37.61,49.71,7.45,2026-06-26
Prudent Corp.,2988.7,55.73,12375.21,14.24,27.4,37.48,2026-06-26
PS IT Infra,1.14,,6.13,-208.7,,-3.68,2026-06-26
PSP Projects,988.3,69.67,3917.8,226.47,65.74,7.88,2026-06-26
PTC India,181.8,8.84,5381.43,-11.44,33.29,13.37,2026-06-26
PTC India Fin,30.65,6.13,1968.6,-21.78,-22.16,11.79,2026-06-26
PTC Industries,17429.0,257.29,26130.51,140.02,84.93,8.43,2026-06-26
PTL Enterprises,42.13,12.08,557.7,51.31,0.0,7.72,2026-06-26
Pudumjee Paper,84.12,8.53,798.72,4.62,5.51,19.8,2026-06-26
Pulsar Intl.,0.55,235.6,23.56,-756.82,747.87,0.47,2026-06-26
Pulz Electronics,25.75,12.1,56.16,32.41,19.45,18.29,2026-06-26
Pun. & Sind Bank,24.63,13.22,17476.43,34.86,-4.08,5.95,2026-06-26
Pune e,269.0,21.66,423.7,72.83,20.42,15.06,2026-06-26
Punjab Chemicals,1031.9,19.3,1265.11,15.34,3.1,18.58,2026-06-26
Punjab Commun.,50.49,20.37,60.69,-78.72,42.68,10.2,2026-06-26
Punjab Natl.Bank,107.87,6.74,123974.38,12.07,0.84,6.13,2026-06-26
Puravankara,212.97,79.27,5050.58,231.95,177.33,11.24,2026-06-26
Puretrop Fruits,154.0,16.91,122.74,139.44,49.25,8.02,2026-06-26
Purohit Const.,11.66,,5.14,-600.0,-100.0,-20.48,2026-06-26
Purple Agrotech Industries,6.09,32.94,5.27,-200.0,,3.36,2026-06-26
Purple Finance,65.89,,388.25,100.51,172.0,1.46,2026-06-26
Purple United,434.75,27.5,417.79,41.23,51.31,22.86,2026-06-26
Purple Wave Info,115.55,7.96,106.84,,,,2026-06-26
Purshottam Inves,33.3,,24.72,-283.52,-25.34,-0.78,2026-06-26
Purv Flexi,50.0,23.59,104.91,-92.61,46.03,8.1,2026-06-26
Pushpa Jewellers,103.95,9.39,251.8,22.4,81.11,30.37,2026-06-26
PVP Ventures,28.78,,749.44,-110.74,117.76,6.22,2026-06-26
PVR Inox,986.4,40.91,9686.44,116.94,25.81,6.96,2026-06-26
PVV Infra Ltd,3.5,10.92,78.05,-84.91,223.95,10.97,2026-06-26
Pyramid Technopl,170.54,21.77,627.33,51.59,13.77,12.28,2026-06-26
Q-Line Biotech,546.5,22.57,1274.89,147.29,-8.59,22.46,2026-06-26
Qgo Finance,43.0,8.87,29.9,25.0,24.5,13.46,2026-06-26
QMS Medical,102.25,19.52,197.73,-48.5,-0.36,13.18,2026-06-26
Quadpro ITeS,2.35,56.57,11.88,-108.33,-10.6,2.05,2026-06-26
Quadrant Future,448.5,,1794.0,-27.85,-3.27,-15.85,2026-06-26
Quadrant Tele.,0.44,,26.94,111.24,-8.5,,2026-06-26
Qualitek Labs,431.55,34.32,502.84,,,11.94,2026-06-26
Quality Foils,59.4,11.53,16.95,8.33,21.56,7.0,2026-06-26
Quality Power El,1255.4,80.12,9722.33,72.95,159.24,31.53,2026-06-26
Quality RO Indu.,54.0,,13.77,-142.94,-13.7,0.44,2026-06-26
Quantum Digital,23.0,,6.98,-132.76,,,2026-06-26
Quess Corp,251.1,16.35,3750.43,5.02,6.46,23.04,2026-06-26
Quest Capital,280.0,11.9,280.0,-96.9,-95.53,2.58,2026-06-26
Quest Flow,206.85,,212.18,-290.81,-3.86,3.38,2026-06-26
Quest Laborato.,98.05,10.7,160.68,47.94,-30.25,18.41,2026-06-26
Quick Heal Tech,176.69,,958.69,-513.54,-25.19,-4.65,2026-06-26
Quicktouch Tech,24.45,,31.34,-57.14,4.23,-2.92,2026-06-26
Quint Digital,41.51,338.24,195.96,-58.14,351.46,0.52,2026-06-26
QVC Exports,23.0,7.2,24.04,-65.37,44.1,9.19,2026-06-26
R C F,132.62,18.48,7316.51,123.99,49.63,10.23,2026-06-26
R G F Capital,1.88,705.0,28.2,77.78,315.38,2.67,2026-06-26
R J Shah & Co,465.5,5.41,13.04,-62.76,-97.42,7.81,2026-06-26
R K Swamy,100.5,20.8,507.43,29.28,20.8,12.17,2026-06-26
R M Drip & Sprin,19.5,23.71,835.05,-0.49,27.2,37.91,2026-06-26
R O Jewels,1.7,,8.58,-220.0,-100.05,0.21,2026-06-26
R R Fin. Cons.,82.95,12.83,91.74,-96.13,-32.44,15.93,2026-06-26
R R Kabel,2488.3,55.83,28144.04,30.06,33.65,28.1,2026-06-26
R S Software (I),36.2,,93.51,-355.1,-31.45,-52.44,2026-06-26
R Systems Intl.,249.6,12.81,2957.42,69.5,29.9,19.48,2026-06-26
R&B Denims,10.64,11.6,287.2,-85.28,37.94,12.88,2026-06-26
Raaj Medisafe,73.5,66.7,120.72,-192.82,2.79,11.92,2026-06-26
RaajMarg Infra,114.45,,6867.0,,,,2026-06-26
Raasi Refractor,14.7,57.67,6.92,-193.36,-12.82,10.53,2026-06-26
Race Eco,111.21,28.39,191.92,25.68,-5.91,10.99,2026-06-26
Rachana Infra.,43.35,7.96,80.65,148.95,40.22,17.11,2026-06-26
Rachit Prints,204.9,22.08,101.14,-9.87,28.33,20.79,2026-06-26
RACL Geartech,1342.7,33.88,1582.79,76.16,28.36,16.62,2026-06-26
Raconteur Global,11.4,,12.29,-7707.41,644.0,-24.19,2026-06-26
Radaan Media.,3.01,,16.3,-59.18,-28.26,-38.0,2026-06-26
Radhe Develop.,1.71,28.97,93.86,-95.13,-42.96,4.32,2026-06-26
Radhika Jeweltec,55.43,8.75,654.07,-32.35,23.54,25.07,2026-06-26
Radiant Cash,39.35,12.18,419.9,-40.02,-3.38,9.96,2026-06-26
Radico Khaitan,3829.8,83.15,51293.03,94.92,15.31,24.21,2026-06-26
Radiowalla,27.35,148.31,19.28,2.56,4.03,1.87,2026-06-26
Radix Industries,173.55,81.39,260.45,-32.84,5.21,19.59,2026-06-26
Raghav Product.,1171.35,101.17,5379.07,49.65,39.31,30.3,2026-06-26
Raghunath Intl.,11.0,5.24,5.5,-50.0,,7.84,2026-06-26
Raghuvansh Agro.,30.01,8.6,35.76,-40.44,-37.44,6.47,2026-06-26
Raghuvir Synth,100.5,,389.44,-189.08,-73.14,1.3,2026-06-26
Rail Vikas,240.85,57.41,50217.71,-58.92,4.18,10.8,2026-06-26
Railtel Corpn.,314.05,27.71,10079.07,35.68,27.56,22.78,2026-06-26
Rain Industries,185.49,20.68,6238.96,188.19,19.98,8.26,2026-06-26
Rainbow Child.,1434.5,52.14,14568.66,38.63,24.26,18.25,2026-06-26
Rainbow Foundat.,40.0,26.08,198.47,29.04,31.33,7.81,2026-06-26
Raj Oil Mills,46.73,15.0,70.04,-61.07,29.25,19.26,2026-06-26
Raj Packaging,27.61,36.06,12.62,240.0,0.0,4.96,2026-06-26
Raj Rayon Inds.,23.33,38.17,1297.34,4.39,43.22,13.6,2026-06-26
Raj Television,12.65,83.13,65.67,104.91,-1.89,2.63,2026-06-26
Raja Bahadur Int,5716.65,109.1,142.92,-21.21,2.96,7.12,2026-06-26
Rajapalayam Mill,834.0,6.77,768.96,639.96,21.32,1.81,2026-06-26
Rajas. Petro Syn,8.68,,14.05,-98.44,0.0,,2026-06-26
Rajas. Tube Mfg,13.95,50.71,62.88,-150.91,-100.0,15.03,2026-06-26
Rajasthan Cylind,33.0,,11.09,-75.0,,-9.07,2026-06-26
Rajasthan Securities,51.48,4.89,395.75,9025.37,,137.57,2026-06-26
Rajdarshan Inds,37.18,,11.56,-51.72,57.14,0.19,2026-06-26
Rajesh Exports,97.02,25.46,2864.61,-2843.59,18.91,1.86,2026-06-26
Rajesh Power,818.1,10.68,1473.18,32.19,30.45,48.56,2026-06-26
Rajeshwari Cans,18.52,8.67,19.43,9.3,-1.8,17.5,2026-06-26
Rajgor Castor,27.0,5.11,64.57,50.75,70.72,16.58,2026-06-26
Rajkamal Synth.,26.88,63.39,17.75,-66.67,311.29,3.2,2026-06-26
Rajnandini Fashion,47.4,9.73,49.15,,,54.32,2026-06-26
Rajnandini Metal,3.69,,102.02,197.37,-72.93,3.85,2026-06-26
Rajnish Retail,2.48,86.38,38.87,380.77,-75.57,0.86,2026-06-26
Rajnish Wellness,0.44,,44.68,-921.74,1666.9,-8.99,2026-06-26
Rajoo Engineers,54.41,20.36,972.17,-89.35,-11.68,24.49,2026-06-26
Rajputana Bio.,198.0,15.37,139.26,220.66,175.11,22.05,2026-06-26
Rajputana Indu.,68.1,12.37,151.28,62.38,23.87,19.73,2026-06-26
Rajputana Invest,34.35,264.5,10.58,-133.33,-86.51,1.47,2026-06-26
Rajputana Stain.,128.16,21.5,1071.0,58.4,2.82,25.22,2026-06-26
Rajratan Global,433.5,31.39,2200.92,1.51,25.01,13.27,2026-06-26
Rajshree Polypac,20.94,9.01,155.47,74.79,1.74,11.25,2026-06-26
Rajshree Sugars,31.9,44.6,105.7,169.39,8.24,3.18,2026-06-26
Rajvi Logitrade,19.25,4.24,12.18,200.0,48.41,32.35,2026-06-26
Rallis India,227.52,21.93,4424.56,48.98,6.05,14.14,2026-06-26
Ram Info,45.55,20.06,37.31,-76.79,125.0,4.69,2026-06-26
Ram Ratna Wires,404.4,34.46,3775.04,116.84,83.21,23.63,2026-06-26
Rama Paper Mills,14.5,,14.01,-16.55,-93.22,-83.31,2026-06-26
Rama Petrochem,16.05,,24.75,-6.56,300.0,-44.12,2026-06-26
Rama Phosphates,129.72,8.71,459.03,2.29,9.04,15.3,2026-06-26
Rama Steel Tubes,4.64,60.34,759.12,-37.43,-16.05,5.57,2026-06-26
Rama Telecom,88.9,40.32,117.34,-86.7,18.69,11.91,2026-06-26
Rama Vision,137.4,22.14,143.26,151.85,42.63,19.8,2026-06-26
Ramchandra Leas.,20.14,50.45,163.46,26200.0,32000.0,22.94,2026-06-26
Ramco Inds.,342.75,9.9,2976.49,128.93,18.74,4.57,2026-06-26
Ramco Systems,709.8,44.42,2667.71,371.75,19.39,19.33,2026-06-26
Ramdevbaba Sol.,82.0,16.4,187.46,-30.69,-16.95,5.39,2026-06-26
Ramgopal Polytex,15.83,,22.95,-100.0,450.0,-9.13,2026-06-26
Ramkrishna Forg.,563.7,126.84,10268.92,-71.88,28.46,5.6,2026-06-26
Ramky Infra,404.45,12.36,2798.7,54.83,3.64,13.66,2026-06-26
Ramsons Projects,89.3,3.56,26.88,-6.17,,50.33,2026-06-26
Rana Sugars,12.84,75.26,197.18,-76.36,-7.79,3.53,2026-06-26
Rander Corpn.,8.82,,10.88,-197.01,257.58,-8.35,2026-06-26
Rane (Madras),1041.4,26.16,2878.13,522.22,16.26,13.97,2026-06-26
Rane Holdings,1644.2,27.01,2347.92,787.2,17.11,9.57,2026-06-26
Ranjeet Mechatr.,6.3,76.36,25.2,-103.82,85.44,5.45,2026-06-26
Ranjit Securitie,61.5,236.29,16.54,-189.29,18.52,1.87,2026-06-26
Rap Corp,38.4,0.51,22.58,93.94,,133.49,2026-06-26
Rapicut Carbides,194.65,50.74,104.53,96.97,370.52,11.29,2026-06-26
Rapid Fleet,183.0,10.89,136.06,155.96,47.91,19.22,2026-06-26
Rapid Invest.,79.5,106.81,17.09,-165.22,43.4,1.96,2026-06-26
Rapid Multimodal,132.5,26.72,50.5,42.42,23.85,16.95,2026-06-26
Rappid Valves,249.0,19.95,129.28,-14.84,-24.92,16.22,2026-06-26
Ras Resorts,54.2,41.38,21.52,500.0,14.83,4.71,2026-06-26
Rasandik Engg.,61.79,,36.92,-134.23,39.34,-3.38,2026-06-26
Rashi Peripheral,780.9,18.54,5146.1,70.49,51.0,16.82,2026-06-26
Rasi Electrodes,12.66,11.2,39.41,13.43,-8.26,12.86,2026-06-26
Rategain Travel,840.95,45.04,9959.0,27.7,174.48,13.67,2026-06-26
Rathi Bars,21.33,,34.83,-21.35,-18.01,-3.53,2026-06-26
Rathi Steel,18.31,12.3,158.13,96.05,63.43,10.98,2026-06-26
Ratnabhumi Dev.,242.45,106.8,332.16,-88.05,-56.45,11.0,2026-06-26
Ratnamani Metals,2647.1,37.89,18554.05,-52.04,-36.75,17.92,2026-06-26
Ratnaveer Precis,180.51,19.09,1227.38,59.01,22.57,12.29,2026-06-26
RattanIndia Ent,33.88,,4683.13,69.01,12.77,-4.76,2026-06-26
RattanIndia Pow.,9.12,93.39,4897.54,-65.98,-15.87,6.21,2026-06-26
Raunaq Intl.,26.87,99.78,8.98,-305.45,-25.16,5.25,2026-06-26
Ravelcare,118.05,15.72,80.97,30.0,-13.85,29.61,2026-06-26
Ravi Leela Gran,56.02,5.97,59.3,1791.3,40.09,20.89,2026-06-26
Ravikumar Distll,19.38,38.44,46.51,3633.33,-37.12,1.56,2026-06-26
Ravinder Heights,45.95,5.76,281.79,-223.08,-92.86,21.99,2026-06-26
Ravindra Energy,161.5,39.76,3206.57,-52.63,-16.31,15.89,2026-06-26
Raw Edge Indust.,21.0,,21.12,121.98,-0.75,1.95,2026-06-26
Raymond,592.3,0.72,3943.16,-89.28,8.15,3.14,2026-06-26
Raymond Lifestyl,794.95,32.43,4843.12,124.39,18.89,3.66,2026-06-26
Raymond Realty,624.55,14.18,4157.86,6613.33,888.24,29.61,2026-06-26
RBL Bank,371.05,69.86,57459.25,234.37,7.04,5.77,2026-06-26
RBM Infracon,286.05,6.72,304.16,-6.18,-4.65,28.2,2026-06-26
RBZ Jewellers Lt,128.61,9.39,514.44,36.29,38.01,21.85,2026-06-26
RDB Infrastruc.,20.71,37.0,463.2,273.28,7.72,7.27,2026-06-26
RDB Rasayans,155.25,8.1,275.02,-17.66,2.22,19.85,2026-06-26
RDB Real Estate,157.65,,414.75,16.47,454.67,2.95,2026-06-26
Readymix Cons.,82.0,12.01,89.86,-39.77,13.18,15.99,2026-06-26
Real Eco-Energy,4.25,106.25,42.5,-104.94,-62.69,4.56,2026-06-26
Real Touch Fin,48.3,11.81,61.31,42.65,44.57,11.13,2026-06-26
REC Ltd,364.65,5.88,96020.51,-21.69,-5.02,9.71,2026-06-26
Recode Studios,199.85,18.96,212.73,307.78,47.8,73.89,2026-06-26
Redington,286.4,14.04,22390.02,61.68,25.62,17.47,2026-06-26
Redtape,136.9,31.46,7567.94,69.53,33.51,24.11,2026-06-26
Reetech Intl,24.48,25.24,10.35,113.66,-100.0,4.48,2026-06-26
Refex Industries,348.95,19.79,4788.27,66.79,57.14,22.43,2026-06-26
Refex Renewables,305.65,,137.48,-111.02,-3.59,3.19,2026-06-26
Refractory Shap.,30.55,13.9,66.6,-95.18,-35.84,10.68,2026-06-26
Regaal Resources,78.93,13.4,810.8,47.94,-5.39,12.05,2026-06-26
Regal Entertain.,16.75,298.4,14.92,10.0,0.0,0.74,2026-06-26
Reganto Enterprises,6.7,8.58,98.02,-73.91,26.42,17.19,2026-06-26
Regency Ceramics,42.0,,111.05,-208.99,60.4,-116.47,2026-06-26
Regency Fincorp,38.96,24.98,335.19,36.29,40.82,10.51,2026-06-26
Regent Enterp.,5.5,5.01,18.4,-12.03,37.05,10.9,2026-06-26
Regis Industries,2.25,76.42,58.08,-273.47,194.03,2.86,2026-06-26
Rekvina Labs,35.5,,21.4,-50.0,,-333.33,2026-06-26
Rel. Chemotex,138.33,19.84,104.35,-4.89,7.27,7.34,2026-06-26
Rel. Indl. Infra,833.7,101.61,1258.89,0.62,-32.51,3.01,2026-06-26
Relaxo Footwear,413.55,57.43,10294.86,20.37,8.05,11.07,2026-06-26
Reliable Data,151.84,22.55,156.7,-64.86,3.81,12.16,2026-06-26
Reliable Ventur.,24.85,,27.36,-4.76,,-2.82,2026-06-26
Reliance Communi,0.91,,251.66,-302.18,-6.9,,2026-06-26
Reliance Home,2.18,,105.74,89.78,-100.0,-432.21,2026-06-26
Reliance Industries,1318.1,22.91,1783723.44,-12.55,12.5,10.26,2026-06-26
Reliance Infra.,77.48,1.39,3166.07,-71.11,-2.6,15.34,2026-06-26
Reliance Power,24.88,,10289.8,-238.21,-4.59,6.1,2026-06-26
Relic Tech.,67.97,,38.0,-356.82,0.0,-34.37,2026-06-26
Relicab Cable,35.67,18.95,36.01,108.33,63.23,17.82,2026-06-26
Religare Enterp.,274.43,106.28,9135.51,-16.52,20.84,3.06,2026-06-26
Remedium Life,0.29,12.01,25.58,,,,2026-06-26
Remi Edelstahl,171.75,79.07,216.65,164.29,16.5,6.29,2026-06-26
Remsons Ind,81.99,15.4,285.97,11.16,22.81,15.47,2026-06-26
Remus Pharma.,793.7,25.29,935.3,21.74,30.39,16.83,2026-06-26
Renaiss. Global,114.15,12.29,1225.61,28.98,50.35,8.0,2026-06-26
Renol Polychem,80.35,11.1,91.59,109.64,49.28,14.5,2026-06-26
Repco Home Fin,420.0,5.53,2627.58,12.04,6.42,10.17,2026-06-26
Repono,87.82,13.72,90.27,,,,2026-06-26
Repro India,372.15,,533.86,-1825.66,13.33,1.28,2026-06-26
Resgen,50.55,10.4,106.03,48.79,-15.89,18.8,2026-06-26
Resonance Speci.,139.4,15.47,160.87,49.84,1.16,20.04,2026-06-26
Resourceful Auto,49.61,8.73,13.18,-33.33,45.0,11.3,2026-06-26
Response Info.,21.76,8.39,18.38,98.57,-0.16,11.92,2026-06-26
Responsive Ind,193.48,34.63,5158.34,-57.94,13.05,10.77,2026-06-26
Restaurant Brand,79.38,,4626.87,23.58,11.74,-0.46,2026-06-26
Restile Ceramics,7.14,,70.17,-18.18,311.43,-1.04,2026-06-26
Retaggio Indust.,62.0,13.72,122.81,427.27,348.87,20.83,2026-06-26
Retina Paints,48.7,116.73,74.71,-53.68,6.35,4.84,2026-06-26
Retro Green,1.54,41.79,5.85,88.89,-90.0,0.36,2026-06-26
Revathi Equip,716.8,16.2,219.84,53.1,-0.56,14.37,2026-06-26
Rex Pipes&Cables,180.0,36.5,170.1,-23.51,-0.15,13.63,2026-06-26
Rex Sealing,145.0,20.82,37.48,52.78,25.74,11.49,2026-06-26
Rexnord Electr.,82.17,19.99,108.96,256.62,7.55,8.34,2026-06-26
Rexpro Enter.,39.15,19.5,43.87,-90.6,-45.46,5.53,2026-06-26
RFBL Flexi Pack,82.2,23.23,191.65,56.59,46.03,34.31,2026-06-26
Rhetan TMT Ltd,26.55,205.41,2115.7,362.5,30.82,10.93,2026-06-26
RHI Magnesita,376.2,61.7,7768.58,-42.04,4.01,6.87,2026-06-26
Riba Textiles,87.7,10.41,84.66,40.34,-11.26,10.08,2026-06-26
Rich Universe,11.5,16.68,8.34,500.0,,5.59,2026-06-26
Richa Info,90.0,16.56,123.87,-60.29,-51.4,8.77,2026-06-26
Richfield Fin,21.98,60.63,21.22,-245.45,150.0,9.08,2026-06-26
Rico Auto Inds,134.74,32.23,1823.03,-20.96,24.25,9.01,2026-06-26
Riddhi Corporate,63.99,8.48,75.94,-29.54,103.95,12.14,2026-06-26
Riddhi Display,33.9,6.88,29.29,-40.31,36.93,20.65,2026-06-26
Riddhi Siddhi Gl,747.55,26.77,532.99,-336.8,-67.7,2.74,2026-06-26
Riddhi Steel,206.7,22.45,257.04,27.25,-10.76,14.74,2026-06-26
Rikhav Securitie,47.0,9.45,179.97,104.39,609.13,13.12,2026-06-26
RIR Power Electr,162.55,192.48,1293.45,-45.49,-9.49,7.96,2026-06-26
Risa Internatio.,0.5,,7.98,94.59,,-20.81,2026-06-26
Rish.Digh.Steel,35.35,77.56,19.39,-128.85,-42.86,3.4,2026-06-26
Rishabh Instrum.,567.4,26.88,2191.77,212.2,9.29,14.46,2026-06-26
Rishi Laser,126.9,31.07,126.77,-106.56,7.92,9.59,2026-06-26
Rishi Techtex,42.49,12.56,31.4,-56.48,19.96,10.46,2026-06-26
Rishiroop,94.14,12.88,86.27,-135.15,13.92,6.51,2026-06-26
Rita Finance and,12.41,17.99,12.41,-52.0,26.67,5.33,2026-06-26
Ritco Logistics,265.25,21.1,759.22,-53.22,13.44,10.14,2026-06-26
Rite Zone,18.95,23.59,8.02,-42.86,15.49,4.11,2026-06-26
Rites,208.88,24.47,10038.85,-2.06,27.56,22.0,2026-06-26
Ritesh Intl.,58.68,13.65,55.0,-47.03,29.59,17.88,2026-06-26
Rithwik Facility,156.0,13.6,47.74,-4.28,-14.41,17.71,2026-06-26
Riyaasat Life,,23.34,113.89,,,40.49,2026-06-26
RKD Agri,6.73,,39.34,-281.82,24.0,-14.37,2026-06-26
RKEC Projects,27.42,7.47,70.8,-73.07,-72.56,14.11,2026-06-26
RLF,10.93,,10.92,14.29,-75.76,0.03,2026-06-26
RMC Switchgears,327.0,15.37,346.03,-5.89,-13.71,22.01,2026-06-26
RNFI Services,260.0,22.48,651.58,66.45,11.59,27.26,2026-06-26
RNIT AI Solution,62.91,44.38,533.43,27.19,41.87,20.05,2026-06-26
Roadstar Infra,57.5,,2618.99,-1623.01,-9.82,2.18,2026-06-26
Robust Hotels,177.3,12.41,306.58,-24.61,1.69,5.62,2026-06-26
Rockingdeals Cir,187.9,16.75,169.65,127.57,90.17,20.44,2026-06-26
Rodium Realty,165.0,6.46,53.59,-50.13,-45.18,10.99,2026-06-26
Rolcon Engg. Co.,504.4,11.87,38.33,-56.48,-14.26,13.29,2026-06-26
Rolex Rings,148.07,22.48,4032.44,-27.67,7.68,21.16,2026-06-26
Rollatainers,3.07,,76.79,86.05,,-11.54,2026-06-26
Roni Households,41.54,,47.74,-182.54,-66.98,-2.34,2026-06-26
Roopa Industries,47.63,9.2,37.46,533.33,1.04,15.03,2026-06-26
Rose Merc.,62.0,7.16,40.68,382.61,-62.98,21.74,2026-06-26
Roselabs Finance,20.5,,20.5,-220.0,-100.0,-166.67,2026-06-26
Rossari Biotech,534.85,19.86,2962.62,33.48,18.17,14.57,2026-06-26
Rossell India,57.64,13.51,217.28,-7.94,82.6,9.08,2026-06-26
Rossell Techsys,932.5,155.06,3515.2,9.78,61.57,11.5,2026-06-26
Roto Pumps,74.37,56.6,1401.47,-55.48,2.92,14.81,2026-06-26
Rotographics (I),191.1,285.59,251.32,-68.18,943.21,12.71,2026-06-26
Route Mobile,525.0,10.21,3307.66,48.78,-3.75,17.24,2026-06-26
ROX Hi-Tech,37.3,4.85,85.56,15.04,5.87,16.15,2026-06-26
Royal Arc Ele.,148.0,16.35,164.28,-8.17,12.83,17.99,2026-06-26
Royal Cush. Vin.,17.09,,62.53,-108.71,-21.65,-0.17,2026-06-26
Royal India Corp,6.08,1.35,71.73,334.31,-100.0,49.3,2026-06-26
Royal Orch.Hotel,335.9,29.76,921.21,-47.15,30.47,10.84,2026-06-26
Royal Sense,102.0,7.63,54.57,-21.72,50.82,26.15,2026-06-26
Royale Manor,31.37,26.03,62.21,-13.81,-5.35,5.81,2026-06-26
RPG LifeScience.,2276.4,33.54,3764.94,33.7,23.62,26.16,2026-06-26
RPP Infra Proj.,64.95,34.67,322.06,-232.9,30.57,4.94,2026-06-26
RPSG Ventures,889.75,,2943.86,-327.88,15.18,10.69,2026-06-26
RR Metalmakers,56.35,,50.76,63.64,1801.27,2.05,2026-06-26
RRIL,18.28,25.56,221.58,46.27,-10.19,9.79,2026-06-26
RRP Defense,707.25,,970.26,-354.44,32.03,-11.12,2026-06-26
RRPSemiconductor,8984.4,,12240.35,88.68,-100.0,-32.66,2026-06-26
RSC Internl.,30.24,,17.39,87.04,,-256.0,2026-06-26
RSD Finance,84.0,8.46,108.75,-783.72,-84.8,8.02,2026-06-26
RSWM Ltd,193.36,14.64,910.76,2190.6,-9.1,6.0,2026-06-26
RTCL,14.68,9.95,17.62,-61.29,,4.59,2026-06-26
RTS Power Corpn.,110.05,45.45,100.9,-35.51,-18.23,3.79,2026-06-26
Rubfila Intl.,70.85,14.45,384.49,-22.74,8.9,12.29,2026-06-26
Rubicon Research,1416.6,94.95,23428.12,111.83,43.49,28.35,2026-06-26
Ruby Mills,332.0,25.48,1110.21,-30.86,51.28,6.8,2026-06-26
Ruchi Infrastr.,6.24,14.73,147.28,-51.04,4.78,4.89,2026-06-26
Ruchira Papers,112.36,7.6,335.34,-48.21,12.57,11.06,2026-06-26
Rudra Ecovation,19.44,,231.97,-1444.44,16.06,-2.65,2026-06-26
Rudra Gas,73.0,7.06,60.87,40.24,17.28,22.55,2026-06-26
Rudra Global,17.4,12.91,174.6,-8.77,6.61,11.89,2026-06-26
Rudrabhish. Ent.,65.76,,119.17,-872.83,-43.08,-4.66,2026-06-26
Rukmani Devi Gar,106.45,10.64,94.49,,,18.51,2026-06-26
Rulka,86.9,11.25,37.01,34.09,2.32,12.41,2026-06-26
Rungta Irrigatn.,51.5,18.69,102.6,283.61,-18.33,7.62,2026-06-26
Rupa & Co,167.18,17.34,1329.49,25.53,6.26,9.55,2026-06-26
Ruparel Food,128.25,,39.53,-700.0,-92.52,-3.96,2026-06-26
Rushil Decor,17.38,75.77,509.96,-8.58,0.07,4.51,2026-06-26
S & S Power Swit,378.5,46.2,467.13,1457.14,17.24,9.29,2026-06-26
S & T Corporatio,4.0,,12.73,102.56,476.92,0.0,2026-06-26
S A I L,170.79,18.4,70545.24,62.96,5.11,7.79,2026-06-26
S A Tech Soft.,31.9,19.19,41.65,-3.1,28.98,8.81,2026-06-26
S C I,311.8,10.74,14523.64,118.54,14.19,14.31,2026-06-26
S Chand & Compan,147.31,6.63,519.59,20.45,16.21,10.2,2026-06-26
S D Retail,91.0,16.03,170.37,15.84,16.1,12.21,2026-06-26
S H Kelkar & Co.,134.75,38.06,1865.22,-96.22,14.55,5.87,2026-06-26
S I Cap. & Fin.,20.68,31.64,10.44,-50.0,30.77,8.68,2026-06-26
S I Paper Mills,99.63,17.39,186.81,302.21,21.09,9.06,2026-06-26
S J Logistics (I,335.85,6.78,513.62,49.5,33.62,32.38,2026-06-26
S K Internation.,32.77,,24.03,-105.53,-90.85,-2.49,2026-06-26
S P Apparels,1099.95,27.42,2765.15,-39.23,-8.59,14.04,2026-06-26
S P Capital Fin.,53.04,9.08,31.88,-9400.0,-54.76,7.66,2026-06-26
S P I C,69.08,6.65,1406.75,51.46,-22.56,17.5,2026-06-26
S T C,129.31,17.42,775.86,928.57,,,2026-06-26
S V Global Mill,148.25,,268.08,-2202.44,-63.01,-30.12,2026-06-26
S. V. J. Enterp.,307.45,234.63,171.28,244.44,80.72,6.28,2026-06-26
S.A.L Steel,56.29,,814.89,82.91,-89.76,1.08,2026-06-26
S.M. Gold,12.17,10.26,16.11,680.0,125.63,5.84,2026-06-26
Saakshi Medtech,305.0,43.82,538.51,349.21,19.22,14.32,2026-06-26
Saatvik Green,475.35,16.76,6041.94,-33.6,74.95,32.92,2026-06-26
SAB Events,8.53,,8.94,43.33,3.51,,2026-06-26
SAB Industries,184.9,,281.23,5.24,-8.14,0.84,2026-06-26
Sabar Flex India,6.3,46.35,12.05,186.67,-4.67,1.02,2026-06-26
Saboo Sodium,11.67,212.96,48.98,10.91,9.87,3.69,2026-06-26
Sabrimala Indus.,13.52,35.7,11.78,-166.67,,6.61,2026-06-26
Sacheerome,316.55,24.9,708.21,51.01,32.83,35.72,2026-06-26
Sacheta Metals,3.85,23.59,48.13,-38.98,-18.57,5.46,2026-06-26
Sadbhav Engg.,8.76,14.31,150.3,62.11,-6.5,13.44,2026-06-26
Sadbhav Infra.,2.72,3.03,95.81,1275.68,0.97,17.62,2026-06-26
Sadhana Nitro,2.97,,880.51,-920.0,-81.58,-11.1,2026-06-26
Sadhav Shipping,116.0,12.71,187.14,,,8.89,2026-06-26
Safa Systems,18.74,9.85,46.81,135.22,8.16,10.42,2026-06-26
Safari Inds.,1590.6,46.45,7793.23,-0.32,12.41,19.48,2026-06-26
Safe Enterprises,267.75,19.32,1247.83,40.94,31.64,47.03,2026-06-26
Safecure Service,24.0,4.5,24.1,-22.22,-27.5,16.36,2026-06-26
Safety Controls,79.3,10.9,157.23,18.38,27.46,29.46,2026-06-26
Saffron Industri,28.9,13.23,20.77,95.35,-38.71,,2026-06-26
Sagar Cements,178.32,,2330.78,297.08,19.59,1.97,2026-06-26
Sagardeep Alloys,24.94,17.29,42.54,406.25,117.17,10.59,2026-06-26
SagarSoft (India,74.08,,47.35,-982.43,7.48,-15.68,2026-06-26
Sagility,40.37,19.93,18898.52,41.17,29.06,13.37,2026-06-26
Sahaj Solar,131.35,9.76,288.6,7.01,32.98,21.62,2026-06-26
Sahana Systems,921.25,12.0,814.12,21.6,89.0,39.81,2026-06-26
Sahara Housing,39.3,80.91,27.51,-65.0,-13.02,2.87,2026-06-26
Sahara Maritime,27.35,10.77,8.4,47.37,-36.16,8.46,2026-06-26
Sahasra Electro.,330.0,58.12,824.76,384.57,57.66,6.0,2026-06-26
Sahyadri Industr,281.4,10.46,308.03,147.07,28.46,9.71,2026-06-26
Sai Capital,145.55,3.41,41.91,-54.05,16.67,4.99,2026-06-26
Sai Life,1221.3,73.05,25926.49,17.84,3.91,19.55,2026-06-26
Sai Parenteral's,585.3,181.33,2585.81,,,5.97,2026-06-26
Sai Silks,109.98,11.97,1686.72,141.67,5.07,13.96,2026-06-26
Sainik Finance,36.0,9.39,39.17,-52.81,-9.51,10.57,2026-06-26
Saint-Gob. Sekur,135.4,26.94,1233.63,31.1,22.89,26.06,2026-06-26
Saj Hotels,34.4,19.19,55.47,7.78,-1.48,5.02,2026-06-26
Sakar Healthcare,808.05,58.99,1797.9,91.32,41.52,12.67,2026-06-26
Saksoft,160.45,15.54,2126.78,19.65,3.74,25.5,2026-06-26
Sakthi Finance,28.47,10.68,184.22,22.44,-6.49,10.87,2026-06-26
Sakthi Sugars,16.93,7.15,201.21,16.73,-6.19,14.14,2026-06-26
Sakuma Exports,1.9,31.32,297.87,44.89,-2.32,1.74,2026-06-26
SAL Automotive,183.55,18.81,88.02,-1.06,0.77,11.83,2026-06-26
Salasar Exterior,3.0,,30.88,-8333.33,-100.0,-6.39,2026-06-26
Salasar Techno,6.17,62.63,1078.49,-40.02,-8.0,8.13,2026-06-26
Salem Erode Inv.,39.54,,45.33,-15.7,-20.22,-10.44,2026-06-26
Salguti Industri,31.25,,23.56,-240.0,14.18,5.38,2026-06-26
Salona Cotspin,258.9,87.33,136.24,53.08,-25.26,8.33,2026-06-26
Salora Intl.,29.0,,25.55,-133.33,-78.91,-1.13,2026-06-26
Salzer Electron.,644.8,21.38,1140.18,13.61,26.4,11.38,2026-06-26
Sam Industries,40.02,9.09,44.38,190.91,-45.99,7.91,2026-06-26
Samay Project,48.0,11.53,73.68,87.79,59.05,27.7,2026-06-26
Sambandam Spg.,112.0,,47.71,-1580.0,3.88,1.92,2026-06-26
Sambhaav Media,6.51,518.38,124.41,14200.0,14.98,2.26,2026-06-26
Sambhv Steel,110.69,22.77,3261.72,238.88,38.37,19.07,2026-06-26
Sameera Agro,5.7,2.03,33.94,46.48,13.3,17.73,2026-06-26
Samhi Hotels,179.85,9.69,3995.09,408.35,8.17,8.92,2026-06-26
Samkrg Pistons,120.05,12.09,117.89,1389.47,25.78,10.11,2026-06-26
Sammaan Capital,169.81,,19724.17,-594.46,-35.58,4.92,2026-06-26
Samor Reality,98.6,,222.84,-1328.26,,-2.81,2026-06-26
Sampann Utpadan,27.55,19.83,134.47,-37.5,19.67,8.18,2026-06-26
Sampark India,,12.84,102.97,,,,2026-06-26
Sampat Aluminium,39.1,5.58,33.16,-62.58,37.48,14.71,2026-06-26
Sampre Nutrition,7.84,24.19,74.49,118.37,94.34,2.69,2026-06-26
Samrat Forgings,250.0,28.47,125.0,42.47,-1.44,10.58,2026-06-26
Samrat Pharma,216.8,,66.98,-410.0,0.8,-2.52,2026-06-26
Samsrita Labs,12.43,,28.28,,,-62.42,2026-06-26
Samtel (India),59.94,708.17,42.49,2950.0,700.0,-20.83,2026-06-26
Samtex Fashion,1.48,,11.03,-233.33,,-0.11,2026-06-26
Samvardh. Mothe.,151.71,38.74,160121.45,55.33,17.03,13.08,2026-06-26
Samyak Internati,18.96,,15.16,52.39,-22.72,1.53,2026-06-26
Sanathan Textile,444.9,48.55,3755.14,-50.58,59.68,6.71,2026-06-26
Sanathnagar Ent.,39.75,125.2,12.52,-47.5,,6.33,2026-06-26
Sanblue Corp.,30.5,80.26,15.25,-250.0,-48.5,0.41,2026-06-26
Sanchay Finvest,56.39,,45.11,,108.33,-31.89,2026-06-26
Sanco Trans,779.0,18.5,140.22,619.57,25.5,7.76,2026-06-26
Sancode Tech.,297.0,327.34,153.85,-64.0,3.11,6.56,2026-06-26
Sandesh,972.4,10.96,736.11,-473.81,178.78,7.03,2026-06-26
Sandhar Tech,683.95,20.5,4116.74,56.31,28.88,14.41,2026-06-26
Sandu Pharma.,41.45,22.62,40.04,-87.88,19.76,6.41,2026-06-26
Sandur Manganese,207.03,14.76,10063.83,50.94,14.39,24.4,2026-06-26
Sangal Papers,170.1,9.4,22.28,113.95,-21.56,7.37,2026-06-26
Sangam Finserv,36.65,52.4,170.84,-220.47,-213.19,4.73,2026-06-26
Sangam India,541.85,30.11,2722.61,234.23,19.47,10.67,2026-06-26
Sangani Hospital,43.0,19.81,59.24,123.6,673.61,17.37,2026-06-26
Sanghvi Brands,12.12,7.99,12.62,-46.59,-10.72,30.51,2026-06-26
Sanghvi Movers,411.1,18.73,3559.14,27.1,31.41,16.68,2026-06-26
Sanginita Chemi.,41.57,,107.67,-12560.0,-13.8,-11.04,2026-06-26
Sanjiv.Parant.,145.85,26.78,179.17,-74.89,-27.34,18.0,2026-06-26
Sanmit Infra,56.92,45.42,89.94,3.77,-29.64,7.65,2026-06-26
Sanofi Consumer,4618.1,42.07,10635.77,35.6,32.79,89.93,2026-06-26
Sanofi India,3355.6,23.51,7727.95,-14.14,-11.87,57.51,2026-06-26
Sanrhea Tech.,134.5,13.47,76.53,45.68,13.06,23.23,2026-06-26
Sansera Enginee.,3146.2,58.39,19633.41,104.84,27.77,14.14,2026-06-26
Sanstar,125.04,72.69,2504.16,271.2,-4.47,5.69,2026-06-26
Santosh Fin Fab,34.48,,12.15,-81.25,-19.75,4.59,2026-06-26
Sanwaria Consum.,0.21,,15.46,6.92,3.85,-1.63,2026-06-26
Sapphire Foods,180.37,,5796.78,-130.06,11.37,3.99,2026-06-26
Saptak Chem &,42.5,,13.06,-50.0,,-48.0,2026-06-26
Saptarishi Agro,27.07,103.48,92.1,-47.3,-56.51,6.06,2026-06-26
Sar Auto Prod.,2698.0,1918.7,1285.53,157.14,164.35,2.14,2026-06-26
Sar Televenture,136.1,9.5,682.51,25.49,35.3,8.84,2026-06-26
Saraswati Commer,9590.0,11.39,1050.99,28.93,37.17,10.86,2026-06-26
Saraswati Saree,57.28,9.69,226.83,-52.49,-2.07,16.58,2026-06-26
Sarda Energy,521.1,16.72,18362.59,45.61,1.19,17.39,2026-06-26
Sarda Proteins,93.13,130.61,83.59,863.64,,23.06,2026-06-26
Saregama India,480.7,43.46,9268.35,35.42,19.36,17.76,2026-06-26
Sarla Performanc,99.49,13.2,830.77,37.01,2.19,10.12,2026-06-26
Saroja Pharma In,33.0,8.19,13.27,48.57,-10.37,13.02,2026-06-26
Sarthak Global,35.19,1056.0,10.56,-312.5,18.59,4.27,2026-06-26
Sarthak Industri,26.0,6.94,24.16,131.88,-5.78,11.2,2026-06-26
Sarthak Metals,69.71,20.7,95.43,122.39,28.93,5.61,2026-06-26
Sarup Industries,129.9,74.07,42.22,-37.21,-10.88,4.14,2026-06-26
Sarveshwar Foods,3.82,14.81,470.88,-14.53,9.41,10.41,2026-06-26
Sarvottam Finve.,20.9,,15.68,-242.86,-33.33,-0.69,2026-06-26
Sashwat Technoc,338.35,,10.49,-166.67,,-11.02,2026-06-26
Sasken Technol.,2250.4,57.96,3417.56,144.7,125.67,10.18,2026-06-26
Sat Kartar Life,139.2,12.7,219.17,58.1,21.07,37.42,2026-06-26
Satani Bearings,269.3,10772.0,538.6,520.0,,1.0,2026-06-26
Satchmo Holdings,5.29,4.75,77.15,241.55,9872.22,,2026-06-26
Sathlokhar Sys.,322.45,10.15,837.68,64.64,48.91,37.09,2026-06-26
Sati Poly,30.35,4.35,15.01,-76.73,-31.51,20.33,2026-06-26
Satia Industries,55.79,13.64,557.9,-83.63,-1.79,3.94,2026-06-26
Satin Creditcare,231.03,7.68,2552.21,640.16,49.48,13.84,2026-06-26
Sattrix Infor.,362.95,49.99,411.89,70.68,46.03,9.6,2026-06-26
Sattva Eng.,74.1,9.98,129.44,16.97,8.05,22.76,2026-06-26
Sattva Sukun,0.77,268.55,29.54,-142.86,709.52,0.59,2026-06-26
Saumya Cons,143.05,,98.8,-7.61,-1994.12,-5.33,2026-06-26
Saurashtra Cem.,58.18,29.8,647.47,-20.86,-6.57,2.5,2026-06-26
Saven Tech.,39.95,12.71,43.46,63.83,35.36,21.0,2026-06-26
Savera Industrie,155.7,16.73,185.75,-81.63,26.34,15.04,2026-06-26
Savita Oil Tech,527.95,18.67,3619.65,45.79,21.71,15.68,2026-06-26
Savy Infra,124.25,6.15,258.55,78.3,127.84,42.76,2026-06-26
Sawaca Enterpri.,0.3,,17.16,39.08,28.05,0.56,2026-06-26
Sawaliya Food,307.45,38.12,304.94,,,24.98,2026-06-26
Sayaji (Indore),1181.0,40.47,359.8,-72.01,0.3,11.27,2026-06-26
Sayaji Hot. Pune,768.7,12.07,234.19,-0.55,7.6,28.4,2026-06-26
Sayaji Hotels,308.0,,539.55,68.46,-5.04,-0.02,2026-06-26
Sayaji Industr,112.4,207.41,284.15,241.6,8.53,8.18,2026-06-26
SBC Exports,41.59,78.37,1980.47,104.99,47.04,18.17,2026-06-26
SBEC Sugar,65.59,16.75,312.56,95.45,-24.0,21.87,2026-06-26
SBEC Systems,22.0,14.57,22.0,24.65,-4.81,19.92,2026-06-26
SBFC Finance,90.82,22.29,10056.56,30.05,25.92,11.82,2026-06-26
SBI,1045.4,11.58,964968.76,0.22,3.34,6.13,2026-06-26
SBI Cards,624.85,27.44,59461.63,14.06,5.57,10.1,2026-06-26
SBI Life Insuran,1744.9,70.86,175055.44,-1.09,-82.35,14.95,2026-06-26
SC Agrotech,24.0,54.61,182.39,150.67,,7.17,2026-06-26
Scan Projects,120.3,35.28,34.57,93.33,44.17,13.35,2026-06-26
Scan Steels,39.81,12.21,241.83,93.02,16.78,7.05,2026-06-26
Schaeffler India,4157.6,51.96,64984.81,20.46,18.81,27.9,2026-06-26
Schneider APW,1137.58,35.51,1376.02,-57.89,-19.51,23.88,2026-06-26
Schneider Elect.,1335.3,143.25,31927.02,-71.64,0.48,29.63,2026-06-26
Scintilla Comm,12.0,,12.03,-36.36,-37.5,-1.21,2026-06-26
Scoda Tubes,144.05,22.22,862.99,-7.47,-0.12,16.54,2026-06-26
Scoobee Garments,72.61,,122.86,-202.01,-72.58,-6.12,2026-06-26
Sealmatic India,370.0,38.94,401.82,-59.62,-13.34,12.77,2026-06-26
SEAMEC Ltd,1488.0,15.05,3783.24,141.04,63.85,20.04,2026-06-26
Seasons Textiles,18.1,79.76,13.56,85.71,-15.87,3.94,2026-06-26
Secmark Consult.,123.5,50.2,129.02,14.25,14.4,11.68,2026-06-26
SecureKloud Tech,19.01,,63.51,-334.41,-38.58,-5.97,2026-06-26
Sedemac Mechatro,2666.2,113.67,11774.34,272.59,59.91,35.69,2026-06-26
Seemax Resources,,27.7,62.04,,,29.18,2026-06-26
Sejal Glass,740.5,29.37,844.17,198.94,69.48,18.33,2026-06-26
SEL Mfg. Co,29.11,,96.46,-1.28,-18.31,-13.9,2026-06-26
Sellowrap Indus.,71.0,9.55,97.58,-35.14,41.3,14.04,2026-06-26
Sellwin Traders,4.75,35.42,111.56,4.0,12.43,4.89,2026-06-26
Semac Construct,353.0,15.35,110.04,392.71,2.14,10.0,2026-06-26
Senco Gold,323.55,9.23,5301.0,151.29,44.93,20.92,2026-06-26
Senores Pharma.,1269.7,50.69,5847.42,77.29,53.39,15.13,2026-06-26
Senthil Infotek,38.08,1923.0,19.23,100.0,-50.0,0.38,2026-06-26
SEPC,6.59,23.16,1262.0,40.72,132.45,5.03,2026-06-26
Sera Investments,39.75,4.9,260.33,1386.11,1754.42,21.12,2026-06-26
Service Care Ltd,50.7,13.46,67.58,896.88,6.24,10.78,2026-06-26
Servotech Renew,98.45,61.32,2223.45,49.43,66.21,15.52,2026-06-26
Seshaasai Tech.,308.75,20.5,4995.75,30.76,9.59,27.98,2026-06-26
Seshachal Tech.,92.48,321.0,6.42,0.0,302.17,1.58,2026-06-26
Seshasayee Paper,223.36,17.07,1408.69,-3.77,17.81,5.6,2026-06-26
Setco Automotive,16.82,,225.0,-76.62,9.26,21.06,2026-06-26
Setubandhan Inf.,0.44,,5.53,-161.04,-100.0,-1.28,2026-06-26
Seya Industries,13.08,,34.75,83.9,100.0,-0.32,2026-06-26
SG Finserve,587.15,30.3,3869.02,77.68,94.88,9.32,2026-06-26
SG Mart,588.7,66.81,7419.69,25.14,14.28,10.24,2026-06-26
SGL Resources,3.07,,76.9,-165.57,-203.76,1.67,2026-06-26
Sh. Ajit Pulp,271.0,8.02,241.06,111.67,12.56,14.31,2026-06-26
Sh. Bajrang All.,187.62,3.81,168.86,71.23,-41.2,1.12,2026-06-26
Sh. Digvijay Cem,76.01,44.96,1123.95,-56.7,-3.67,6.4,2026-06-26
Sh. Dinesh Mills,355.65,18.51,199.18,-73.49,-9.07,6.19,2026-06-26
Sh. Ganesh Elas.,19.05,,10.48,102.19,75.69,-10.84,2026-06-26
Sh. Hari Chem.,108.4,16.22,68.43,5200.0,17.67,11.37,2026-06-26
Sh. Jagdamba Pol,581.65,12.95,509.41,-38.81,-15.51,15.34,2026-06-26
Sh. Karthik Pap.,6.53,,12.48,178.38,17.97,2.12,2026-06-26
Sh. Krish. Infr.,9.9,121.0,10.89,11800.0,-175.0,0.92,2026-06-26
Sh. Krishna Pap.,97.6,35.86,131.97,12.79,14.69,10.13,2026-06-26
Sh. Rajas. Synt.,17.38,,70.8,73.2,-16.12,-36.47,2026-06-26
Sh. Rajiv. Oil,21.03,123.0,8.61,-85.71,,1.68,2026-06-26
Sh. Rama Multi.,42.4,22.86,565.9,-87.1,5.58,17.7,2026-06-26
Sh. Steel Wire,19.47,,6.44,118.18,-40.2,-3.92,2026-06-26
Sh.Pushkar Chem.,403.15,18.6,1303.69,-22.19,-0.56,12.97,2026-06-26
Sh.Renuka Sugar,22.4,,4767.82,-233.41,-5.31,-3.12,2026-06-26
Shadowfax Technologies,221.31,112.4,12946.2,648.31,73.62,9.66,2026-06-26
Shah Alloys,71.17,,140.92,3.56,-92.59,0.47,2026-06-26
Shah Foods,206.7,146.48,481.92,,,,2026-06-26
Shah Metacorp,4.08,33.11,402.97,118.73,50.22,4.82,2026-06-26
Shahi Shipping,12.75,,18.47,-303.23,-48.21,-16.67,2026-06-26
Shahlon Silk,23.57,48.5,210.49,171.88,30.5,9.07,2026-06-26
Shaily Engineer.,2849.7,81.25,13107.27,64.85,10.23,30.17,2026-06-26
Shakti Press,26.29,44.87,74.04,1700.0,143.41,8.85,2026-06-26
Shakti Pumps,580.9,27.83,7168.19,-65.23,28.93,23.73,2026-06-26
Shalby,172.15,49.73,1859.39,266.24,8.52,6.48,2026-06-26
Shalibhadra Fin.,80.49,12.76,248.62,15.8,16.08,14.65,2026-06-26
Shalimar Paints,52.11,,436.22,22.37,-12.32,-7.92,2026-06-26
Shalimar Prod.,0.29,,28.55,-35.0,-100.0,-1.15,2026-06-26
Shalimar Wires,17.98,9.98,76.87,707.69,5.45,16.74,2026-06-26
Shamrock Indl.,23.56,,12.79,-233.33,,-102.35,2026-06-26
Shangar Decor,0.23,7.66,11.26,132.08,100.46,3.47,2026-06-26
Shankar Lal Ram.,41.18,19.53,263.42,90.48,30.49,14.01,2026-06-26
Shankara Building,122.51,63.61,297.08,-74.17,-79.23,4.29,2026-06-26
Shankara Buildpro,1031.9,19.3,2502.29,41.69,27.95,39.02,2026-06-26
Shanmuga Hos.,37.0,11.96,50.37,21.55,-1.76,12.62,2026-06-26
Shantai Indust.,96.06,,72.05,-612.5,-78.42,-15.13,2026-06-26
Shanthala FMCG,25.95,13.69,17.38,71.43,-0.12,5.98,2026-06-26
Shanthi Gears,441.2,42.22,3384.7,-17.1,-11.82,25.5,2026-06-26
Shanti Educat.,212.56,581.02,3422.22,308.51,22.98,10.31,2026-06-26
Shanti Gold,221.91,11.42,1599.88,465.07,121.65,33.49,2026-06-26
Shanti Guru Inds,8.38,0.92,10.32,9650.0,,71.68,2026-06-26
Shanti Overseas,6.32,,7.02,-3407.14,358.5,-14.31,2026-06-26
Shanti Spintex,42.99,7.33,72.6,,,,2026-06-26
Sharat Industrie,144.05,35.53,564.88,-90.57,24.84,12.92,2026-06-26
Sharda Cropchem,876.55,11.62,7908.28,56.53,12.93,30.37,2026-06-26
Sharda Ispat,167.45,13.72,85.06,335.0,64.38,11.42,2026-06-26
Sharda Motor,829.75,14.36,4763.4,6.35,29.59,35.96,2026-06-26
Shardul Sec.,29.03,,253.99,8.55,105.41,-5.88,2026-06-26
Share India Sec.,135.19,9.15,2958.3,208.26,73.7,18.41,2026-06-26
Share Samadhan,30.5,64.52,37.42,-89.18,-75.88,1.58,2026-06-26
Sharika Enterpr.,21.93,,94.96,-151.34,20.89,-21.98,2026-06-26
Sharma E I Hosp.,101.0,26.72,33.13,16.22,24.92,11.58,2026-06-26
Sharp Chucks and,76.05,10.0,91.9,-22.12,28.62,12.33,2026-06-26
Sharp India,116.5,,302.2,-24.51,,-6733.33,2026-06-26
Sharp Investment,0.35,847.0,8.47,85.71,44.44,0.04,2026-06-26
Sharpline Broadc,10.41,3.77,29.81,6.01,19.16,25.74,2026-06-26
Sharvaya Metals,103.7,8.91,104.01,-71.92,96.43,28.47,2026-06-26
Shashijit Infra.,2.2,32.63,15.99,120.22,21.35,4.01,2026-06-26
Shashwat Furnis.,80.5,,16.81,-144.44,34.08,-2.99,2026-06-26
Shayona Eng.,140.7,13.55,54.76,9.64,54.1,19.67,2026-06-26
Sheel Bio.,65.0,11.25,132.29,105.03,93.71,15.73,2026-06-26
Sheela Foam,725.6,52.62,7923.79,511.54,23.59,6.11,2026-06-26
Sheetal Cool,480.65,26.4,504.68,72.36,42.5,16.0,2026-06-26
Sheetal Univer.,295.6,29.42,338.64,25.22,169.33,22.49,2026-06-26
Shekhawati Inds,13.7,5.47,47.22,2993.75,-24.18,47.29,2026-06-26
Shelter Infra,17.5,,6.25,-200.0,-8.33,-0.07,2026-06-26
Shelter Pharma,29.01,5.41,48.84,22.43,49.77,20.35,2026-06-26
Shemaroo Entert.,128.27,,368.52,-1308.59,-31.72,-39.45,2026-06-26
Shentracon Chem.,105.12,666.43,46.65,-33.33,,,2026-06-26
Shera Energy,160.55,13.35,392.37,69.73,27.14,19.54,2026-06-26
Shervani Indl Sy,273.25,,70.31,-141.29,-76.79,1.35,2026-06-26
Sheshadri Indus.,17.86,2.0,8.86,-27.07,44.79,51.26,2026-06-26
Shetron,95.55,21.5,86.0,284.0,12.49,12.96,2026-06-26
Shigan Quantum,65.45,19.39,133.04,1.18,14.33,11.18,2026-06-26
Shikhar Cons.,11.5,,5.22,-100.0,,-4.01,2026-06-26
Shilchar Tech.,4516.8,32.67,5167.31,-48.72,-34.59,50.72,2026-06-26
Shilp Gravures,161.9,11.28,99.57,56.25,3.14,11.19,2026-06-26
Shilpa Medicare,571.6,47.92,11179.46,147.82,32.09,11.03,2026-06-26
Shine Fashions,22.9,6.52,61.52,29.76,22.86,30.03,2026-06-26
Shining Tools,86.0,12.51,48.66,54.14,9.58,22.39,2026-06-26
Shipping Land,44.89,72.55,2090.97,99.63,19.06,1.31,2026-06-26
Shipwaves Online,3.7,14.66,52.35,-116.86,-19.8,8.38,2026-06-26
Shish Industries,11.95,69.36,504.23,-26.05,7.43,6.74,2026-06-26
Shiv Aum Steels,405.0,74.03,550.82,154.65,1.22,8.2,2026-06-26
Shiv Texchem,123.0,3.66,285.02,26.85,8.72,15.3,2026-06-26
Shiva Cement,17.08,,503.86,46.56,14.12,-1.43,2026-06-26
Shiva Global,39.61,,39.58,-11.17,-26.78,4.41,2026-06-26
Shiva Granito,12.83,2055.0,20.55,-100.0,18.13,2.25,2026-06-26
Shiva Mills,62.0,,53.58,283.12,-10.16,-0.07,2026-06-26
Shiva Texyarn,146.39,19.52,189.76,-94.84,-9.51,10.81,2026-06-26
Shivagrico Impl.,25.0,32.13,12.53,-39.13,-2.81,6.9,2026-06-26
Shivalic Power,70.45,14.44,169.9,10.91,28.32,12.79,2026-06-26
Shivalik Bimetal,754.0,44.98,4343.36,23.75,22.8,26.79,2026-06-26
Shivalik Rasayan,212.9,27.62,335.33,9.69,48.18,4.63,2026-06-26
Shivam Autotech,16.63,,218.68,-71.75,1.47,-0.47,2026-06-26
Shivam Chemicals,113.0,31.67,191.95,163.87,17.61,16.83,2026-06-26
Shivamshree Busi,1.99,100.33,15.05,252.38,167.25,4.8,2026-06-26
Shivansh Finserv,9.39,13.63,5.86,-100.0,,7.0,2026-06-26
Shivashrit Foods,130.75,17.0,238.87,12.18,-2.91,19.15,2026-06-26
Shlokka Dyes,25.0,10.79,53.52,-32.69,-16.81,10.62,2026-06-26
Shoora Designs,91.0,1052.0,42.08,-92.86,290.51,0.24,2026-06-26
Shoppers Stop,356.4,,3924.85,-24983.33,13.7,7.05,2026-06-26
Shraddha Prime,159.3,11.92,643.59,245.89,287.02,23.58,2026-06-26
Shradha AI Tech,26.51,15.32,161.58,31.98,73.62,18.4,2026-06-26
Shradha Realty,33.97,10.24,275.15,108.04,-4.84,10.71,2026-06-26
Shree Bhavya,22.4,9.33,21.28,-26.67,-9.22,9.15,2026-06-26
Shree Cement,25735.0,53.26,92853.8,-8.47,10.29,10.48,2026-06-26
Shree Ganesh Bio,0.57,59.79,22.72,84.21,-29.57,0.8,2026-06-26
Shree Ganesh Rem,709.55,51.26,910.89,-5.0,35.9,14.61,2026-06-26
Shree Hanuman Sg,3.94,,7.29,23.08,,-0.43,2026-06-26
Shree Karni,475.0,22.53,343.37,-11.43,6.73,12.81,2026-06-26
Shree Marutinand,61.0,5.85,21.11,20.09,18.93,16.77,2026-06-26
Shree Metalloys,38.83,14.08,20.41,12.2,-0.62,17.88,2026-06-26
Shree Mfg. Co.,10.1,,8.38,-214.29,,,2026-06-26
Shree OSFM,61.7,12.54,95.04,-51.35,9.79,12.3,2026-06-26
Shree Pacetronix,130.05,15.53,48.76,146.67,25.47,23.3,2026-06-26
Shree Precoated,14.32,,5.93,6.67,,,2026-06-26
Shree Ram Prote.,0.37,,7.93,33.33,,-23.95,2026-06-26
Shree Ram Twist.,40.45,11.41,161.7,233.01,-53.25,13.96,2026-06-26
Shree Rama News.,29.06,,428.7,-49.4,-30.54,0.93,2026-06-26
Shree Refrigerat,377.15,62.71,1350.06,343.56,116.0,13.9,2026-06-26
Shree Salasar,214.9,8.21,149.83,1117.5,81.09,20.28,2026-06-26
Shree Securities,0.22,292.67,17.56,-183.33,28.57,1.53,2026-06-26
Shree Tirupati,510.0,176.32,516.63,-85.44,3.01,6.89,2026-06-26
Shree TirupatiBa,29.29,21.7,238.92,-35.34,-6.82,6.89,2026-06-26
Shree Vasu Logis,711.5,141.48,817.78,206.36,52.61,14.36,2026-06-26
Shreedhar Spinners,,18.41,113.62,,,12.07,2026-06-26
Shreeji Global,155.5,17.77,353.92,54.29,58.13,25.62,2026-06-26
Shreeji Ship. Gl,481.15,51.33,7838.81,-18.07,20.49,26.35,2026-06-26
Shreeji Translog,8.2,18.13,57.3,83.87,21.6,7.72,2026-06-26
Shreenath Paper,12.65,8.69,24.86,8.9,18.94,8.97,2026-06-26
Shreeoswal Seeds,10.91,13.82,99.79,283.64,116.94,19.89,2026-06-26
Shreevatsaa Fin.,27.17,83.15,27.44,-33.33,4.55,2.05,2026-06-26
Shrem InvIT,101.5,7.27,6200.07,-3.0,-38.26,9.68,2026-06-26
Shrenik,0.4,128.84,24.48,-1387.5,145.26,,2026-06-26
Shreyans Inds.,139.07,29.7,192.19,-156.77,-6.35,2.48,2026-06-26
Shreyas Interm.,5.94,,42.09,6.67,,-5.36,2026-06-26
Shri Ahimsa,428.9,33.41,1004.95,24.41,14.0,22.96,2026-06-26
Shri Balaji,111.9,10.67,91.31,20.7,25.93,17.87,2026-06-26
Shri Gang Indus,67.98,7.76,144.38,240.0,38.6,30.71,2026-06-26
Shri Hare-Krish.,40.0,12.38,76.76,-64.85,-35.63,7.76,2026-06-26
Shri Kanha Stain,24.15,4.31,37.63,35.35,13.55,23.77,2026-06-26
Shri Keshav,133.35,,233.53,-121.32,22.98,6.25,2026-06-26
Shri Krishna,40.93,25.13,114.6,-54.22,-40.54,6.7,2026-06-26
SHRI NIWAS L& F.,11.11,0.01,6.04,100.85,188.24,195.35,2026-06-26
Shri Techtex,64.0,8.28,159.68,88.48,10.29,22.83,2026-06-26
Shri Vasuprada,101.45,,84.05,-60.0,-30.45,-0.67,2026-06-26
Shri Venkatesh,263.6,15.26,583.07,118.95,108.92,19.78,2026-06-26
Shricon Indus.,202.5,12.88,25.11,187.5,232.35,46.09,2026-06-26
Shringar House,216.58,18.08,2088.53,123.46,106.5,26.83,2026-06-26
Shriram AMC,283.6,,481.57,-53.28,85.59,-18.75,2026-06-26
Shriram Finance,1031.8,24.21,242773.78,40.94,9.25,11.49,2026-06-26
Shriram Pistons,4033.0,31.04,17765.29,7.65,47.29,21.02,2026-06-26
Shriram Properti,88.85,15.04,1516.26,64.36,57.18,8.04,2026-06-26
Shristi Infra,29.66,,65.85,-343.35,-62.3,-0.56,2026-06-26
Shrydus Indust.,3.85,,12.33,98.98,,-0.12,2026-06-26
Shubham Polyspin,46.67,54.92,56.57,77.78,-19.82,8.87,2026-06-26
Shubhlaxmi Jewel,27.3,27.31,28.95,-7750.0,29.44,6.86,2026-06-26
Shubhshree Bio.,330.0,16.43,172.99,59.85,24.01,32.58,2026-06-26
Shukra Bullions,43.5,436.4,21.82,166.67,-18.52,3.18,2026-06-26
Shukra Jewellery,9.58,,13.0,-688.89,21.51,-0.08,2026-06-26
Shukra Pharma.,29.46,58.5,1289.99,-132.1,-52.52,36.91,2026-06-26
Shyam Century,5.48,,116.27,104.57,-99.37,-7.4,2026-06-26
Shyam Dhani Ind.,64.05,15.49,132.3,12.73,25.81,16.98,2026-06-26
Shyam Metalics,945.75,24.67,26398.9,45.87,26.6,13.01,2026-06-26
Shyam Telecom,20.58,,23.19,33.33,,,2026-06-26
Shyamkamal Inv,12.88,147.91,34.02,-146.67,-113.51,5.15,2026-06-26
Sibar Auto Parts,7.5,,12.39,-1133.33,12.46,-16.58,2026-06-26
Sicagen India,53.19,11.51,210.47,12.34,10.49,5.95,2026-06-26
Sical Logistics,95.91,589.09,765.22,-134.67,29.65,9.85,2026-06-26
Siddhes. Garment,19.0,314.5,6.29,50.0,,0.09,2026-06-26
Siddhi Cotspin,29.25,7.41,71.39,-39.48,19.35,10.64,2026-06-26
Siddhika Coatins,218.0,14.0,134.7,35.29,13.51,31.93,2026-06-26
Siemens,3627.9,54.41,129196.96,-9.59,14.6,21.22,2026-06-26
Siemens Ener.Ind,3685.8,97.35,131258.9,52.21,27.38,67.75,2026-06-26
Sigachi Indust.,24.8,29.12,947.65,-34.89,-4.91,6.24,2026-06-26
Sigma Advanced System,615.05,39.08,10839.62,1400.69,469.05,60.82,2026-06-26
Sigma Solve,39.02,16.79,401.03,-21.26,4.67,48.33,2026-06-26
SignatureGlobal,756.5,296.55,10642.9,61.39,112.76,2.6,2026-06-26
Signet Industrie,47.9,7.26,141.0,-7.56,7.07,13.7,2026-06-26
Signoria Creatio,105.85,12.02,50.36,,,18.61,2026-06-26
Signpost India,248.1,18.94,1326.09,2183.7,46.08,25.13,2026-06-26
Sihora Indust.,60.0,32.95,31.96,-69.23,32.91,11.48,2026-06-26
Sika Interplant,1056.05,61.44,2238.92,-1.01,-10.19,35.24,2026-06-26
Sikko Industries,3.83,32.74,167.29,-127.27,-41.7,7.76,2026-06-26
Sikozy Realtors,1.81,,8.07,-150.0,,-71.43,2026-06-26
SIL Investments,421.05,11.8,446.31,-238.29,-1072.41,1.75,2026-06-26
Silgo Retail,75.66,41.91,241.42,9.77,-19.06,8.17,2026-06-26
Silicon Rental,81.64,9.1,93.23,-4.54,11.31,12.57,2026-06-26
Silkflex Polymer,216.6,20.71,251.41,235.25,199.85,22.46,2026-06-26
Silky Overseas,115.95,10.89,73.83,-123.46,-47.17,17.88,2026-06-26
Silly Monks,16.72,,20.83,-11100.0,-21.64,-17.68,2026-06-26
Silver Oak (I),78.0,,29.56,-107.14,,-0.32,2026-06-26
Silver Touch,184.59,65.51,2340.79,43.54,17.35,28.93,2026-06-26
Silverline Tech,6.94,,108.21,-5973.33,-89.46,1.47,2026-06-26
Simandhar Impex,145.35,2221.5,44.43,,,1.15,2026-06-26
Simbhaoli Sugar,6.78,,27.99,-85.4,-42.44,-3.14,2026-06-26
Simca Advertis.,170.15,12.25,203.7,1164.71,107.37,97.5,2026-06-26
Simm. Marshall,188.85,14.3,211.51,51.71,22.46,19.72,2026-06-26
Simplex Castings,541.7,20.28,444.15,83.33,-18.39,24.28,2026-06-26
Simplex Infra,253.9,50.95,2008.23,-43.16,0.34,2.4,2026-06-26
Simplex Mills,5415.0,,16.25,-450.0,-100.0,,2026-06-26
Simplex Realty,135.9,,40.63,-563.33,3307.69,-0.32,2026-06-26
Simran Farms,156.65,14.89,75.35,187.85,4.39,10.86,2026-06-26
Sinclairs Hotels,78.16,44.27,400.65,-122.75,16.63,10.16,2026-06-26
Sindhu Trade,24.99,67.08,3853.28,123.67,-61.24,4.44,2026-06-26
Singer India,70.01,32.75,435.6,42.72,36.7,10.78,2026-06-26
Sinnar Bidi Udy.,765.0,,30.6,-825.0,22.45,-3.24,2026-06-26
Sintercom India,74.24,142.92,204.37,960.0,14.14,5.29,2026-06-26
Sir Shadi Lal,263.55,,138.36,-7.3,37.63,-153.83,2026-06-26
Sirca Paints,407.05,35.54,2311.75,25.07,33.07,21.47,2026-06-26
SIS,435.4,17.83,6152.23,92.24,30.96,13.68,2026-06-26
Sita Enterprises,126.6,8.4,37.98,-117.74,-88.71,29.59,2026-06-26
Siti Networks,0.34,,29.65,22.16,-2.12,,2026-06-26
Siyaram Recycli.,35.21,20.24,76.72,-89.7,-43.65,7.34,2026-06-26
Siyaram Silk,645.3,12.68,2927.73,35.71,15.91,20.1,2026-06-26
Sizemasters Tech,368.5,90.54,368.5,24.64,75.68,24.23,2026-06-26
SJ Corp,91.19,,395.35,-654.55,1.85,0.14,2026-06-26
SJS Enterprises,2141.4,40.37,6853.58,45.14,29.73,28.58,2026-06-26
SJVN,72.09,44.12,28329.89,7.54,196.68,5.57,2026-06-26
SK Minerals & Additives,377.0,25.47,461.45,72.78,87.9,26.15,2026-06-26
SKF India,1658.0,51.79,8196.81,-128.78,20.68,13.32,2026-06-26
SKF India Indus.,2906.0,38.67,14366.67,-1.93,31.24,56.38,2026-06-26
SKIL Infrastr,0.92,2.24,19.92,-195.93,,1.1,2026-06-26
Skipper,533.15,27.96,6021.25,70.33,29.42,23.32,2026-06-26
SKM Egg Prod.,276.01,14.01,1453.47,414.65,58.93,30.0,2026-06-26
SKP Bearing,155.6,293.52,258.3,,,11.38,2026-06-26
SKP Securities,111.9,7.36,76.19,63.79,27.84,21.7,2026-06-26
Sky Gold & Diam.,499.15,28.08,7730.53,120.8,80.64,27.02,2026-06-26
Sky Industries,89.03,11.46,70.25,44.63,9.24,13.24,2026-06-26
Skybiotech Healthcare,199.95,,38.29,72.22,79.41,-9.32,2026-06-26
Skyline Millars,15.96,,64.2,-270.37,-100.0,-4.46,2026-06-26
Skyline Ventures,22.0,,8.73,-400.0,,-7.7,2026-06-26
Slone Infosys.,162.0,9.47,85.36,63.94,143.36,25.97,2026-06-26
SM Auto Stamping,26.0,10.62,35.59,-10.18,4.79,15.88,2026-06-26
Smart Finsec,8.29,25.38,24.87,-15.0,13.64,8.41,2026-06-26
Smarten Power,59.4,12.82,112.86,-56.93,36.18,17.79,2026-06-26
Smartlink Hold.,179.27,13.6,178.82,78.91,51.84,8.93,2026-06-26
Smartworks Cowor,489.55,531.22,5593.7,300.24,44.99,8.3,2026-06-26
SMC Global Sec.,72.27,14.87,1513.33,465.15,22.65,11.38,2026-06-26
Smiths & Founder,10.49,157.34,106.99,-110.81,8.92,4.52,2026-06-26
SML Mahindra,4092.9,37.07,5922.43,2.36,16.45,30.92,2026-06-26
SMR Jewels,102.8,7.75,191.76,91.95,21.94,71.92,2026-06-26
Smruthi Organic,116.65,35.61,133.52,-51.57,-23.63,7.99,2026-06-26
SMS Pharma.,376.55,34.58,3526.47,60.97,-4.13,13.3,2026-06-26
SMT Engineering,423.55,33.16,765.35,466.2,268.84,25.22,2026-06-26
SMVD Poly Pack,11.55,,11.58,57.09,-37.5,5.29,2026-06-26
Snehaa Organics,44.0,5.56,44.79,,,29.4,2026-06-26
SNL Bearings,380.4,12.66,137.32,-8.21,10.21,20.29,2026-06-26
Snowman Logistic,37.86,150.26,632.6,41.28,3.87,3.77,2026-06-26
Sobha,1408.0,77.85,15056.14,124.77,60.23,6.9,2026-06-26
Sobhagya Mercant,907.55,40.14,884.73,-25.2,43.92,23.44,2026-06-26
Sodhani Academy,162.0,26.59,92.26,-23.94,-45.33,26.62,2026-06-26
Sodhani Capital,56.02,18.94,44.51,17.02,10.8,24.99,2026-06-26
Sofcom Systems,20.21,88.95,48.92,-71.19,-61.54,0.84,2026-06-26
Softrak Venture,1.66,467.69,74.83,29.07,8000.0,0.57,2026-06-26
Softtech Enginee,440.0,123.29,609.05,5925.0,50.29,6.21,2026-06-26
Solar Industries,17428.0,94.01,157706.07,69.95,40.9,36.79,2026-06-26
Solara Active,568.05,,2714.37,516.19,41.86,4.86,2026-06-26
Solarium Green,184.25,21.02,384.53,-16.09,69.65,12.93,2026-06-26
Solarworld Ene.,183.1,13.17,1586.98,419.7,235.47,23.8,2026-06-26
Solex Energy,1091.0,13.3,1178.55,363.47,232.34,34.04,2026-06-26
Solid Stone Co,24.03,25.86,12.93,50.0,18.59,7.22,2026-06-26
Solitaire Mach.,90.35,29.94,41.02,-4.23,19.18,8.26,2026-06-26
Solve Plastic,19.35,19.2,8.45,100.7,11.13,7.89,2026-06-26
Solvex Edibles,23.86,305.14,21.36,-122.93,26.31,6.76,2026-06-26
Som Distilleries,69.85,101.58,1452.19,-292.98,-46.66,5.68,2026-06-26
Soma Textiles,94.68,72.57,312.76,965.71,1213.18,2.98,2026-06-26
Somany Ceramics,513.95,24.9,2107.85,88.57,6.36,12.93,2026-06-26
Somi Conv.Belt.,115.33,27.01,135.85,-34.44,-28.82,9.46,2026-06-26
Sona BLW Precis.,619.25,58.77,38519.51,34.83,52.14,15.11,2026-06-26
Sona Machinery,33.75,,46.32,-470.34,-25.38,-5.9,2026-06-26
Sonal Adhesives,48.1,19.3,29.15,74.36,7.61,13.48,2026-06-26
Sonal Mercantile,93.05,5.34,137.14,-25.45,56.19,6.09,2026-06-26
Sonalis Consumer,47.0,2.57,22.32,145.75,2.12,47.07,2026-06-26
Sonam,52.52,28.72,210.25,70.59,100.73,14.14,2026-06-26
Sonata Software,284.25,15.68,7971.08,42.65,-3.1,30.58,2026-06-26
Soni Medicare,71.0,,30.28,-205.71,-12.5,-12.07,2026-06-26
Sonu Infratech,56.05,5.06,65.94,-12.57,-0.9,19.08,2026-06-26
Sotac Pharma.,105.0,20.11,116.03,-45.66,27.41,12.55,2026-06-26
Source Industrie,21.43,203.58,24.43,0.0,200.0,2.63,2026-06-26
Source Natural,108.0,20.45,69.52,96.83,30.86,17.59,2026-06-26
South Asian Ent.,46.05,,18.42,-300.0,275.0,-3.29,2026-06-26
South Ind.Bank,45.41,8.17,11888.64,19.09,7.84,6.42,2026-06-26
South West Pinn.,223.75,21.67,667.45,24.34,5.31,19.16,2026-06-26
South. Magnesium,77.94,179.85,23.38,185.71,11.11,3.65,2026-06-26
Southern Infocon,22.46,,11.27,-33.33,-40.12,-2.03,2026-06-26
Southern Latex,29.18,76.71,21.48,19.05,,4.78,2026-06-26
Sover. Diamonds,21.9,,12.68,-146.15,-47.02,-23.2,2026-06-26
SP Refractories,110.75,5.61,19.82,18.75,-25.24,28.59,2026-06-26
SPA CAPT SER,206.85,72.26,63.59,345.45,-21.84,3.64,2026-06-26
Space Incubatric,0.18,,6.23,-19500.0,,0.35,2026-06-26
Spacenet Enterpr,3.85,13.6,218.58,1.75,16.86,9.93,2026-06-26
Span Divergent,44.56,,32.36,-7.87,745.45,-29.96,2026-06-26
Spandana Sphoort,266.8,,2117.37,101.34,-36.33,-5.04,2026-06-26
SPARC,224.92,4.67,7299.14,2987.34,6715.81,165.0,2026-06-26
Sparc Electrex,4.93,,5.02,-68.9,-100.0,-28.46,2026-06-26
Sparkle GoldRock,69.85,7.17,31.28,2142.86,654.91,48.14,2026-06-26
SPEB Adhesives,86.95,28.43,195.33,-1.23,11.83,22.91,2026-06-26
Speciality Medi.,200.7,13.53,176.33,205.22,45.39,25.31,2026-06-26
Speciality Rest.,127.24,25.18,613.75,38.91,13.02,9.14,2026-06-26
Spectrum Electr.,1789.1,63.29,2811.36,95.51,67.88,16.76,2026-06-26
Spectrum Foods,12.19,101.03,29.3,20.43,7.88,1.06,2026-06-26
Spectrum Talent,55.15,10.39,127.36,,,7.57,2026-06-26
Spel Semiconduct,149.6,,689.96,118.66,-11.02,0.12,2026-06-26
Spencer's Retail,36.0,,324.48,4.14,5.9,-8.41,2026-06-26
Spenta Intl.,101.25,,27.99,-992.31,13.94,0.74,2026-06-26
Spice IslandsInd,530.0,40.27,227.9,98.08,3108.82,62.36,2026-06-26
Spice LoungeFood,25.09,180.5,1749.08,236.26,35.27,6.42,2026-06-26
SpiceJet,12.6,,1922.89,-1104.04,12.45,9.1,2026-06-26
Spinaroo Comm.,56.78,73.54,39.71,-89.02,8.74,6.27,2026-06-26
SPL Industries,31.99,13.14,92.77,34.69,-24.22,3.68,2026-06-26
SPML Infra,199.07,22.43,1675.17,126.31,53.68,6.76,2026-06-26
Sportking India,178.09,18.9,2263.03,-7.3,1.27,13.0,2026-06-26
SPP Polymer,14.05,,21.62,-5433.33,6.43,-5.5,2026-06-26
Sprayking Ltd,1.08,12.02,22.83,-294.4,58.92,7.99,2026-06-26
Spright Agro,0.49,,52.5,-1001.41,-162.75,-9.8,2026-06-26
Spunweb Nonwoven,108.4,11.33,261.28,67.76,52.29,26.87,2026-06-26
Square Four Pro.,8.93,,17.52,-42.86,,-1.2,2026-06-26
Sr.Rayala.Hypo,486.35,8.33,834.81,1.06,1.66,13.99,2026-06-26
Sreechem Resins,31.35,,13.17,94.44,-11.21,-0.6,2026-06-26
Sreeleathers,218.21,17.56,505.27,82.8,17.95,8.0,2026-06-26
Srestha Finvest,0.24,,42.18,101.76,37.23,-5.57,2026-06-26
SRF,2732.9,42.58,81009.94,12.35,7.0,14.61,2026-06-26
SRG Fingrow Fin,21.0,53.76,11.29,-64.71,-9.23,1.9,2026-06-26
SRG Housing,296.5,14.33,465.69,49.43,33.87,11.77,2026-06-26
Sri Chakra Cem.,42.31,,38.08,90.63,9.87,-86.41,2026-06-26
Sri Havisha,1.28,,19.65,44.21,-3.51,-1.34,2026-06-26
Sri KPR Inds.,21.23,7.11,42.78,-30.95,-32.49,5.16,2026-06-26
Sri Lak.Sar.Arni,29.02,,9.66,13.67,-20.7,-13.79,2026-06-26
Sri Lotus,150.69,31.06,7364.58,11.45,61.82,21.15,2026-06-26
Sri Nacha. Cott.,26.6,,11.44,-731.15,-18.73,-5.51,2026-06-26
Sri Priyanka Geo,,35.12,344.22,,,25.95,2026-06-26
Sri Ramakr. Mill,54.4,1.97,38.73,7683.33,322.7,30.72,2026-06-26
Srigee DLM,87.38,7.6,52.2,104.81,46.25,22.53,2026-06-26
Srinibas Pradhan,124.5,11.92,97.87,32.26,-17.76,28.57,2026-06-26
Srivari Spices &,254.4,13.48,218.03,87.94,61.9,29.16,2026-06-26
Srivasavi Adhes.,69.0,16.46,97.8,17.27,9.74,15.29,2026-06-26
SRM Contractors,508.65,10.51,1167.06,124.67,95.87,37.14,2026-06-26
SRM Energy Ltd,21.56,44.39,19.53,2388.89,,108.16,2026-06-26
SRU Steels,1.92,6.58,11.51,92.0,-87.41,-1.25,2026-06-26
SSMD Agrotech,66.96,10.55,58.03,227.22,82.46,30.73,2026-06-26
SSPDL Ltd,17.78,1.77,22.99,377.12,1507.87,31.49,2026-06-26
Stallion India,182.05,48.21,2113.34,-17.63,-27.43,11.76,2026-06-26
Stanbik Agro,33.8,10.33,45.04,11.46,70.79,19.11,2026-06-26
Standard Battery,48.16,,24.9,7.14,,-41.32,2026-06-26
Standard Engineering Technology,213.96,53.33,4268.32,31.13,36.28,14.68,2026-06-26
Standard Inds.,15.31,,98.49,-62.02,9.95,-12.79,2026-06-26
Standard Shoe,17.5,,9.07,33.33,,,2026-06-26
Standard Surfact,50.91,12.63,42.06,92.37,55.77,10.3,2026-06-26
Stanley Lifesty.,144.74,57.76,826.84,-93.33,-10.11,6.43,2026-06-26
Stanpacks(India),9.41,,5.74,-160.0,3.55,4.09,2026-06-26
Stanrose Mafat.,69.01,,27.4,0.0,,-8.15,2026-06-26
Star Cement,210.65,21.19,8514.06,23.59,11.54,16.68,2026-06-26
Star Delta Trans,663.0,16.66,198.91,46.36,23.41,18.09,2026-06-26
Star Health Insu,577.1,60.97,33958.5,21731.37,13.89,8.57,2026-06-26
Star Housing Fin,6.6,7.85,52.12,-75.98,7.45,12.1,2026-06-26
Star Imaging,88.99,8.04,155.02,-4.94,5.94,26.04,2026-06-26
Star Paper Mills,138.1,6.58,215.57,-125.75,-1.31,5.03,2026-06-26
Starcom Info.,80.29,,40.15,19.44,-15.66,,2026-06-26
Starlineps Enter,10.13,61.82,367.85,465.91,100.14,7.05,2026-06-26
Starlog Enterp.,37.43,,56.02,-89.91,-15.49,-15.05,2026-06-26
Starsource Multitrade,90.9,,13.64,79.41,,-164.24,2026-06-26
Starteck Fin.,287.7,12.08,285.12,127.39,-2.12,9.1,2026-06-26
Std. Capital Mkt,0.4,1.22,98.18,6.9,236.59,16.8,2026-06-26
Steel City Sec.,77.35,8.18,116.85,14.68,20.42,14.46,2026-06-26
Steel Exchange,12.41,58.65,1582.92,159.87,-1.4,9.76,2026-06-26
Steel Str. Wheel,229.87,17.88,3613.11,4.46,19.51,15.98,2026-06-26
Steel Strips Inf,19.44,,16.8,-10.33,3.03,-5.01,2026-06-26
Steelcast,297.95,34.71,3015.25,-13.41,-6.38,32.39,2026-06-26
Steelco Gujarat,160.55,,101.08,-108.3,1557.14,-12.21,2026-06-26
Steelman Telecom,65.0,,62.9,-271.14,-12.31,-3.56,2026-06-26
STEL Holdings,597.6,55.56,1102.9,-94.79,-98.07,1.58,2026-06-26
Stellant Secu.,547.55,14.22,303.12,-2872.22,1684.85,71.73,2026-06-26
Stellar Capital,5.7,,14.23,61.5,-33.67,-0.19,2026-06-26
Step Two Corp.,21.94,,16.22,-162.96,22.96,-32.15,2026-06-26
Sterling & Wils.,246.68,17.35,5760.76,142.99,-22.77,26.78,2026-06-26
Sterling Green,20.38,,8.64,-88.16,-99.12,-2.49,2026-06-26
Sterling Powerg.,33.72,17.93,17.75,678.57,2032.5,45.44,2026-06-26
Sterling Tools,250.94,37.95,912.03,-118.05,11.12,7.23,2026-06-26
Sterlite Tech.,613.35,628.63,29941.76,744.4,36.98,7.75,2026-06-26
STL Global,10.21,,28.03,-79.49,-24.8,1.56,2026-06-26
STL Networks,27.25,,1330.01,-122.42,12.38,0.61,2026-06-26
Storage Tech,32.0,,41.09,-170.63,-25.89,-4.46,2026-06-26
Stove Kraft,779.2,61.44,2579.72,317.24,32.44,11.3,2026-06-26
Stovec Inds.,1699.4,59.39,355.17,-35.66,-4.83,7.52,2026-06-26
Stratmont Indus.,61.16,66.52,174.29,-100.0,115.88,11.18,2026-06-26
Striders Impex,55.95,18.57,104.16,-0.48,35.91,16.56,2026-06-26
Strides Pharma,1082.2,17.24,9974.93,28.1,11.18,18.65,2026-06-26
String Metaverse,7.85,9.34,957.63,176.39,133.6,41.56,2026-06-26
Studds Accessor.,480.15,22.86,1889.55,6.08,11.88,22.74,2026-06-26
Studio LSD,9.5,,49.3,-47.47,-21.72,-1.38,2026-06-26
Stylam Industrie,3326.2,37.71,5637.26,30.82,6.66,26.98,2026-06-26
Styrenix Perfor.,2334.4,22.21,4106.21,33.83,-12.09,15.07,2026-06-26
Suba Hotels,117.65,15.84,285.21,7.95,41.6,16.9,2026-06-26
Subam Papers,220.65,56.25,606.33,-152.83,4.81,5.02,2026-06-26
Subex,11.72,20.59,660.64,157.1,3.34,13.07,2026-06-26
Subhash Silk,88.2,,37.4,100.0,-66.67,-6.91,2026-06-26
Subros,835.45,31.79,5450.12,6.77,15.55,19.75,2026-06-26
Sudal Industries,38.06,,31.85,-82.53,12.06,14.83,2026-06-26
Sudarshan Chem.,891.25,417.53,7095.03,203.04,106.75,5.51,2026-06-26
Sudarshan Colorants,364.15,17.42,840.52,-64.46,-4.17,11.41,2026-06-26
Sudarshan Pharma,39.44,40.74,949.16,24.91,36.72,15.13,2026-06-26
Sudeep Pharma,809.2,52.86,9139.8,10.61,15.73,28.07,2026-06-26
Suditi Industrie,79.99,37.45,392.49,-2.75,-14.2,19.98,2026-06-26
Sugal & Damani,58.07,8.79,36.29,-62.58,-25.38,19.34,2026-06-26
Sugs Lloyd,123.5,9.99,286.69,58.95,57.47,29.04,2026-06-26
Sujala Trading &,18.42,,10.54,-95.45,-73.33,-0.1,2026-06-26
Sukhjit Starch,178.64,20.66,558.14,421.07,11.66,7.62,2026-06-26
Sula Vineyards,154.34,48.13,1303.36,-33.31,7.32,7.55,2026-06-26
Sulabh Engineers,2.73,31.53,27.43,-328.57,42.5,4.69,2026-06-26
Sumedha Fiscal,38.44,12.68,30.69,-951.85,71.62,4.91,2026-06-26
Sumeet Industrie,27.2,69.71,1889.72,100.25,9.34,13.23,2026-06-26
Sumeru Industrie,1.62,166.57,11.66,33.33,,0.48,2026-06-26
Sumit Woods,40.1,31.67,191.91,-74.1,-13.88,6.55,2026-06-26
Sumitomo Chemi.,435.3,39.19,21727.81,12.4,1.01,23.46,2026-06-26
Summit Securitie,1524.4,15.88,1661.87,-400.86,16.51,1.52,2026-06-26
Sun Pharma.Inds.,1862.8,35.82,446948.12,13.58,12.76,20.53,2026-06-26
Sun TV Network,513.5,13.55,20236.25,-32.4,-6.3,16.51,2026-06-26
Suncare Traders,0.43,16.62,10.97,-560.0,-46.88,2.15,2026-06-26
Sundaram Brake,815.85,124.9,321.0,465.91,-6.73,4.35,2026-06-26
Sundaram Clayton,1329.1,,2930.16,-44.36,-11.72,-3.07,2026-06-26
Sundaram Finance,4627.1,24.31,51408.87,1.41,13.34,9.45,2026-06-26
Sundaram Multi.,1.35,23.18,63.97,211.58,11.85,3.8,2026-06-26
Sundram Fasten.,929.0,32.34,19520.93,29.71,10.63,17.6,2026-06-26
Sundrex Oil,25.7,6.47,34.42,-16.18,96.29,21.24,2026-06-26
Sundrop Brands,661.75,123.92,2494.59,-65.94,27.21,1.97,2026-06-26
Sunflag Iron,345.15,29.88,6220.27,-20.74,13.31,4.06,2026-06-26
Sungarner Energ.,183.3,11.1,42.5,234.52,124.85,23.45,2026-06-26
Sungold Capital,2.96,136.25,5.45,-25.0,-35.0,0.35,2026-06-26
Sungold Media,10.87,598.0,11.96,,25.81,0.34,2026-06-26
Sunil Agro Foods,84.94,53.15,25.51,340.0,-24.13,9.02,2026-06-26
Sunil Healthcare,67.01,16.72,68.72,355.56,-6.98,6.52,2026-06-26
Sunil Industries,86.5,7.9,36.33,-47.27,88.68,11.41,2026-06-26
Sunita Tools Ltd,698.45,67.38,438.66,103.57,118.19,10.52,2026-06-26
Sunlite Recycli.,440.45,15.15,608.08,257.84,116.13,46.52,2026-06-26
Sunraj Diamond,11.75,,6.26,92.31,-97.83,-1.02,2026-06-26
Sunrakshakk Inds,326.1,28.91,1011.13,87.89,92.32,29.25,2026-06-26
Sunrest Lifescie,35.05,7.3,30.08,,,28.55,2026-06-26
Sunrise Efficie.,59.1,11.4,113.24,-5.4,20.2,15.24,2026-06-26
Sunshield Chem.,1173.15,34.86,1031.77,85.71,-0.58,19.9,2026-06-26
Sunsky Logistics,43.75,19.09,54.4,-12.5,11.83,20.01,2026-06-26
Suntech Infra.,38.2,5.38,73.97,10.62,14.61,16.35,2026-06-26
Sunteck Realty,319.0,22.92,4684.26,26.51,64.54,7.54,2026-06-26
Super Bakers (I),39.5,25.38,11.93,-7.14,,10.65,2026-06-26
Super Crop Safe,10.65,27.67,55.34,70.91,30.8,4.86,2026-06-26
Super Iron,45.5,6.39,106.44,338.44,36.17,8.97,2026-06-26
Super Sales Ind.,825.6,68.5,253.46,14.2,-2.21,2.71,2026-06-26
Super Spinning,5.46,,30.03,46.0,-13.68,2.96,2026-06-26
Super Tannery,7.06,11.33,76.23,46.24,-17.04,8.23,2026-06-26
Superhouse Ltd,159.64,47.83,176.0,-244.94,-11.98,4.15,2026-06-26
Superior Finleas,1.69,101.4,5.07,125.0,10.0,0.12,2026-06-26
Superior Indus.,32.1,32.69,44.46,-102.16,-34.57,2.44,2026-06-26
Supershakti Met.,240.0,9.72,276.61,137.09,-3.44,11.34,2026-06-26
Supertech EV,39.93,12.56,49.35,-96.18,-10.76,14.43,2026-06-26
Supertex Inds.,5.8,41.12,6.58,104.0,-22.39,5.53,2026-06-26
Supra Pacific,33.5,20.89,164.62,288.89,59.25,11.99,2026-06-26
Supra Trends,15.37,,36.36,48.28,2877.78,-7.17,2026-06-26
Suprajit Engg.,468.4,34.29,6425.1,161.05,18.82,15.98,2026-06-26
Supreme Engg.,1.38,,34.49,111.86,45.15,-37.17,2026-06-26
Supreme Facility,23.35,5.19,57.98,97.93,31.24,10.39,2026-06-26
Supreme Holdings,47.63,471.97,184.07,95.27,1223.53,0.11,2026-06-26
Supreme Inds.,3421.9,46.6,43467.32,47.5,16.54,20.73,2026-06-26
Supreme Infra.,71.29,,695.1,86.46,314.27,,2026-06-26
Supreme Petroch.,740.5,42.9,13924.46,59.18,3.12,18.79,2026-06-26
Supreme Power,256.8,31.4,641.77,-3.84,21.62,21.51,2026-06-26
Supriya Lifesci.,928.15,35.66,7470.01,47.34,50.2,25.13,2026-06-26
Suraj,228.53,62.27,419.67,142.57,-26.08,7.11,2026-06-26
Suraj Estate,191.61,10.14,915.39,-41.22,-27.62,14.54,2026-06-26
Suraj Industries,59.84,,138.5,84.8,233.12,1.25,2026-06-26
Suraj Products,228.0,13.79,259.92,64.94,8.87,14.73,2026-06-26
Suraksha Diagno.,271.65,43.95,1414.77,-15.02,25.07,16.97,2026-06-26
Surana Solar,27.13,107.66,133.5,128.17,440.08,3.15,2026-06-26
Surana Telecom,19.06,10.43,258.76,-10.06,400.21,13.35,2026-06-26
Surani Steel Tub,108.8,231.73,169.16,-104.21,-63.8,0.76,2026-06-26
Surat Trade,5.02,10.15,111.48,89.0,519.81,6.32,2026-06-26
Suratwwala Busi.,25.55,11.69,443.08,103.37,171.5,30.85,2026-06-26
Surbhi Industrie,98.9,17.09,34.0,66.04,-2.88,10.63,2026-06-26
Surya Roshni,261.56,19.92,5692.48,-24.44,0.81,15.84,2026-06-26
Suryaamba Spinni,116.2,11.06,34.07,-9.52,-13.81,8.22,2026-06-26
Suryalak. Cott.,62.5,39.84,117.53,-61.24,-2.38,6.36,2026-06-26
Suryalata Spg.,447.1,5.38,190.78,29.93,-14.1,14.05,2026-06-26
Suryavanshi Spg.,16.73,15.2,8.21,-88.33,157.35,15.73,2026-06-26
Suryo Foods,18.85,,13.06,-271.43,,-111.54,2026-06-26
Suryoday Small,171.98,12.03,1827.97,247.19,27.84,7.33,2026-06-26
Susan Electrical,222.5,24.8,452.36,,,37.0,2026-06-26
Sustainable Ener,123.0,29.74,3985.2,23.01,1.77,5.83,2026-06-26
Sutlej Textiles,37.28,,610.75,46.07,2.14,-2.17,2026-06-26
Suven Life Scie.,267.25,,7055.2,-3.78,3.4,-76.92,2026-06-26
Suvidhaa Info.,2.69,,56.44,77.34,-60.0,-28.03,2026-06-26
Suyog Gurbaxani,89.8,37.52,223.26,-104.85,-25.17,9.65,2026-06-26
Suyog Telematics,804.75,15.14,942.94,202.61,5.35,14.42,2026-06-26
Suzlon Energy,57.14,24.62,77896.37,-5.74,44.94,35.07,2026-06-26
Svam Software,6.58,123.44,11.11,86.36,,2.55,2026-06-26
Svaraj Trading,8.0,21.07,11.8,82.61,,1.07,2026-06-26
SVC Industries,2.25,,36.7,17.02,-36.36,-0.56,2026-06-26
SVP Global,3.94,,49.84,70.28,-100.0,-16.15,2026-06-26
SVS Ventures,5.68,11.89,12.13,9900.0,,4.21,2026-06-26
SW Investments,100.0,37.5,9.0,,62.5,3.98,2026-06-26
Swadeshi Inds,84.52,114.99,195.48,82.5,395.77,13.95,2026-06-26
Swadeshi Polytex,37.13,14481.0,144.81,284.0,-100.0,1.33,2026-06-26
Swagtam Trading,72.0,77.91,8.57,162.5,20.0,2.14,2026-06-26
Swan Corp,318.25,36.39,9975.77,1693.84,1.62,3.87,2026-06-26
Swan Defence,2215.6,,11672.26,-588.38,4712.22,-7.55,2026-06-26
Swaraj Engines,3954.0,24.26,4804.06,20.12,20.18,58.38,2026-06-26
Swaraj Suiting,266.8,13.11,703.96,34.57,22.42,17.92,2026-06-26
Swarna Securitie,92.0,44.52,27.6,-84.21,,11.34,2026-06-26
SwarnsaritaJewel,31.38,5.4,65.52,-70.78,49.9,10.65,2026-06-26
Swashthik Plas.,23.5,5.69,45.75,1.6,6.98,9.42,2026-06-26
Swasth Foodtech,18.44,,10.8,106.78,38.16,0.29,2026-06-26
Swasti Vin. Art,3.7,5.73,33.3,189.47,236.39,22.91,2026-06-26
Swasti Vinayaka,3.82,11.27,34.38,145.1,-35.09,16.81,2026-06-26
Swastik Pipe,17.9,,41.58,-396.84,-61.6,-20.6,2026-06-26
Swastika Castal,63.6,15.83,51.92,0.0,9.62,19.61,2026-06-26
Swastika Investm,61.34,9.5,123.28,970.37,-0.66,20.39,2026-06-26
Swati Projects,32.88,4.64,33.21,1584.62,4144.44,62.36,2026-06-26
Swelect Energy,612.5,16.42,928.47,16.19,-7.49,8.52,2026-06-26
Swiggy,240.75,,66454.55,25.99,44.74,-24.06,2026-06-26
Swiss Military,16.5,49.01,389.63,-38.7,7.94,8.18,2026-06-26
Switching Tech.,97.19,,23.81,-192.7,11.76,,2026-06-26
Swojas Foods,9.04,43.31,38.55,-109.26,65.88,8.55,2026-06-26
Sylph Industries,0.26,4.21,32.06,1200.0,13716.67,7.41,2026-06-26
Sylvan Plyboard,50.0,13.47,96.87,-2.85,-1.63,9.87,2026-06-26
Symbiox Investme,1.6,33.4,5.01,103.33,-33.6,0.66,2026-06-26
Symphony,682.1,,4684.08,-198.73,-30.74,20.37,2026-06-26
Syncom Formul.,13.89,17.18,1305.66,40.48,-9.74,26.84,2026-06-26
Synergy Green,583.95,179.37,907.63,-89.58,22.13,9.28,2026-06-26
Syngene Intl.,436.5,46.89,17620.16,-16.84,1.82,10.12,2026-06-26
Synoptics Techno,67.0,13.89,56.82,18.97,39.35,7.22,2026-06-26
Syrma SGS Tech.,1440.5,86.53,27777.23,55.84,58.49,16.73,2026-06-26
Syschem (India),42.75,19.27,210.6,278.26,84.53,15.93,2026-06-26
Systango Tech,231.6,10.66,339.73,-3.28,17.02,32.99,2026-06-26
Systematic Inds.,187.5,19.92,418.71,4.17,6.03,17.45,2026-06-26
Systematix Corp.,62.98,60.64,859.92,-448.48,-20.69,8.49,2026-06-26
Systematix Sec.,11.02,,5.51,100.0,14.29,-0.69,2026-06-26
T & I Global,165.7,12.06,83.97,102.16,55.67,10.54,2026-06-26
T B Z,185.67,6.12,1238.99,612.75,56.74,21.36,2026-06-26
T N Merc. Bank,732.6,8.68,11600.83,28.01,15.56,7.51,2026-06-26
T N Newsprint,144.99,4.05,1003.48,986.35,-4.88,6.4,2026-06-26
T N Petro Prod.,94.0,9.18,845.72,-89.02,-72.62,10.91,2026-06-26
T N Steel Tubes,23.0,196.5,11.79,20.0,26.14,5.25,2026-06-26
T N Telecom.,8.98,,41.02,33.15,,,2026-06-26
T R I L,334.45,37.97,10039.05,-2.55,15.7,23.3,2026-06-26
T T,6.81,606.59,175.91,116.79,-8.64,5.91,2026-06-26
T.V. Today Netw.,124.89,28.77,745.2,14.71,-14.33,4.55,2026-06-26
TAAL Tech,3191.7,17.63,994.64,41.35,27.63,32.73,2026-06-26
TAC Infosec,389.0,36.35,817.92,37.44,53.48,38.14,2026-06-26
Tacent Projects,49.14,1725.0,17.25,40.0,-97.0,10.53,2026-06-26
Tahmar Enterp.,4.98,,77.58,-84.54,-3.03,-2.39,2026-06-26
Tai Industries,25.09,150.5,15.05,0.0,2.94,0.83,2026-06-26
Tainwala Chem.,197.89,17.17,185.23,29.09,-74.95,8.18,2026-06-26
TajGVK Hotels,333.0,13.55,2087.96,36.09,27.06,13.25,2026-06-26
Take Solutions,28.02,97.3,414.51,1353.33,,18.51,2026-06-26
Takyon Networks,21.66,8.5,31.02,,,11.66,2026-06-26
Talbros Auto.,406.5,24.1,2509.25,18.96,14.91,18.56,2026-06-26
Talbros Engg.,710.1,12.36,360.48,79.51,15.03,16.79,2026-06-26
Tamboli Industri,225.61,21.84,223.81,63.35,14.9,11.82,2026-06-26
Tandhan Industries,143.8,,715.73,-140.0,,-0.32,2026-06-26
Taneja Aerospace,296.25,44.62,755.45,-16.5,-6.79,15.6,2026-06-26
Tanfac Inds.,2410.1,68.55,4808.15,-20.67,12.29,23.66,2026-06-26
Tankup Engi.,980.0,108.56,518.91,174.0,162.73,18.95,2026-06-26
Tanla Platforms,520.05,13.55,6896.77,14.48,14.95,26.22,2026-06-26
Tanvi Foods,59.23,35.34,75.98,745.0,31.76,5.6,2026-06-26
Taparia Tools,33.64,0.34,51.06,24.69,9.85,49.98,2026-06-26
Tapi Fruit,49.0,,21.07,1.2,60.84,-5.97,2026-06-26
Tara Chand Infra,57.12,16.24,450.25,9.03,9.7,18.25,2026-06-26
Tarai Foods,5.29,,9.38,58.33,,,2026-06-26
Tarapur Trans,18.48,,36.04,94.74,,5.72,2026-06-26
TARC Ltd,123.77,191.53,3652.41,101.55,1665.65,2.26,2026-06-26
Tarini Internat.,9.6,7.56,12.48,17.86,11.61,1.57,2026-06-26
Tarmat,50.9,20.45,127.58,419.3,12.36,3.57,2026-06-26
Tarsons Products,259.03,91.51,1378.2,-60.59,7.31,4.56,2026-06-26
Tasty Bite Eat.,8478.0,61.06,2175.45,-2.91,-11.99,13.9,2026-06-26
Tasty Dairy,4.71,,9.62,95.63,-100.0,-5.36,2026-06-26
Tata Capital,363.65,31.64,154364.66,42.82,9.12,8.58,2026-06-26
Tata Chemicals,746.2,70.15,19010.19,-1619.44,-2.02,3.42,2026-06-26
Tata Comm,1991.9,53.83,56772.49,-14.46,9.41,14.63,2026-06-26
Tata Consumer,1131.3,72.89,111958.57,34.33,17.91,9.24,2026-06-26
Tata Elxsi,4028.3,36.06,25094.97,27.8,9.4,30.0,2026-06-26
Tata Inv.Corpn.,678.85,79.2,34346.62,69.22,143.34,1.57,2026-06-26
Tata Motors,431.9,40.18,159039.89,34.91,19.37,35.9,2026-06-26
Tata Motors PVeh,353.2,1.51,130068.83,-24.63,7.19,2.73,2026-06-26
Tata Power Co.,388.95,32.31,124282.73,1.65,-12.84,10.53,2026-06-26
Tata Steel,188.71,20.82,235576.64,116.55,12.54,12.52,2026-06-26
Tata Technolog.,748.35,49.56,30386.89,-8.66,22.29,20.9,2026-06-26
Tata Tele. Mah.,42.78,,8363.18,73.28,-4.13,55.65,2026-06-26
Tatia Global,2.38,6.34,36.09,-87.5,-47.37,16.62,2026-06-26
Tatva Chintan,1180.7,65.68,2761.9,901.94,24.36,7.14,2026-06-26
Taurian MPS,313.0,17.15,278.04,122.74,54.8,29.74,2026-06-26
Taylormade Renew,90.22,61.46,111.85,-47.1,7.77,3.39,2026-06-26
TBI Corn,64.75,6.4,117.58,32.52,41.68,18.26,2026-06-26
TBO Tek,1460.8,65.46,15862.5,16.86,82.54,18.0,2026-06-26
TCC Concept,329.25,24.82,1564.86,70.89,160.38,5.65,2026-06-26
TCFC Finance,23.56,,24.69,-82.24,-118.01,-3.17,2026-06-26
TCI Express,533.35,24.66,2049.08,-9.5,6.77,13.86,2026-06-26
TCI Finance,18.53,,23.85,-97.57,,,2026-06-26
TCI Industries,1425.0,261.73,128.25,134.88,60.91,4.33,2026-06-26
TCM,44.27,,33.1,-140.94,-35.69,-9.58,2026-06-26
TCPL Packaging,2997.3,25.61,2727.54,-36.69,6.45,17.92,2026-06-26
TCS,2094.7,14.48,757880.79,12.22,9.65,63.03,2026-06-26
TD Power Systems,1255.1,82.12,19608.23,36.16,69.21,33.43,2026-06-26
Team India Guar.,236.0,294.67,212.16,-195.83,59.18,2.89,2026-06-26
Team Lease Serv.,1450.2,16.81,2431.83,25.6,2.34,15.36,2026-06-26
Team24 Consumer,28.5,235.81,73.1,40.0,382.61,2.39,2026-06-26
Teamo Production,0.48,526.2,52.62,-4900.0,-3.98,0.35,2026-06-26
Teamtech Formwork,102.85,26.6,308.3,,,41.17,2026-06-26
Tech Mahindra,1437.1,28.17,140844.13,16.04,12.64,23.14,2026-06-26
TechD Cybersec.,605.95,32.28,453.23,149.84,98.76,40.88,2026-06-26
Techera Enginee.,168.25,123.54,277.96,-86.14,-24.21,7.59,2026-06-26
Techknowgreen,142.0,10.76,104.83,75.39,24.76,28.1,2026-06-26
Technichem Org.,48.06,30.61,83.25,-20.86,-5.75,6.32,2026-06-26
Techno Elec.Engg,1087.1,28.18,12642.93,-14.96,23.81,14.85,2026-06-26
Technocraf.Inds.,2559.0,20.34,5801.97,15.33,1.34,16.1,2026-06-26
Technopack Poly.,12.5,11.16,13.5,-6.9,-44.03,7.81,2026-06-26
Technvision Ven.,4900.0,13987.27,3077.2,-410.84,70.55,12.87,2026-06-26
TECIL Chemical,10.35,,19.62,-60.0,,,2026-06-26
Teerth Gopicon,16.75,,20.1,-300.95,-98.76,27.59,2026-06-26
Teesta Agro Ind.,108.7,7.41,60.98,-15.63,-17.24,8.88,2026-06-26
Tega Inds.,1730.2,91.12,12998.59,-58.13,-1.74,8.09,2026-06-26
Tejas Cargo,390.0,44.63,931.82,-19.92,31.48,12.13,2026-06-26
Tejas Networks,622.75,,11075.67,-194.35,-82.55,-14.64,2026-06-26
Tejassvi Aaharam,44.62,,31.23,-110.53,46.04,-78.79,2026-06-26
Tejnaksh Health.,15.31,25.28,31.1,-29.41,-20.56,6.28,2026-06-26
TeleCanor Global,19.07,4.4,31.45,2364.29,,16.44,2026-06-26
Telge Projects,150.25,24.76,147.1,-19.36,13.75,23.85,2026-06-26
Telogica,9.5,43.4,62.06,100.0,89.45,7.78,2026-06-26
Tembo Global,554.35,11.26,1028.05,83.56,26.27,22.84,2026-06-26
Tenneco Clean,578.8,37.47,23360.62,18.87,17.09,60.76,2026-06-26
Tera Software,408.55,20.61,511.17,144.75,122.71,24.37,2026-06-26
Terai Tea Co,129.0,17.13,88.74,115.9,79.72,3.87,2026-06-26
Texel Industries,70.96,22.17,99.99,-146.57,-37.94,10.42,2026-06-26
Texmaco Infrast.,110.23,128.51,1404.62,-46.02,31.23,1.45,2026-06-26
Texmaco Rail,110.0,22.68,4475.51,45.21,-13.32,11.38,2026-06-26
Texmo Pipes,46.18,9.6,134.82,-73.74,-1.17,9.19,2026-06-26
TGB Banquets,8.93,18.29,26.15,-58.24,-10.01,3.14,2026-06-26
TGIF Agribusines,95.0,12.17,24.58,24.68,7.43,17.84,2026-06-26
TGV Sraac,102.75,8.33,1100.35,28.87,4.99,12.67,2026-06-26
Thaai,100.0,19.09,243.41,15.85,21.21,13.08,2026-06-26
Thacker & Co.,1153.0,6.54,125.41,-24.09,-33.33,2.3,2026-06-26
Thakkers Develp.,135.0,23.78,121.5,-154.97,-22.65,4.55,2026-06-26
Thakral Services,13.8,,16.19,,266.67,,2026-06-26
Thangamayil Jew.,5594.2,49.2,17387.9,354.33,105.63,25.49,2026-06-26
The Anup Enginee,2297.9,41.27,4603.03,-15.85,-6.24,20.68,2026-06-26
The Bombay Burmah,1556.7,8.99,10861.39,39.72,6.62,33.0,2026-06-26
The Byke Hospi.,33.64,26.25,175.87,118.18,3.92,5.72,2026-06-26
The Hi-Tech Gear,641.65,57.54,1207.17,-16.56,6.39,6.92,2026-06-26
The Invest.Trust,98.76,17.54,515.94,6.78,-43.48,8.54,2026-06-26
The Peria Karamalai Tea,764.65,,236.73,-190.8,21.36,0.27,2026-06-26
The Ramco Cement,919.1,83.76,21717.63,307.09,8.89,6.12,2026-06-26
The Ravalgaon,954.75,,32.46,-3800.0,,-16.7,2026-06-26
Thejo Engg.,1822.2,38.58,1976.57,4.07,18.26,19.4,2026-06-26
Themis Medicare,114.33,638.17,1052.98,192.03,6.74,2.74,2026-06-26
Thermax,4828.8,85.02,57538.19,17.86,12.53,14.88,2026-06-26
Thinking Hats,13.0,13.09,16.23,-80.08,-61.15,5.96,2026-06-26
Thinkink Picture,0.19,19.87,27.02,124.36,-99.61,1.16,2026-06-26
Thirani Projects,3.92,16.85,7.92,-88.24,16.67,5.92,2026-06-26
Thirumalai Chem.,162.24,,1955.85,-42.39,-18.89,-3.14,2026-06-26
Thomas Cook (I),111.5,23.54,5244.74,-40.92,-10.07,14.83,2026-06-26
Thomas Scott,320.8,23.21,470.63,63.22,63.4,20.54,2026-06-26
Three M Paper,27.0,7.24,51.94,-4.4,10.25,7.41,2026-06-26
Thrive Future Habitats,97.9,,110.82,-261.11,-28.79,-3.66,2026-06-26
Thyrocare Tech.,517.2,51.19,8232.03,117.14,19.66,35.38,2026-06-26
Tierra Agrotech,37.02,,242.83,74.7,345.88,-6.53,2026-06-26
Tiger Logistics,37.95,18.64,401.23,-65.53,41.97,17.62,2026-06-26
Tijaria Polypipe,4.25,,12.17,-1400.0,,-1.88,2026-06-26
TIL,207.37,,1709.64,-144.98,7.21,2.6,2026-06-26
Tilak Ventures,1.24,17.23,165.8,151.63,120.09,7.35,2026-06-26
Tilaknagar Inds.,433.8,42.46,10735.42,-38.42,147.52,11.78,2026-06-26
Time Technoplast,182.08,19.18,8988.11,20.38,14.16,16.71,2026-06-26
Times Green Ener,64.0,162.18,35.68,-72.73,-56.6,1.74,2026-06-26
Timescan Logist.,42.0,4.64,29.35,9.34,24.39,25.91,2026-06-26
Timex Group,507.5,64.63,5123.21,212.12,73.69,92.77,2026-06-26
Timken India,3653.7,68.99,27482.67,-17.15,14.19,18.26,2026-06-26
Tinna Rubber,926.15,31.57,1668.53,31.19,21.64,22.31,2026-06-26
TIPCO Engineering,190.8,15.66,396.25,156.99,65.51,36.23,2026-06-26
Tips Films,330.95,,143.07,89.39,-96.09,-6.69,2026-06-26
Tips Music,637.85,37.62,8153.74,92.94,32.41,122.19,2026-06-26
Tirth Plastic,27.1,31.74,12.06,1500.0,,17.69,2026-06-26
Tirupati Foam,57.5,13.2,25.34,-17.74,-12.08,8.82,2026-06-26
Tirupati Forge,48.36,97.2,612.38,16.92,52.4,7.53,2026-06-26
Tirupati Innovar,9.79,106.77,69.4,-369.12,566.06,1.44,2026-06-26
Tirupati Sarjan,8.78,6.11,28.97,0.74,2.77,7.76,2026-06-26
Tirupati Starch,124.85,18.19,119.72,60.13,-7.84,10.26,2026-06-26
Titaanium Ten,23.71,4.94,15.95,-18.06,17.81,15.91,2026-06-26
Titagarh Rail,888.45,74.88,11965.09,279.56,-12.94,10.6,2026-06-26
Titan Biotech,397.05,54.89,1640.55,66.17,38.84,22.76,2026-06-26
Titan Company,4291.3,74.0,380975.67,31.0,80.48,25.8,2026-06-26
Titan Intech,0.97,16.36,91.3,-1.92,59.0,5.87,2026-06-26
Titan Securities,42.46,8.53,106.23,97.87,5.64,1.14,2026-06-26
Tokyo Finance,20.1,82.41,14.01,-73.91,10.53,1.46,2026-06-26
Tokyo Plast Intl,83.16,125.4,79.0,-91.67,33.33,3.94,2026-06-26
Tolins Tyres,106.06,11.74,419.03,-3.66,12.17,13.01,2026-06-26
Tomorrow Tech.,8.43,,96.78,23.08,-66.67,-3.39,2026-06-26
Torrent Pharma.,4516.2,69.74,152848.73,-20.58,41.84,15.19,2026-06-26
Torrent Power,1413.7,29.48,71236.84,-69.97,-0.78,14.0,2026-06-26
Toss The Coin,245.2,17.16,46.34,1311.11,82.05,26.55,2026-06-26
Total Transport,50.34,10.41,81.18,-93.97,-1.0,11.69,2026-06-26
Touchwood Enter.,69.04,18.0,76.5,-50.0,12.03,13.39,2026-06-26
Tour. Fin. Corp.,78.44,29.42,3631.59,6.03,8.6,11.13,2026-06-26
Toyam Sports,0.72,,41.6,31.15,-100.0,-3.64,2026-06-26
TPI India,16.24,28.02,69.77,648.0,21.76,128.93,2026-06-26
TPL Plastech,71.89,19.29,560.76,18.01,23.75,22.28,2026-06-26
Tracxn Technolo.,30.44,,325.39,69.39,-3.07,-0.98,2026-06-26
Trade-Wings,623.15,78.22,186.95,-12.68,7.88,49.96,2026-06-26
Tradewell Hold,40.62,9.6,12.19,-175.0,168.42,12.05,2026-06-26
Trans Freight,21.48,11.01,15.64,-43.4,,3.66,2026-06-26
Trans India,4.17,15.35,29.63,537.04,144.78,6.17,2026-06-26
Transchem,356.15,101.38,435.93,186.3,-100.0,6.89,2026-06-26
Transcorp Intl.,27.09,10.34,86.73,132.74,-22.31,15.11,2026-06-26
Transgene Biotek,3.11,,23.56,35.21,-37.5,-2.36,2026-06-26
Transglobe Foods,526.0,,7.62,-7.69,0.0,5.88,2026-06-26
TransIndia Real,26.56,17.6,652.57,61.63,7.79,3.81,2026-06-26
Transpact Enter.,190.0,81.67,7.35,-20.0,12.5,14.04,2026-06-26
Transpek Inds.,1009.5,12.35,563.86,-65.82,-10.31,8.31,2026-06-26
Transport Corp.,928.65,15.62,7126.81,8.23,12.3,19.54,2026-06-26
Transrail Light,511.95,16.52,6873.24,-23.76,-4.24,29.18,2026-06-26
Transteel Seatin,122.6,12.15,270.85,52.43,12.95,21.02,2026-06-26
Transvoy Logist.,93.7,14.26,24.95,-61.81,67.48,10.97,2026-06-26
Transwar.Fin.,12.1,,66.69,-58.7,16.05,-0.38,2026-06-26
Transwind Infra.,13.2,11.74,10.1,26.09,-35.2,7.39,2026-06-26
Transworld Shipp,171.24,,376.04,-494.17,-12.82,-4.56,2026-06-26
Tranway21 Tech.,5.62,66.22,5.96,-214.29,-16.99,1.41,2026-06-26
Travel Food,1334.1,39.83,17567.36,17.45,25.67,42.37,2026-06-26
Travels & Rent.,10.39,7.3,22.19,-10.34,-10.23,24.13,2026-06-26
Tree House Edu.,6.59,,27.88,-1075.32,-67.02,-6.97,2026-06-26
Trejhara Solutio,141.97,38.75,342.39,258.14,6.7,4.28,2026-06-26
Trent,3216.2,99.35,171498.17,25.83,19.23,28.34,2026-06-26
Trescon,8.8,,63.79,-2250.0,40.96,0.94,2026-06-26
TRF,246.37,39.16,271.01,-296.31,-28.48,10.54,2026-06-26
Trident,26.45,35.74,13478.8,-23.47,-12.43,9.86,2026-06-26
Trident Lifeline,257.8,16.16,307.63,51.93,52.48,20.56,2026-06-26
Trident Techlabs,116.05,33.04,200.55,-166.04,-39.21,16.37,2026-06-26
Trident Texofab,39.56,44.94,59.32,-311.11,-12.14,6.32,2026-06-26
Tridhya Tech,11.75,40.24,27.36,175.2,0.42,5.65,2026-06-26
Trigyn Techno.,52.17,76.12,160.61,-77.35,5.13,2.29,2026-06-26
Triliance Poly,48.4,107.52,24.73,-71.43,,6.39,2026-06-26
Trinity League,10.98,,8.69,-61.9,-30.77,-5.78,2026-06-26
Trio Merc. Trad.,2.0,1359.0,13.59,100.0,1487.5,0.53,2026-06-26
Trishakti Indus,146.65,31.54,241.63,50.28,314.09,14.17,2026-06-26
Triton Valves,1111.75,53.32,569.45,634.69,11.9,11.41,2026-06-26
Triumph Intl.,17.67,3.39,13.25,-41.45,,8.58,2026-06-26
Triven.Engg.Ind.,409.8,32.36,9030.48,-11.83,-7.45,8.99,2026-06-26
Triveni Enterpri,1.03,42.14,5.9,155.56,-100.0,1.77,2026-06-26
Triveni Glass,6.48,,8.18,-92.86,,-20.39,2026-06-26
Triveni Turbine,669.35,58.9,21278.3,8.52,26.32,35.86,2026-06-26
Trom Industries,63.25,8.4,58.16,429.17,76.87,16.19,2026-06-26
TruAlt Bioenergy,467.65,41.79,4010.22,-46.39,-34.34,10.44,2026-06-26
TruCap Finance,5.37,,63.83,74.85,-58.95,-14.42,2026-06-26
True Colors,163.0,12.9,401.87,-24.13,6.86,25.22,2026-06-26
True Green,196.0,20.62,645.96,2223.7,6077.92,13.89,2026-06-26
Trust Fintech,31.75,9.2,75.65,-5.3,47.56,10.21,2026-06-26
Trustedgecapital,134.15,225.07,123.79,320.69,729.63,0.91,2026-06-26
TSC India,28.0,11.02,40.65,-73.91,-7.04,12.77,2026-06-26
Tsf Investments,396.75,16.89,8811.97,50.36,502.98,4.13,2026-06-26
TTI Enterprise,8.95,,22.74,-147.31,-50.72,-3.79,2026-06-26
TTK Healthcare,922.75,18.92,1303.88,-6.44,14.51,8.04,2026-06-26
TTK Prestige,570.55,43.53,7813.74,212.18,12.26,12.48,2026-06-26
Tube Investments,3054.0,89.76,59115.76,81.73,20.68,16.96,2026-06-26
Tulasee Bio-Eth.,61.94,,36.5,0.0,,-4.19,2026-06-26
Tulive Developer,1170.0,,252.06,-27.27,,-2.53,2026-06-26
Tulsyan NEC,30.2,,49.71,53.72,-22.91,1.57,2026-06-26
Tuni Text. Mills,1.05,61.87,58.16,-200.0,2.53,10.61,2026-06-26
Tunwal E-Motors,27.2,12.33,156.92,-34.72,27.15,13.28,2026-06-26
Turtlemint Fintech,,,4698.03,,,-36.54,2026-06-26
Tusaldah,159.95,,37.48,,1060.0,-29.05,2026-06-26
Tuticorin Alkali,51.39,17.1,626.11,10.77,3.14,21.99,2026-06-26
TV Vision,5.17,,20.03,-69.08,-98.35,,2026-06-26
TVS Elec.,501.5,779.42,935.31,600.0,2.45,5.74,2026-06-26
TVS Holdings,13518.0,15.97,27349.76,52.43,32.09,16.98,2026-06-26
TVS Infra. Trust,116.0,67.44,2287.52,,,,2026-06-26
TVS Motor Co.,3569.7,55.61,169591.85,20.91,30.42,17.42,2026-06-26
TVS Srichakra,4137.9,45.37,3169.63,169.7,19.86,7.54,2026-06-26
TVS Supply,131.49,31.2,5801.08,543.4,21.35,9.88,2026-06-26
Twamev Constr.,17.06,38.16,264.43,-98.3,-54.74,1.17,2026-06-26
Twinkle Papers,,30.39,104.54,,,16.87,2026-06-26
Tyche Industries,126.9,18.74,130.07,22.34,30.96,6.83,2026-06-26
Typhoon Fin Ser,37.01,138.88,11.11,200.0,25.0,1.62,2026-06-26
Tyroon Tea Co.,90.01,,30.6,14.03,-42.01,-6.07,2026-06-26
U P Hotels,1430.0,23.95,772.2,17.5,3.23,21.87,2026-06-26
U. H. Zaveri,12.34,754.8,37.74,,124.43,0.25,2026-06-26
U. Y. Fincorp,14.02,5.52,266.71,1500.0,359.76,18.49,2026-06-26
Ucal,121.8,,269.3,100.58,17.38,3.32,2026-06-26
UCO Bank,27.16,12.31,34057.44,22.79,-1.31,5.55,2026-06-26
Uday Jewellery,150.0,14.28,510.79,488.95,112.85,22.39,2026-06-26
Udayshivakumar,23.46,78.23,129.87,313.6,-57.29,3.72,2026-06-26
Uflex,426.45,9.27,3079.46,76.44,6.34,6.97,2026-06-26
UFO Moviez,72.14,11.24,280.08,730.99,43.19,12.18,2026-06-26
Ugar Sugar Works,38.6,31.91,434.25,-10.42,-23.78,9.0,2026-06-26
Ugro Capital,98.04,8.71,1522.45,,,,2026-06-26
UHM Vacation,70.7,6.58,46.99,,,45.9,2026-06-26
Ujaas Energy,132.93,561.16,1773.26,40.0,-27.41,4.48,2026-06-26
Ujjivan Small,56.14,15.77,10920.67,238.13,19.39,7.74,2026-06-26
Ultra Wiring,107.1,16.79,55.73,0.0,13.56,18.25,2026-06-26
Ultracab India,7.29,16.01,89.64,-43.75,9.53,8.46,2026-06-26
Ultramarine Pig.,375.5,13.89,1096.46,-8.58,2.02,10.72,2026-06-26
UltraTech Cem.,11489.0,40.94,338556.9,20.14,11.86,12.78,2026-06-26
Uma Converter,18.4,11.77,37.3,150.0,14.16,7.19,2026-06-26
Uma Exports,22.01,88.6,74.42,106.93,-42.48,9.25,2026-06-26
Umiya Buildcon,91.08,4.24,170.18,47.37,63.12,29.1,2026-06-26
Umiya Mobile,50.0,7.74,71.1,167.82,52.56,30.97,2026-06-26
Umiya Tubes,34.08,15.77,44.16,310.64,,14.19,2026-06-26
Uni Abex Alloy,5113.45,21.42,1009.91,75.47,29.53,19.25,2026-06-26
Unichem Labs.,433.0,38.94,3048.57,-65.85,-2.05,3.99,2026-06-26
Unick Fix-A-Form,48.5,31.29,26.6,-121.15,9.55,6.35,2026-06-26
Unicommerce,89.48,49.15,1005.57,1.19,14.05,21.09,2026-06-26
Unified Data,384.0,18.93,771.46,94.05,21.47,45.25,2026-06-26
Unifinz Capital,101.99,5.18,451.49,160.43,234.97,55.21,2026-06-26
Unihealth Hosp,575.0,35.39,914.25,18.98,17.06,27.39,2026-06-26
Uniinfo Telecom,11.88,,12.7,-430.0,63.58,-0.99,2026-06-26
Unilex Colour &C,27.85,4.63,37.92,,,,2026-06-26
Unimech Aero.,1135.4,91.25,5774.29,-10.62,19.64,11.85,2026-06-26
Union Bank (I),174.71,6.87,133366.72,9.83,-4.28,6.3,2026-06-26
Union Qual. Pla.,16.5,,11.43,-101.28,,-4.01,2026-06-26
Uniparts India,651.85,18.28,2942.65,124.05,34.07,21.6,2026-06-26
Uniphos Enter.,108.69,36.5,755.94,55.7,-64.14,0.8,2026-06-26
Unipro Technolgy,18.09,,11.01,68.97,,-27.18,2026-06-26
Unique Organics,83.4,6.17,49.65,2433.33,68.08,27.33,2026-06-26
Uniroyal Ind,20.39,,16.86,-200.0,-1.12,1.59,2026-06-26
Uniroyal Marine,15.0,36.0,9.72,-99.06,126.53,9.85,2026-06-26
Unisem Agritech,51.0,10.9,57.79,,,44.47,2026-06-26
Unison Metals,0.79,3.21,23.4,-67.98,-27.22,13.06,2026-06-26
Unitech,4.77,,1247.98,-42.3,29.17,,2026-06-26
United Breweries,1328.8,93.95,35134.16,-58.32,-3.14,10.68,2026-06-26
United Cotfab,15.98,7.34,27.47,36.73,26.56,8.84,2026-06-26
United Credit,27.86,17.26,14.84,340.0,2.47,3.62,2026-06-26
United Drilling,218.72,23.67,444.07,19.74,42.24,10.45,2026-06-26
United Foodbrands,690.85,,2700.28,33.71,23.1,1.52,2026-06-26
United Heat,120.8,45.82,229.57,86.16,33.92,11.84,2026-06-26
United Interacti,72.78,31.71,13.32,-121.43,-100.0,2.1,2026-06-26
United Leasing,34.2,114.0,10.26,94.44,-40.17,4.18,2026-06-26
United Nilgiri,477.85,10.88,238.76,-4.44,-13.79,11.28,2026-06-26
United Polyfab,32.03,30.27,735.14,81.03,12.12,17.75,2026-06-26
United Spirits,1384.9,55.16,100730.82,30.08,3.67,27.49,2026-06-26
United Van Der,35.4,46.76,244.08,-63.27,-32.88,12.83,2026-06-26
Univa Foods,8.57,,12.27,244.44,,-236.36,2026-06-26
Univastu India,85.15,13.15,306.43,264.41,174.22,29.96,2026-06-26
Universal Auto.,50.89,,63.28,-164.32,15.4,-0.17,2026-06-26
Universal Cables,1216.1,25.87,4219.31,11.33,24.66,11.68,2026-06-26
Universal Starch,208.0,6.66,87.36,227.55,10.29,18.45,2026-06-26
Universus Photo,366.0,,400.65,37.88,3.8,-9.34,2026-06-26
Unjha Formul.,19.0,12.16,8.51,-80.49,36.48,27.79,2026-06-26
Uno Minda,1136.5,53.93,65629.15,22.39,17.85,19.7,2026-06-26
Updater Services,181.27,13.6,1213.66,-18.58,4.77,9.98,2026-06-26
UPL,590.5,26.37,49832.59,-0.46,17.74,10.17,2026-06-26
Upsurge Invest.,58.55,39.74,128.35,-2109.68,-93.36,5.25,2026-06-26
Upsurge Seeds,93.0,12.54,93.79,-16.41,-26.06,11.0,2026-06-26
UR Sugar,2.63,31.39,13.81,-50.0,,3.27,2026-06-26
Uravi Defence &,113.83,238.42,129.77,-59.85,8.23,3.69,2026-06-26
Urban Company,129.83,,20022.13,-5574.65,42.59,-7.82,2026-06-26
Urban Enviro,131.45,7.65,113.84,120.15,38.16,33.15,2026-06-26
Urja Global,9.93,389.39,521.78,66.67,2.33,1.27,2026-06-26
USG Tech,12.01,,47.34,11.11,,-0.48,2026-06-26
Usha Financial,33.45,6.47,145.42,568.37,4.07,13.46,2026-06-26
Usha Mart. Edu.,5.58,35.95,14.74,69.23,166.67,5.23,2026-06-26
Usha Martin,473.1,28.62,14417.33,56.0,9.28,20.18,2026-06-26
Ushakiran Fin.,34.9,,8.86,-50.0,20.0,0.13,2026-06-26
Ushanti Colour,185.9,,258.15,467.31,264.75,1.29,2026-06-26
UTI AMC,938.2,25.68,12058.25,-176.38,3.82,15.78,2026-06-26
Utique Enterp.,4.11,12.17,22.88,-176.4,-100.0,3.98,2026-06-26
Utkal Speciality,46.25,13.52,90.34,,,27.96,2026-06-26
Utkarsh Small F.,14.52,,2583.87,-6430.64,-4.87,1.46,2026-06-26
UTL Industries,1.66,91.17,5.47,25.0,50.0,1.44,2026-06-26
Utssav CZ Gold,429.65,17.57,1037.52,95.13,87.81,28.82,2026-06-26
Uttam Sug.Mills,227.31,8.69,866.92,-22.6,-17.92,11.71,2026-06-26
UVS Hospitality,86.5,20.5,329.85,-39.74,23.51,9.49,2026-06-26
V B Desai Fin.,17.8,9.26,8.06,5.0,-12.68,9.29,2026-06-26
V B Industries,7.4,69.29,9.7,-172.73,1411.63,0.21,2026-06-26
V I P Inds.,312.45,,4438.41,-316.17,-11.73,-28.89,2026-06-26
V R Films & Stud,13.8,15.62,15.15,103.64,29.71,12.73,2026-06-26
V R Infraspace,119.1,26.98,105.76,151.82,200.76,19.2,2026-06-26
V-Guard Industri,306.2,48.69,13377.6,22.15,13.99,17.03,2026-06-26
V-Marc India,1580.5,38.57,3859.69,157.3,97.52,41.38,2026-06-26
V-Mart Retail,762.1,48.52,6062.35,143.74,24.46,13.22,2026-06-26
V.L.Infraproject,27.2,5.08,42.74,26.8,26.47,22.41,2026-06-26
V2 Retail,221.23,53.84,8066.88,206.0,60.11,19.06,2026-06-26
Va Tech Wabag,2110.8,35.17,13153.59,28.94,22.33,21.33,2026-06-26
Vaarad Ventures,10.1,,252.4,-233.33,-100.0,-0.85,2026-06-26
Vadilal Enterp.,9801.0,80.66,842.89,51.83,30.16,27.08,2026-06-26
Vadilal Inds.,6377.1,29.56,4585.13,149.36,51.21,22.23,2026-06-26
Vadivarhe Speci.,30.2,,38.6,132.56,22.61,-2.05,2026-06-26
Vahh Chemicals,60.55,10.46,50.29,,,36.88,2026-06-26
Vaibhav Global,232.9,14.65,3897.63,167.05,9.99,16.29,2026-06-26
Vaidya Sane,175.0,20.47,183.99,-0.24,18.37,15.14,2026-06-26
Vaishali Pharma,7.29,22.86,95.11,,,,2026-06-26
Vakrangee,6.15,59.27,666.16,-17.32,-10.19,7.51,2026-06-26
Valencia India,17.68,10.45,22.98,38.2,47.23,9.23,2026-06-26
Valencia Nutrit.,63.4,115.4,125.79,-81.22,-39.54,2.56,2026-06-26
Valiant Commun.,1049.7,50.76,1227.32,92.89,50.37,39.73,2026-06-26
Valiant Laborato,68.0,,369.33,151.43,59.16,0.75,2026-06-26
Valiant Organics,284.9,26.51,798.71,281.82,6.82,6.21,2026-06-26
Vallabh Steels,10.5,,5.2,21.62,,-4.94,2026-06-26
Valor Estate,112.96,,6127.03,-370.87,-83.82,1.55,2026-06-26
Valplast Technol,39.01,8.23,76.57,75.15,93.72,23.41,2026-06-26
Valson Industrie,38.79,61.92,29.72,-53.85,-13.21,3.57,2026-06-26
Value 360 Commu.,85.0,13.82,136.77,131.34,16.97,38.59,2026-06-26
Vama Industries,3.66,,19.23,-132.84,49.66,-5.41,2026-06-26
Vamshi Rubber,41.07,25.81,17.29,111.11,-8.55,7.72,2026-06-26
Vandan Foods,23.79,15.11,19.95,-158.97,197.69,6.71,2026-06-26
Vani Commercials,8.54,69.75,25.11,-25.0,15400.0,5.01,2026-06-26
Vanta Bioscience,24.09,155.73,17.13,240.88,357.58,1.19,2026-06-26
Vantage Knowledg,0.93,264.67,31.76,43.4,-88.75,0.62,2026-06-26
Vapi Enterprise,105.39,16.24,24.03,13.89,3.33,5.32,2026-06-26
Vardhman Acrylic,44.6,13.15,358.42,695.41,15.8,11.77,2026-06-26
Vardhman Hold.,3562.4,5.26,1136.41,-23.1,-85.0,6.28,2026-06-26
Vardhman Polytex,6.97,43.84,336.66,-11.11,-20.14,,2026-06-26
Vardhman Special,282.9,22.42,2735.24,72.23,6.98,15.38,2026-06-26
Vardhman Textile,634.3,24.64,18361.45,-22.17,-0.42,8.86,2026-06-26
Variman Global,4.2,24.53,81.93,107.69,106.33,10.34,2026-06-26
Varroc Engineer,611.65,36.82,9345.18,40.48,12.81,19.03,2026-06-26
Varun Beverages,507.65,53.95,171702.26,20.08,18.09,19.71,2026-06-26
Varvee Global,66.03,27.33,340.24,-222.32,211.73,18.9,2026-06-26
Varyaa Creations,28.95,26.67,13.87,30.0,58.49,5.07,2026-06-26
Vas Infra.,9.25,42.39,13.99,490.0,,,2026-06-26
Vasa Denticity,373.35,60.07,647.52,-68.52,-0.54,9.21,2026-06-26
Vascon Engineers,34.73,16.46,804.68,-83.01,-34.62,5.92,2026-06-26
Vashishtha Lux.,62.73,7.95,14.78,-24.55,23.96,25.5,2026-06-26
Vashu Bhagnani,78.38,158.63,501.27,-393.67,-48.44,2.54,2026-06-26
Vasundhara Rasy.,174.0,14.55,55.3,-50.34,-15.53,16.56,2026-06-26
Vaswani Industri,53.5,41.57,176.26,22.78,24.69,8.76,2026-06-26
Vaxfab Enterp.,60.53,,154.16,-150.55,-65.79,,2026-06-26
Vaxtex Cotfab,1.32,4.39,24.26,-40.15,-100.0,17.95,2026-06-26
VCU Data Managem,8.02,207.17,12.43,119.05,,0.27,2026-06-26
Vdeal System,168.4,19.8,82.36,5.11,16.43,17.18,2026-06-26
Vedant Asset,70.52,48.68,19.47,500.0,39.58,9.23,2026-06-26
Vedant Fashions,412.6,26.7,10025.24,13.05,8.71,23.55,2026-06-26
Vedanta,273.45,6.17,106929.56,70.89,47.48,16.08,2026-06-26
Vedanta Aluminium Metal,442.82,,173159.8,,,,2026-06-26
Vedanta Iron & Steel,30.88,,12075.28,,,,2026-06-26
Vedanta Oil and Gas,33.35,,13041.14,,,-49.18,2026-06-26
Vedanta Power,42.42,27.24,16587.87,21353.07,8.07,6.46,2026-06-26
Vedavaag Systems,22.6,10.2,53.03,-57.14,70.49,5.6,2026-06-26
Veedol Corporat,1467.8,13.35,2557.49,-3.75,14.04,24.23,2026-06-26
Veefin Solutions,322.45,36.15,823.52,,,9.85,2026-06-26
Veejay Lak. Eng.,37.79,,19.16,75.35,36.59,-6.64,2026-06-26
Veekayem Fash.,126.1,7.39,74.09,46.37,34.07,14.11,2026-06-26
Veer Energy,12.41,92.85,18.57,-8.77,-66.53,0.39,2026-06-26
Veer Global Inf.,142.95,174.59,232.2,23.4,-49.52,9.47,2026-06-26
Veerhealth Care,30.7,91.64,61.4,-470.0,198.22,7.21,2026-06-26
Veerkrupa Jewel,0.55,42.41,7.21,-22.22,66.08,0.55,2026-06-26
Vega Jewellers,61.95,7.93,315.21,,,,2026-06-26
Vegorama Punjabi,137.0,18.82,227.57,82.11,33.71,65.66,2026-06-26
Velan Hotels,6.16,,19.69,41.03,,-2.24,2026-06-26
Veljan Denison,1212.1,21.85,545.45,13.47,8.76,14.88,2026-06-26
Vels Film,69.85,,90.16,-12.07,486.54,-12.43,2026-06-26
Venky's (India),1421.5,14.38,2002.51,662.18,30.52,11.89,2026-06-26
Venlon Enterpris,4.25,,22.2,89.51,-11.39,-12.14,2026-06-26
Venmax Drugs,18.26,84.6,21.15,-85.9,1093.94,2.96,2026-06-26
Ventive Hospital,643.9,34.94,15037.74,82.23,11.58,10.81,2026-06-26
Ventura Textiles,9.11,,17.72,87.95,,,2026-06-26
Venus Pipes,1696.5,34.35,3514.49,6.96,17.07,22.5,2026-06-26
Venus Remedies,1947.0,25.32,2602.55,126.19,33.05,21.67,2026-06-26
Veranda Learning,234.37,47.93,2257.47,103.09,51.6,12.79,2026-06-26
Veritaas Adver.,37.05,5.84,10.46,61.54,-8.48,17.03,2026-06-26
Veritas (India),176.25,23.99,472.53,-1348.18,-32.23,1.48,2026-06-26
Vertex Secur.,3.47,,36.12,-166.67,-23.45,-12.04,2026-06-26
Vertexplus Tech.,37.5,,20.55,-201.56,13.27,-12.77,2026-06-26
Vertis Infra.,109.0,23.93,16458.83,54.74,50.57,11.25,2026-06-26
Vertoz,37.92,12.4,323.19,-2.33,13.06,14.16,2026-06-26
Vesuvius India,469.05,36.53,9519.88,-5.83,3.66,21.34,2026-06-26
Veto Switchgears,125.8,9.57,240.47,16.45,55.71,11.74,2026-06-26
Viaz Tyres,64.9,17.62,92.85,59.8,127.63,12.99,2026-06-26
Vibhor Steel,116.37,22.68,220.67,-23.65,16.24,7.92,2026-06-26
Vibrant Glo. Cap,51.91,7.12,118.91,186.4,-45.05,10.91,2026-06-26
Viceroy Hotels,128.42,47.37,867.85,-39.76,36.91,7.12,2026-06-26
Victoria Mills,5300.0,7.88,52.47,13.16,,12.35,2026-06-26
Victory Ele.,16.8,7.83,40.47,,,40.91,2026-06-26
Vidhi Specialty,279.25,28.38,1394.71,10.38,12.01,18.76,2026-06-26
Vidya Wires,97.65,36.02,2076.94,54.53,57.73,20.69,2026-06-26
Vigor Plast,104.3,11.84,107.97,100.0,76.79,35.21,2026-06-26
Vijay Solvex,621.9,10.32,199.17,142.14,43.87,8.58,2026-06-26
Vijay Textiles,5.32,,9.74,80.03,-53.77,-2.2,2026-06-26
Vijaya Diagnost.,1367.8,81.36,14074.21,34.56,26.63,21.29,2026-06-26
Vijaypd Ceutical,82.9,32.31,161.89,,,,2026-06-26
Viji Finance,5.46,39.5,77.81,216.18,298.31,9.78,2026-06-26
Vikalp Securitie,21.0,,6.41,95.24,,-4.72,2026-06-26
Vikas Ecotech,1.23,32.18,217.55,-201.82,-18.92,3.21,2026-06-26
Vikas Lifecare,1.46,14.73,271.22,1533.45,24.72,2.16,2026-06-26
Vikas Proppant,0.28,,14.41,14.29,,0.09,2026-06-26
Vikas Wsp,0.99,,20.24,-9831.71,,-10.14,2026-06-26
Vikram Aroma,73.32,,22.99,126.23,18.24,-0.79,2026-06-26
Vikram Kamats,37.48,243.61,68.21,1370.0,47.46,5.73,2026-06-26
Vikram Solar,185.28,14.15,6713.7,21.86,21.73,30.53,2026-06-26
Vikram Thermo,230.1,18.74,721.54,109.34,39.32,36.42,2026-06-26
Vikran Engg.,70.24,19.57,1811.57,48.31,82.19,16.55,2026-06-26
Vilas Transcore,386.8,23.94,946.89,-26.24,21.66,16.12,2026-06-26
Vilin Bio Med,41.55,32.83,63.36,1680.0,215.89,10.77,2026-06-26
Vimta Labs,598.0,33.88,2671.23,15.23,15.68,25.23,2026-06-26
Vinati Organics,1367.3,29.06,14174.2,7.79,-5.84,21.33,2026-06-26
Vinayak Polycon,25.4,156.4,7.82,-166.67,-0.98,4.36,2026-06-26
Vindhya Telelink,2141.2,11.52,2537.32,-5.89,-18.02,8.14,2026-06-26
Vineet Laborator,34.0,,65.3,114.89,-13.54,-27.95,2026-06-26
Vinit Mobile,,25.0,97.49,,,98.86,2026-06-26
Vinny Overseas,1.18,59.67,54.9,-58.42,14.97,2.44,2026-06-26
Vinsys IT Serv.,464.6,23.04,685.28,9.48,24.08,21.32,2026-06-26
Vintage Coffee,151.17,30.51,2202.37,34.34,57.23,18.18,2026-06-26
Vintage Secur.,16.14,49.33,5.92,100.0,,0.95,2026-06-26
Vinyas Innovativ,1425.65,58.12,1794.14,73.49,22.36,18.7,2026-06-26
Vinyl Chemicals,257.0,37.43,471.26,-36.04,4.03,14.86,2026-06-26
Vinyoflex,51.92,6.98,22.42,145.45,9.97,12.43,2026-06-26
VIP Clothing,25.11,23.07,226.32,82.64,10.21,8.02,2026-06-26
Vippy Spinpro,172.0,8.43,100.96,32.55,26.63,11.87,2026-06-26
Vipul Ltd,12.98,,182.97,-67.56,-18.38,-0.44,2026-06-26
Vipul Organics,259.1,71.45,493.7,150.63,18.44,8.43,2026-06-26
Viram Suvarn,10.83,16.21,122.88,43.3,-18.78,22.33,2026-06-26
Virat Crane Inds,36.52,,74.57,4.88,25.52,-8.08,2026-06-26
Virat Industries,399.8,117.54,580.64,483.33,-34.02,8.5,2026-06-26
VIRAT LEASING,55.2,,143.3,-8.33,-45.45,-4.39,2026-06-26
Virgo Global,6.26,,6.58,32.26,,-33.09,2026-06-26
Virinchi,16.86,,190.02,-233.56,-4.31,1.31,2026-06-26
Virtual Galaxy,144.4,7.79,359.1,195.71,189.21,33.74,2026-06-26
Virtual Global,0.5,,28.31,-950.0,,-0.46,2026-06-26
Virtuoso Optoel.,420.25,84.72,1337.79,122.36,38.15,9.73,2026-06-26
Virya Resources,735.25,,110.29,-157.14,,-4.64,2026-06-26
VISA Chrome,41.16,,600.07,42.57,5.28,-5.58,2026-06-26
Visagar Finan.,0.35,,20.44,58.97,-76.29,1.06,2026-06-26
Visagar Polytex,0.54,,15.81,16.0,,-17.81,2026-06-26
Visaka Industrie,75.44,16.19,651.84,42.71,12.52,7.05,2026-06-26
Visaman Global,107.6,35.58,215.61,283.13,8.74,11.36,2026-06-26
Vishal Bearings,58.5,,63.13,67.35,5.51,4.36,2026-06-26
Vishal Fabrics,20.6,15.85,510.08,53.89,-11.06,10.11,2026-06-26
Vishal Mega Mart,116.39,64.86,54428.33,45.88,22.22,14.79,2026-06-26
Vishnu Chemicals,608.4,28.79,4095.46,11.45,14.69,16.28,2026-06-26
Vishnu Prakash R,29.05,,362.09,-905.36,-74.91,-6.76,2026-06-26
Vishnusurya Pro.,162.0,11.8,419.99,7.23,35.93,19.92,2026-06-26
Vishvprabha Ven.,39.57,,12.34,-6.06,64.08,-0.77,2026-06-26
Vishwaraj Sugar,5.39,,117.41,430.58,-33.39,-3.28,2026-06-26
Vishwas Agri,53.4,24.95,53.4,-93.68,24.72,7.01,2026-06-26
Vision Cinemas,1.24,,8.78,113.33,-41.18,-1.8,2026-06-26
Vision Infra,312.75,11.68,770.69,129.34,30.32,22.62,2026-06-26
Vista Pharma.,6.95,,42.78,-290.67,-100.0,-30.33,2026-06-26
Vistar Amar,207.75,12.8,119.66,293.97,1486.18,25.53,2026-06-26
Vital Chemtech,53.35,124.06,127.78,-28.21,0.2,3.44,2026-06-26
Vivaa Tradecom,71.0,31.77,27.96,-48.08,23.63,5.18,2026-06-26
Vivanta Indust.,1.78,38.22,22.93,51.52,-62.45,2.56,2026-06-26
Vivanza Biosci.,2.0,20.51,8.0,55.0,1225.0,6.11,2026-06-26
Viviana Power,837.9,16.91,848.36,245.25,208.24,50.69,2026-06-26
Vivid Electromech,1368.25,38.47,1216.07,41.69,27.96,58.63,2026-06-26
Vivid Global,21.85,27.33,19.95,125.0,11.37,11.91,2026-06-26
Vivid Mercantile,7.0,6.5,70.18,1957.14,1041.3,23.13,2026-06-26
Vivimed Labs.,5.71,,47.34,-176.76,-56.2,-8.1,2026-06-26
Vivo Bio Tech,23.04,,51.13,-586.79,15.54,7.29,2026-06-26
Vivo Collaborat.,73.75,,14.86,160.0,273.56,-7.22,2026-06-26
Viyash Scientific,269.3,58.9,11765.06,455.37,129.02,19.05,2026-06-26
VJTF Eduservices,58.09,,102.24,6.56,77.91,-1.07,2026-06-26
VK Global,20.98,68.38,8.89,185.0,666.67,3.98,2026-06-26
VL E-Governance,12.95,,140.44,41.0,-76.06,-2.46,2026-06-26
VLS Finance,262.27,37.84,822.97,-87.15,-103.08,0.96,2026-06-26
VMS Industries,22.39,37.53,54.8,-94.16,-3.45,5.08,2026-06-26
VMS TMT,43.6,10.29,216.39,-36.74,12.05,12.95,2026-06-26
Vodafone Idea,14.06,,152330.31,23.08,2.88,-1.6,2026-06-26
Voith Paper,1488.0,14.47,653.23,-10.14,1.37,14.92,2026-06-26
Voler Car,238.5,76.59,265.77,-22.22,25.9,12.05,2026-06-26
Volt.Transform.,10304.0,34.14,10424.68,-50.53,-1.21,24.08,2026-06-26
Voltaire Leasing,13.49,556.0,5.56,78.57,11.76,0.06,2026-06-26
Voltas,1302.4,109.7,43094.43,-51.8,2.52,9.04,2026-06-26
Vraj Iron,117.97,12.16,389.1,55.54,11.24,10.51,2026-06-26
VRL Logistics,239.58,17.7,4191.14,-2.87,5.42,17.92,2026-06-26
Vruddhi Engineer,210.1,17.21,53.02,83.64,64.72,29.89,2026-06-26
Vrundavan Planta,32.56,11.38,20.15,-5.45,103.83,9.06,2026-06-26
VSF Projects,34.99,,57.2,-700.0,,-0.14,2026-06-26
VST Industries,261.1,15.18,4435.07,120.17,30.87,28.18,2026-06-26
VST Till. Tract.,4483.1,36.6,3879.12,-78.82,8.97,13.75,2026-06-26
VTM,58.64,43.94,589.74,-73.38,1.36,5.37,2026-06-26
VVIP Infratech,147.0,12.21,367.05,-36.6,-23.28,18.88,2026-06-26
W H Brady,526.15,27.11,134.17,-59.31,-30.29,8.53,2026-06-26
W I Plywoods,174.52,329.16,148.12,-218.18,-1.93,4.04,2026-06-26
W S Inds.,67.41,216.78,511.61,273.86,-47.49,3.06,2026-06-26
Waa Solar,52.6,107.35,69.78,-114.19,36.8,3.28,2026-06-26
Waaree Energies,3009.4,22.05,86565.79,70.64,111.8,38.78,2026-06-26
Waaree Renewab.,1020.65,22.25,10650.05,60.69,131.31,83.61,2026-06-26
Waaree Tech.,262.65,,282.83,18.81,-34.7,-32.23,2026-06-26
Wagend Infra,1.14,179.0,5.37,118.18,,0.5,2026-06-26
Wakefit Innovati,119.83,20.58,3970.35,564.05,13.55,11.19,2026-06-26
Walchan. Inds.,273.75,,1857.18,104.03,75.24,4.28,2026-06-26
Walchand People,136.3,11.41,39.58,-122.86,18.45,15.66,2026-06-26
Wallfort Fin.,78.05,,75.61,24.06,1.41,-2.2,2026-06-26
Walpar Nutrition,25.25,9.6,23.71,13.46,7.8,14.84,2026-06-26
Wanbury,274.35,13.75,958.56,24.14,-4.31,30.78,2026-06-26
Wardwizard Foods,9.55,187.46,245.57,339.71,3.35,4.33,2026-06-26
Wardwizard Inno.,6.73,103.82,202.45,-90.45,8.68,7.04,2026-06-26
Warren Tea,46.13,,55.13,17.53,,-1.82,2026-06-26
Waterbase,44.09,,182.65,38.67,3.85,-7.35,2026-06-26
Waterways Leisur,,112.19,5849.48,,,63.99,2026-06-26
We Win Ltd,48.5,10.95,49.28,-12.84,51.65,10.91,2026-06-26
Wealth First Por,994.9,27.42,1060.07,345.22,606.44,34.63,2026-06-26
Websol Energy,101.48,14.49,4405.89,152.31,132.07,63.18,2026-06-26
Weizmann,85.55,22.43,132.55,104.15,-10.73,13.99,2026-06-26
Welcast Steels,699.0,,44.74,626.32,-85.97,-4.1,2026-06-26
Welcure Drugs,0.26,,32.13,-2062.99,-100.0,-3.4,2026-06-26
Welspun Corp,1455.1,23.8,38384.18,19.76,9.87,22.91,2026-06-26
Welspun Enterp,572.45,20.15,7923.5,46.99,13.81,16.76,2026-06-26
Welspun Investme,1798.9,216.7,656.6,,116.67,0.58,2026-06-26
Welspun Living,167.32,73.68,16048.54,-21.33,-7.95,6.25,2026-06-26
Welspun Special.,58.09,169.79,3849.11,19.66,9.79,10.17,2026-06-26
Welterman Intl.,24.79,,11.01,-1200.0,,,2026-06-26
Wendt India,7559.5,103.91,1511.9,-60.51,-11.67,9.16,2026-06-26
WEP Solutions,24.4,43.62,89.86,32.22,-2.54,6.06,2026-06-26
West Coast Paper,496.85,21.79,3281.69,17.87,19.59,6.16,2026-06-26
West Leisure,84.9,518.4,25.92,106.67,190.91,0.51,2026-06-26
Western Carriers,101.01,26.53,1029.85,-41.34,15.67,6.79,2026-06-26
Western Overseas,20.03,4.41,12.04,,,38.98,2026-06-26
Westlife Food,486.3,1472.46,7583.18,56.58,8.66,6.11,2026-06-26
Wework India,626.55,113.49,8683.37,71.84,29.35,20.57,2026-06-26
Wheels India,1674.4,26.39,4091.06,51.91,22.46,18.83,2026-06-26
Wherrelz IT,148.75,26.36,5.8,99.89,192.08,0.52,2026-06-26
Whirlpool India,802.8,32.42,10185.27,-29.67,8.78,11.07,2026-06-26
White Organic,3.76,13.43,13.16,-210.53,213.33,2.5,2026-06-26
Williamson Fin.,7.77,,6.5,106.9,,-5.8,2026-06-26
Williamson Magor,26.18,,28.69,-116.43,-87.76,0.43,2026-06-26
Wim Plast,335.3,6.68,402.47,-1.78,-10.56,14.85,2026-06-26
Windlas Biotech,859.0,26.68,1772.65,-1.66,17.66,15.9,2026-06-26
Windsor Machines,305.15,2232.44,2701.25,212.7,52.82,2.11,2026-06-26
Winny Immigratio,41.25,,8.95,-75.38,-88.27,-98.17,2026-06-26
Winsol Engineers,124.25,9.99,143.32,43.75,2.31,24.61,2026-06-26
Winsome Brew.,21.59,,59.74,-311.63,,-1.28,2026-06-26
Winsome Textile,92.67,6.91,183.67,12.82,8.61,14.43,2026-06-26
Winsome Yarns,2.14,,15.13,-94.68,85.71,-13.51,2026-06-26
Wipro,175.0,13.96,183812.12,-1.9,7.7,17.84,2026-06-26
Wires & Fabriks,142.9,168.19,43.73,-51.61,8.2,5.52,2026-06-26
Wise Travel,112.0,9.05,266.69,31.67,46.57,16.31,2026-06-26
Wockhardt,1965.2,112.41,31932.96,687.64,29.88,7.55,2026-06-26
WOL 3D India,125.05,12.1,80.68,6.77,119.76,20.65,2026-06-26
Womancart,104.8,12.24,84.61,-46.8,125.81,12.63,2026-06-26
Wonder Electric.,97.28,143.1,1303.63,-38.26,-19.17,9.87,2026-06-26
Wonderla Holiday,495.8,36.98,3145.85,24.52,40.37,6.42,2026-06-26
Woodsvilla,14.59,,8.77,90.0,27.27,0.21,2026-06-26
Workmates Core2,290.0,22.87,374.65,-0.42,21.46,37.23,2026-06-26
Worldwide Alumi.,19.59,49.54,6.44,233.33,-37.38,2.89,2026-06-26
Worth Investment,4.17,44.17,154.59,6600.0,560.8,5.21,2026-06-26
Worth Peripheral,130.52,13.95,205.58,-28.89,6.98,12.9,2026-06-26
WPIL,493.55,30.47,4820.54,3032.35,-10.6,14.57,2026-06-26
WSFX Global,61.21,12.63,77.57,129.41,20.09,18.17,2026-06-26
Xchanging Sol.,62.46,11.7,695.83,10.85,1.1,18.02,2026-06-26
Xelpmoc Design,85.99,,127.26,-5.33,52.11,-10.56,2026-06-26
XPRO India,1341.2,164.03,3147.85,97.41,-15.07,3.78,2026-06-26
XT Global Infot.,30.96,36.01,415.25,408.47,2.84,8.48,2026-06-26
Yaan Enterprises,98.0,38.95,30.38,78.26,475.31,17.31,2026-06-26
Yaap Digital,177.0,20.07,370.51,84.08,28.14,30.86,2026-06-26
Yaashvi Jewellers,90.81,8.75,160.02,,,45.55,2026-06-26
Yajur Fibres,41.04,12.38,93.09,-37.41,-17.25,8.96,2026-06-26
Yamini Invest,0.64,177.11,33.65,87.63,68.24,0.36,2026-06-26
Yamuna Syndicate,28200.0,16.61,866.77,3.08,18.76,4.13,2026-06-26
Yarn Syndicate,16.28,,6.11,221.43,-91.64,3.77,2026-06-26
Yash Chemex,52.64,26.69,53.92,-150.0,36.84,6.44,2026-06-26
Yash Highvoltage,876.9,64.48,2508.82,68.89,46.53,28.66,2026-06-26
Yash Innoventure,31.01,,49.71,66.27,,-3.85,2026-06-26
Yash Mgmt & Sat.,9.75,90.92,16.58,168.06,184.17,1.48,2026-06-26
Yash Optics,119.65,32.74,296.32,17.66,29.1,12.84,2026-06-26
Yash Trad.& Fin.,163.8,1170.0,163.8,100.0,,6.21,2026-06-26
Yashhtej Industries,48.5,8.93,111.94,19.19,-52.55,15.05,2026-06-26
Yasho Industries,2868.5,136.92,3458.58,143.74,33.25,8.98,2026-06-26
Yashraj Contain.,4.59,,7.8,12.5,,,2026-06-26
Yasons Chemex,9.8,20.13,18.92,69.23,0.85,5.26,2026-06-26
Yatharth Hospit.,837.05,45.99,8065.34,22.73,47.36,12.37,2026-06-26
Yatra Online,109.69,34.21,1721.21,-46.12,-13.68,7.24,2026-06-26
Yes Bank,24.87,22.23,78058.88,45.35,0.51,5.98,2026-06-26
Yogi Infra Proj.,7.62,,12.84,3065.71,-77.61,3.65,2026-06-26
Yogi Ltd,169.8,36.9,764.1,92.55,41.64,12.75,2026-06-26
York Exports,49.11,2.9,16.51,-33.33,-54.75,14.22,2026-06-26
Yudiz Solutions,28.1,44.62,29.0,210.62,16.02,2.54,2026-06-26
Yug Decor,24.7,499.62,39.97,-77.61,10.26,5.72,2026-06-26
Yuken India,748.95,70.31,1017.37,-25.89,6.78,7.4,2026-06-26
Yunik Managing,7.3,,10.43,-700.0,,-108.7,2026-06-26
Yuranus Infrast.,110.0,98.72,38.5,600.0,60.58,13.04,2026-06-26
Yuvraaj Hygiene,7.85,21.5,71.17,-40.94,33.85,29.67,2026-06-26
Z F Steering,676.15,39.39,613.27,-100.78,27.24,6.48,2026-06-26
Z-Tech (India),617.2,24.88,892.36,125.18,68.13,19.76,2026-06-26
Zaggle Prepaid,205.6,20.81,2764.47,18.18,44.05,13.49,2026-06-26
Zeal Aqua,12.07,15.13,152.16,-62.36,33.42,13.26,2026-06-26
Zeal Global Serv,68.0,8.12,90.51,21.15,-42.16,16.57,2026-06-26
Zee Entertainmen,111.36,38.31,10696.34,-154.98,-7.29,2.75,2026-06-26
Zee Learn,8.93,12.77,292.66,-4.21,11.4,12.97,2026-06-26
Zee Media,8.23,77.29,514.73,15.44,1.27,5.27,2026-06-26
Zelio E-Mobility,567.45,42.82,1200.16,80.92,75.65,38.41,2026-06-26
Zen Technologies,1771.2,82.93,15992.23,-68.8,-45.2,16.18,2026-06-26
Zenith Drugs,46.25,19.06,79.31,-4.73,41.7,9.05,2026-06-26
Zenith Exports,200.04,47.17,108.02,74.47,-37.29,4.47,2026-06-26
Zenith Fibres,52.3,7.07,20.63,98.15,-22.0,6.81,2026-06-26
Zenith Health,3.06,1644.0,16.44,-409.09,-23.62,0.27,2026-06-26
Zenith Steel,5.59,25.33,79.53,-96.3,-54.51,,2026-06-26
Zenlabs Ethica,32.91,1071.0,21.42,-100.0,-18.55,5.07,2026-06-26
Zenotech Lab.,45.75,,279.21,-347.58,-18.47,4.59,2026-06-26
Zensar Tech.,445.4,12.77,10134.36,19.17,6.73,23.54,2026-06-26
ZF Commercial,2616.0,58.09,29771.52,12.91,12.92,19.98,2026-06-26
Zim Laboratories,124.9,153.75,668.83,-23.36,-3.18,4.76,2026-06-26
Zinema Media,18.18,43.18,22.02,25.0,906.06,4.59,2026-06-26
Zodiac Cloth. Co,83.28,,228.67,-65.72,-6.9,-8.03,2026-06-26
Zodiac Energy,275.9,19.8,417.26,12.61,23.22,15.86,2026-06-26
Zodiac Vent.,1.7,9.13,14.06,133.33,200.0,6.95,2026-06-26
Zodiac-JRD MKJ,35.97,10.5,39.48,13400.0,67.79,6.96,2026-06-26
Zota Health Care,1389.5,,4812.2,31.12,67.76,-8.47,2026-06-26
ZR2 Bioenergy,106.1,168.9,168.9,81.82,,0.7,2026-06-26
Zuari Agro Chem.,230.98,3.27,971.46,-212.74,-80.32,16.38,2026-06-26
Zuari Industries,260.65,6.69,776.25,-56.79,4.15,5.45,2026-06-26
Zydus Lifesci.,1101.4,20.43,110826.61,21.92,16.22,21.15,2026-06-26
Zydus Wellness,518.1,71.02,16483.91,-5.76,62.6,4.96,2026-06-26
